"species","centroid_hist_X","centroid_hist_Y","centroid_rec_X","centroid_rec_Y","Eucl_distance","NS_shift","EW_shift","shift_direction","n_cells_hist","n_cells_rec","D","shift_p_D_NA","shift_p_E_NA","shift_p_S_NA","shift_p_U_NA","shift_p_D_A","shift_p_E_A","shift_p_S_A","shift_p_U_A","cons_p_D_NA","cons_p_E_NA","cons_p_S_NA","cons_p_U_NA","cons_p_D_A","cons_p_E_A","cons_p_S_A","cons_p_U_A","rS_NA","rE_NA","rU_NA","rS_A","rE_A","rU_A","range_stability_std","range_unfilling_std","range_expansion_std"
"Acrocephalus arundinaceus",4671018.79508425,2843627.30056344,4697707.51075206,2888997.04498605,52637.4510493276,45369.7444226132,26688.7156678084,34.1092443200519,1245,1312,0.948555691006952,1,0.586413586413586,0.586413586413586,1,1,0.57042957042957,0.57042957042957,1,0.000999000999000999,0.417582417582418,0.417582417582418,0.000999000999000999,0.000999000999000999,0.393606393606394,0.393606393606394,0.000999000999000999,0.995597550716839,0.00440244928316127,0,0.995597550716839,0.00440244928316127,0,0.995597550716839,0,0.00440244928316127
"Acrocephalus paludicola",5120702.49744516,3360271.02552902,5189333.72861469,3370440.54505934,69380.5809958613,10169.5195303243,68631.2311695311,90.9808071827909,54,41,0.643319359986142,0.995004995004995,0.995004995004995,0.995004995004995,0.997002997002997,0.997002997002997,0.992007992007992,0.992007992007992,0.997002997002997,0.002997002997003,0.00799200799200799,0.00799200799200799,0.000999000999000999,0.003996003996004,0.010989010989011,0.010989010989011,0.001998001998002,0.989892409286523,0.0101075907134773,0.252792239882684,0.989892409286523,0.0101075907134773,0.252792239882684,0.741550039605327,0.250878143272349,0.00757181712232327
"Acrocephalus palustris",4841587.39217933,3238676.86486093,4829802.29826954,3273255.28073021,36531.5655631081,34578.4158692816,-11785.0939097945,-12.8497803912633,1152,1226,0.953254960064214,1,0.948051948051948,0.948051948051948,1,1,0.947052947052947,0.947052947052947,1,0.002997002997003,0.0579420579420579,0.0579420579420579,0.002997002997003,0.000999000999000999,0.051948051948052,0.051948051948052,0.000999000999000999,0.997917747286454,0.00208225271354595,0.00235145450251403,0.997917747286454,0.00208225271354595,0.00235145450251403,0.995576063767959,0.00234656966955731,0.00207736656248399
"Acrocephalus schoenobaenus",4676976.34137048,3475153.70618324,4683155.07502566,3509138.14356507,34541.5508299984,33984.4373818319,6178.73365518451,14.7158157470186,1454,1401,0.951629309194517,1,1,1,1,1,1,1,1,0.001998001998002,0.195804195804196,0.195804195804196,0.001998001998002,0.000999000999000999,0.1998001998002,0.1998001998002,0.000999000999000999,1,0,0.0243849842310305,1,0,0.0243849842310305,0.975615015768969,0.0243849842310305,0
"Acrocephalus scirpaceus",4517394.59600482,3003413.66575382,4529682.29250138,2996121.41030983,14288.6134614931,-7292.25544399023,12287.6964965593,122.825016253621,1453,1623,0.93151611575773,1,0.706293706293706,0.706293706293706,1,1,0.694305694305694,0.694305694305694,1,0.000999000999000999,0.304695304695305,0.304695304695305,0.000999000999000999,0.000999000999000999,0.307692307692308,0.307692307692308,0.000999000999000999,0.996528371859175,0.00347162814082478,0,0.996528371859175,0.00347162814082478,0,0.996528371859175,0,0.00347162814082478
"Aegithalos caudatus",4450945.24617591,3033253.96228874,4479594.45122684,3048044.46350039,32241.8342552333,14790.5012116488,28649.2050509285,64.122928184783,1777,1840,0.959145353911089,1,0.888111888111888,0.888111888111888,1,1,0.879120879120879,0.879120879120879,1,0.001998001998002,0.114885114885115,0.114885114885115,0.001998001998002,0.000999000999000999,0.120879120879121,0.120879120879121,0.000999000999000999,0.996417608716774,0.00358239128322546,0.000434786616093369,0.996417608716774,0.00358239128322546,0.000434786616093369,0.995985931000032,0.000433229715097926,0.00358083928487046
"Alectoris graeca",4768832.57913025,2214608.37433272,4748365.7637602,2260965.88139885,50674.5398871879,46357.5070661348,-20466.8153700437,-19.7912966682023,179,144,0.82797421468621,1,1,1,1,1,1,1,1,0.001998001998002,0.001998001998002,0.001998001998002,0.001998001998002,0.000999000999000999,0.003996003996004,0.003996003996004,0.000999000999000999,1,0,0.0659866612676557,1,0,0.0659866612676557,0.934013338732344,0.0659866612676557,0
"Alectoris rufa",3480040.77632534,2494095.82028745,3526608.20060324,2516654.32122813,51743.7046274106,22558.5009406838,46567.4242778993,56.0479177654274,463,519,0.909687194652631,1,0.914085914085914,0.914085914085914,1,1,0.909090909090909,0.909090909090909,1,0.001998001998002,0.0819180819180819,0.0819180819180819,0.001998001998002,0.000999000999000999,0.0929070929070929,0.0929070929070929,0.000999000999000999,0.96760671641237,0.0323932835876299,0,0.96760671641237,0.0323932835876299,0,0.96760671641237,0,0.0323932835876299
"Anser brachyrhynchus",3589616.56189916,5341742.00040841,3583558.13729662,5286874.60504331,55200.8657795815,-54867.395365105,-6058.42460253695,168.339876536947,26,33,0.939757310350856,1,0.986013986013986,0.986013986013986,1,1,0.994005994005994,0.994005994005994,1,0.000999000999000999,0.011988011988012,0.011988011988012,0.000999000999000999,0.001998001998002,0.015984015984016,0.015984015984016,0.001998001998002,0.960677278790756,0.039322721209244,0.0105763332755783,0.960677278790756,0.039322721209244,0.0105763332755783,0.950912310835701,0.0101646704576452,0.0389230187066541
"Anthus campestris",4609199.49237946,2654635.381099,4608211.60163952,2609400.94692603,45245.2203338915,-45234.4341729651,-987.890739948489,-175.937520345725,852,778,0.896212716958756,1,0.813186813186813,0.813186813186813,1,1,0.828171828171828,0.828171828171828,1,0.001998001998002,0.171828171828172,0.171828171828172,0.001998001998002,0.001998001998002,0.156843156843157,0.156843156843157,0.001998001998002,0.996037036801719,0.00396296319828132,0.00393884241628902,0.996037036801719,0.00396296319828132,0.00393884241628902,0.992129290502767,0.00392329416936088,0.00394741532787211
"Anthus petrosus",4005103.09348872,3907572.63443071,4014176.2184202,3928397.80676846,22715.8402644297,20825.1723377472,9073.12493147841,19.025527028003,234,225,0.946577511386346,1,1,1,1,1,1,1,1,0.001998001998002,0.0979020979020979,0.0979020979020979,0.001998001998002,0.000999000999000999,0.0989010989010989,0.0989010989010989,0.000999000999000999,1,0,0.031720851673368,1,0,0.031720851673368,0.968279148326632,0.031720851673368,0
"Anthus pratensis",4498815.4558578,3675137.54898498,4471407.86799206,3678556.18490816,27619.9736457697,3418.63592317328,-27407.5878657317,-80.5895191065475,1381,1360,0.977803184957507,1,0.93006993006993,0.93006993006993,1,1,0.938061938061938,0.938061938061938,1,0.001998001998002,0.0829170829170829,0.0829170829170829,0.001998001998002,0.001998001998002,0.0689310689310689,0.0689310689310689,0.001998001998002,0.999913550141123,8.64498588768287e-05,0.0027861408055737,0.999913550141123,8.64498588768287e-05,0.0027861408055737,0.997127890366728,0.0027859006151104,8.62090181618075e-05
"Anthus trivialis",4599687.79801843,3330528.47755623,4589514.19095873,3320691.13643379,14151.8748215365,-9837.34112243727,-10173.6070597032,-130.737105452035,1751,1740,0.974239290516049,1,0.914085914085914,0.914085914085914,1,1,0.912087912087912,0.912087912087912,1,0.000999000999000999,0.106893106893107,0.106893106893107,0.000999000999000999,0.000999000999000999,0.0719280719280719,0.0719280719280719,0.000999000999000999,0.99924910809185,0.000750891908150103,0.00390008195248617,0.99924910809185,0.000750891908150103,0.00390008195248617,0.995354869615872,0.00389716482550993,0.0007479655586179
"Apus apus",4502958.45742775,3115065.01635337,4516066.85404138,3105477.03341602,16240.673587858,-9587.98293735506,13108.3966136342,128.211638682683,1968,1970,0.989335380412261,1,1,1,1,1,1,1,1,0.000999000999000999,0.0889110889110889,0.0889110889110889,0.000999000999000999,0.001998001998002,0.104895104895105,0.104895104895105,0.001998001998002,1,0,0.000323569531879482,1,0,0.000323569531879482,0.99967643046812,0.000323569531879482,0
"Apus pallidus",4132172.50030851,1974700.49051651,4095683.76094389,2048435.87322314,82269.8897733065,73735.3827066266,-36488.7393646222,-27.7300866422583,166,285,0.883070038632873,1,0.946053946053946,0.946053946053946,1,1,0.933066933066933,0.933066933066933,1,0.001998001998002,0.0729270729270729,0.0729270729270729,0.001998001998002,0.000999000999000999,0.0619380619380619,0.0619380619380619,0.000999000999000999,0.966345845111407,0.0336541548885935,0.00310378410805576,0.966345845111407,0.0336541548885935,0.00310378410805576,0.96344715332953,0.0029996422052623,0.0335532044652073
"Aquila adalberti",2956344.88128768,1915488.84947656,3021949.40253361,1929762.51275538,67139.3377335944,14273.6632788137,65604.5212459378,65.8682243694668,30,42,0.703122691022264,0.998001998001998,0.993006993006993,0.993006993006993,0.994005994005994,0.998001998001998,0.994005994005994,0.994005994005994,0.998001998001998,0.002997002997003,0.004995004995005,0.004995004995005,0.003996003996004,0.000999000999000999,0.000999000999000999,0.000999000999000999,0.001998001998002,0.80429455357418,0.19570544642582,0.0328129398091554,0.80429455357418,0.19570544642582,0.0328129398091554,0.782931010188585,0.0265618401749193,0.190507149636496
"Aquila chrysaetos",4425846.28857444,3164574.56524839,4417767.80434123,3270321.16260238,106054.72530469,105746.597353991,-8078.48423321359,-3.17717215653178,695,812,0.924375846530507,1,1,1,1,1,1,1,1,0.000999000999000999,0.462537462537463,0.462537462537463,0.000999000999000999,0.000999000999000999,0.462537462537463,0.462537462537463,0.000999000999000999,1,0,0.0190756749048974,1,0,0.0190756749048974,0.980924325095103,0.0190756749048974,0
"Branta leucopsis",4381394.26386287,4417172.05358506,4421728.22059959,3953124.53728335,465797.086134967,-464047.51630171,40333.956736722,176.061366834552,41,281,0.705995341546477,1,0.88011988011988,0.88011988011988,1,1,0.897102897102897,0.897102897102897,1,0.000999000999000999,0.127872127872128,0.127872127872128,0.000999000999000999,0.000999000999000999,0.103896103896104,0.103896103896104,0.000999000999000999,0.970918181171083,0.029081818828917,0.0310686732360884,0.970918181171083,0.029081818828917,0.0310686732360884,0.941603812074008,0.0301924195731063,0.0282037683528853
"Buteo buteo",4527269.87824686,3050396.24331133,4509565.24389556,3041030.13113651,20029.4317139684,-9366.11217482062,-17704.6343512991,-115.606761117196,1895,1936,0.976656243206731,1,0.913086913086913,0.913086913086913,1,1,0.915084915084915,0.915084915084915,1,0.003996003996004,0.0949050949050949,0.0949050949050949,0.003996003996004,0.000999000999000999,0.0829170829170829,0.0829170829170829,0.000999000999000999,0.999978639038679,2.13609613204847e-05,0.00011235163371489,0.999978639038679,2.13609613204847e-05,0.00011235163371489,0.999866292204522,0.00011234923404562,2.13585614328419e-05
"Caprimulgus ruficollis",3108632.12539844,1959143.6892079,3131781.09949623,1949247.64693781,25175.5169637422,-9896.04227009951,23148.9740977883,102.590416214338,102,110,0.917385056248272,1,0.999000999000999,0.999000999000999,1,1,1,1,1,0.000999000999000999,0.000999000999000999,0.000999000999000999,0.000999000999000999,0.000999000999000999,0.000999000999000999,0.000999000999000999,0.000999000999000999,0.990679354287809,0.00932064571219149,0.0213162610192364,0.990679354287809,0.00932064571219149,0.0213162610192364,0.969754446675946,0.0211217762046785,0.00912377711937549
"Carduelis carduelis",4480765.99505855,2891019.60559263,4484597.60946429,2970986.11469039,80058.2528302789,79966.5090977629,3831.61440573819,4.42056918298006,1765,1873,0.947982214754089,1,0.49050949050949,0.49050949050949,1,1,0.511488511488511,0.511488511488511,1,0.000999000999000999,0.493506493506494,0.493506493506494,0.000999000999000999,0.001998001998002,0.491508491508492,0.491508491508492,0.001998001998002,0.99564379857247,0.00435620142752971,0,0.99564379857247,0.00435620142752971,0,0.99564379857247,0,0.00435620142752971
"Carduelis citrinella",3841630.95928123,2421286.0277433,3827298.12849041,2397544.01579138,27732.8896800067,-23742.0119519187,-14332.8307908233,-153.397264947073,140,138,0.913344343243439,1,1,1,1,1,1,1,1,0.000999000999000999,0.000999000999000999,0.000999000999000999,0.000999000999000999,0.001998001998002,0.001998001998002,0.001998001998002,0.001998001998002,0.960162463772471,0.0398375362275287,0.000662959088697083,0.960162463772471,0.0398375362275287,0.000662959088697083,0.959551257719354,0.000636565244089881,0.039812177036556
"Certhia brachydactyla",4249870.37020888,2627404.2184293,4264973.97994245,2627837.79258633,15109.8316844899,433.574157027528,15103.6097335694,87.6377496268481,1087,1126,0.96869854059803,1,0.969030969030969,0.969030969030969,1,1,0.969030969030969,0.969030969030969,1,0.000999000999000999,0.046953046953047,0.046953046953047,0.000999000999000999,0.001998001998002,0.036963036963037,0.036963036963037,0.001998001998002,0.996305859106793,0.00369414089320688,0.000348480854114033,0.996305859106793,0.00369414089320688,0.000348480854114033,0.995959947726516,0.000347193963696116,0.00369285830978772
"Cettia cetti",3950033.02305914,2266205.71053641,3957174.47296573,2341040.93905052,75175.2069071108,74835.228514106,7141.44990659785,2.1500425514455,598,671,0.92643690753126,1,0.944055944055944,0.944055944055944,1,1,0.944055944055944,0.944055944055944,1,0.001998001998002,0.0639360639360639,0.0639360639360639,0.001998001998002,0.000999000999000999,0.0549450549450549,0.0549450549450549,0.000999000999000999,0.993063238750214,0.00693676124978625,0.0034106660714283,0.993063238750214,0.00693676124978625,0.0034106660714283,0.989699646935458,0.00338708723020436,0.00691326583433813
"Charadrius hiaticula",4305876.4483712,4078374.30091629,4335366.4120044,4075739.45137113,29607.4380386668,-2634.84954516264,29489.9636332067,94.8988017825073,626,637,0.956874675363152,1,0.91008991008991,0.91008991008991,1,1,0.91008991008991,0.91008991008991,1,0.001998001998002,0.11988011988012,0.11988011988012,0.001998001998002,0.001998001998002,0.0899100899100899,0.0899100899100899,0.001998001998002,0.999950229451821,4.97705481791345e-05,0.00444724299905424,0.999950229451821,4.97705481791345e-05,0.00444724299905424,0.995503428140932,0.00444702264164394,4.95492174244949e-05
"Ciconia ciconia",4814503.31565627,2918622.68800251,4692989.64609168,2863154.66649233,133574.972585833,-55468.0215101726,-121513.669564593,-109.282770971746,919,1109,0.89781576697826,0.999000999000999,0.914085914085914,0.914085914085914,1,0.999000999000999,0.92007992007992,0.92007992007992,1,0.002997002997003,0.0919080919080919,0.0919080919080919,0.000999000999000999,0.000999000999000999,0.0859140859140859,0.0859140859140859,0.000999000999000999,0.996977953956749,0.00302204604325094,0.000200680117359849,0.996977953956749,0.00302204604325094,0.000200680117359849,0.996778484814764,0.000200073774142875,0.00302144141109343
"Cinclus cinclus",4272710.50632323,3136730.83829723,4297583.14373574,3196247.77736264,64505.148070294,59516.9390654131,24872.6374125155,22.1375378641257,1035,1018,0.930440151029013,1,0.94005994005994,0.94005994005994,1,1,0.953046953046953,0.953046953046953,1,0.000999000999000999,0.04995004995005,0.04995004995005,0.000999000999000999,0.000999000999000999,0.0539460539460539,0.0539460539460539,0.000999000999000999,0.999394586517715,0.000605413482285349,0.0139811193863201,0.999394586517715,0.000605413482285349,0.0139811193863201,0.985430272524351,0.0139727732987041,0.000596954176945397
"Circus aeruginosus",4692541.39256858,3099896.39820765,4631420.31952418,3149179.28036544,78514.8905869261,49282.882157784,-61121.0730444007,-47.0061995796475,1179,1421,0.911507120506707,1,0.835164835164835,0.835164835164835,1,1,0.85014985014985,0.85014985014985,1,0.000999000999000999,0.177822177822178,0.177822177822178,0.000999000999000999,0.000999000999000999,0.16983016983017,0.16983016983017,0.000999000999000999,0.986386339674242,0.0136136603257581,0.000292158402137131,0.986386339674242,0.0136136603257581,0.000292158402137131,0.986102080685778,0.000288182203089236,0.0136097371111333
"Circus pygargus",4344040.40784027,2833281.59346052,4490064.70585558,2934574.10959932,177716.823729753,101292.516138797,146024.298015309,55.5013939996478,816,927,0.894883544988826,1,0.922077922077922,0.922077922077922,1,1,0.916083916083916,0.916083916083916,1,0.000999000999000999,0.0789210789210789,0.0789210789210789,0.000999000999000999,0.000999000999000999,0.0919080919080919,0.0919080919080919,0.000999000999000999,0.993129382332694,0.00687061766730614,0.00040762460287965,0.993129382332694,0.00687061766730614,0.00040762460287965,0.992727338627356,0.00040482510384794,0.00686783626879547
"Coccothraustes coccothraustes",4582519.86205661,2981959.17040836,4585430.14474711,3060664.97622557,78759.5937945023,78705.8058172101,2910.28269049805,4.93380674819795,1398,1586,0.923905266858494,1,0.864135864135864,0.864135864135864,1,1,0.848151848151848,0.848151848151848,1,0.001998001998002,0.163836163836164,0.163836163836164,0.001998001998002,0.001998001998002,0.153846153846154,0.153846153846154,0.001998001998002,0.993074431029751,0.00692556897024936,0.000189935921538728,0.993074431029751,0.00692556897024936,0.000189935921538728,0.992887116580472,0.000188620755328627,0.00692426266419911
"Columba oenas",4428725.75911025,3119239.641081,4495933.01356992,3171924.66317502,85396.2915181611,52685.0220940206,67207.2544596735,53.118683178479,1354,1377,0.932303931091816,1,0.934065934065934,0.934065934065934,1,1,0.949050949050949,0.949050949050949,1,0.001998001998002,0.0609390609390609,0.0609390609390609,0.001998001998002,0.001998001998002,0.0699300699300699,0.0699300699300699,0.001998001998002,0.994026593858259,0.00597340614174106,0.00272987311969249,0.994026593858259,0.00597340614174106,0.00272987311969249,0.991329192628543,0.00271361072870873,0.00595719664274789
"Columba palumbus",4475848.08161386,3147931.3238715,4478977.13276806,3159703.99472915,12181.4096166284,11772.6708576488,3129.05115419254,16.6305626470832,1990,2029,0.982115060803527,1,0.302697302697303,0.302697302697303,1,1,0.318681318681319,0.318681318681319,1,0.001998001998002,0.708291708291708,0.708291708291708,0.001998001998002,0.000999000999000999,0.696303696303696,0.696303696303696,0.000999000999000999,0.999228446732364,0.000771553267636247,1.30912327892325e-05,0.999228446732364,0.000771553267636247,1.30912327892325e-05,0.999215375692816,1.30811323379236e-05,0.000771543174845847
"Coracias garrulus",4775090.37277098,2679012.98918653,4743127.53028233,2386670.32052629,294084.782366151,-292342.668660242,-31962.8424886512,-169.37321132024,522,347,0.749938410901293,1,0.96003996003996,0.96003996003996,1,1,0.952047952047952,0.952047952047952,1,0.000999000999000999,0.0589410589410589,0.0589410589410589,0.000999000999000999,0.000999000999000999,0.045954045954046,0.045954045954046,0.000999000999000999,0.993441044434429,0.0065589555655707,0.0712420878821505,0.993441044434429,0.0065589555655707,0.0712420878821505,0.92309756944751,0.0708079008623664,0.0060945296901231
"Crex crex",4818400.89120769,3335718.19515606,4852911.77416048,3392598.33154072,66530.8271203522,56880.1363846557,34510.8829527898,37.1713925242834,1086,1201,0.909919700968493,1,0.983016983016983,0.983016983016983,1,1,0.983016983016983,0.983016983016983,1,0.000999000999000999,0.028971028971029,0.028971028971029,0.000999000999000999,0.000999000999000999,0.018981018981019,0.018981018981019,0.000999000999000999,0.994565769369654,0.00543423063034619,0.00797450731808399,0.994565769369654,0.00543423063034619,0.00797450731808399,0.986677355334467,0.00793151572086198,0.00539112894467081
"Cyanistes caeruleus",4503205.49985352,3079160.33258149,4508178.52282179,3137009.26736448,58062.2959670873,57848.9347829903,4973.02296827361,6.93009720052742,1965,2041,0.963510971956767,1,0.463536463536464,0.463536463536464,1,1,0.473526473526474,0.473526473526474,1,0.001998001998002,0.546453546453546,0.546453546453546,0.001998001998002,0.000999000999000999,0.532467532467532,0.532467532467532,0.000999000999000999,0.997979284993926,0.00202071500607432,0.000372119889117253,0.997979284993926,0.00202071500607432,0.000372119889117253,0.997608667203138,0.000371368220122936,0.00201996457673914
"Cygnus olor",4518423.19747312,3271096.49480804,4559322.72998809,3187966.1538277,92646.7773398046,-83130.3409803421,40899.5325149735,156.08848317558,1039,1413,0.848589969791219,0.999000999000999,0.884115884115884,0.884115884115884,1,0.999000999000999,0.887112887112887,0.887112887112887,1,0.002997002997003,0.127872127872128,0.127872127872128,0.000999000999000999,0.001998001998002,0.104895104895105,0.104895104895105,0.000999000999000999,0.957294888790909,0.0427051112090914,0,0.957294888790909,0.0427051112090914,0,0.957294888790909,0,0.0427051112090914
"Dendrocopos major",4534935.23381377,3158503.64963503,4509659.1498786,3149489.97889175,26835.1761567907,-9013.67074328475,-25276.0839351676,-107.2054095332,1900,1943,0.976137626488005,1,0.959040959040959,0.959040959040959,1,1,0.956043956043956,0.956043956043956,1,0.000999000999000999,0.043956043956044,0.043956043956044,0.000999000999000999,0.001998001998002,0.042957042957043,0.042957042957043,0.001998001998002,0.997972899023206,0.00202710097679401,0,0.997972899023206,0.00202710097679401,0,0.997972899023206,0,0.00202710097679401
"Emberiza calandra",4392548.30027747,2697202.99564394,4486099.98006107,2674823.42422555,96191.2782283474,-22379.5714183883,93551.6797835967,104.227233011089,1328,1331,0.933178507648631,1,0.805194805194805,0.805194805194805,1,1,0.804195804195804,0.804195804195804,1,0.000999000999000999,0.180819180819181,0.180819180819181,0.000999000999000999,0.001998001998002,0.214785214785215,0.214785214785215,0.001998001998002,0.998648579218113,0.00135142078188697,0.00209991102703028,0.998648579218113,0.00135142078188697,0.00209991102703028,0.996554334139558,0.00209707911485231,0.0013485867455899
"Emberiza cia",4139558.94831525,2237581.85087176,4098658.05697442,2279523.03228649,58582.8098586667,41941.1814147229,-40900.8913408252,-45.7980921406783,497,485,0.938335972424884,1,0.955044955044955,0.955044955044955,1,1,0.953046953046953,0.953046953046953,1,0.000999000999000999,0.045954045954046,0.045954045954046,0.000999000999000999,0.000999000999000999,0.03996003996004,0.03996003996004,0.000999000999000999,0.975438206297294,0.0245617937027057,0,0.975438206297294,0.0245617937027057,0,0.975438206297294,0,0.0245617937027057
"Emberiza cirlus",4047010.31881128,2291789.31317102,4068733.74872116,2300125.17387216,23267.8744340474,8335.86070114607,21723.4299098849,66.3515935977882,705,731,0.97034604585028,1,0.879120879120879,0.879120879120879,1,1,0.888111888111888,0.888111888111888,1,0.001998001998002,0.108891108891109,0.108891108891109,0.001998001998002,0.000999000999000999,0.0769230769230769,0.0769230769230769,0.000999000999000999,0.989754454566692,0.0102455454333077,0,0.989754454566692,0.0102455454333077,0,0.989754454566692,0,0.0102455454333077
"Emberiza citrinella",4589961.57227879,3312956.96412789,4603691.50605313,3320693.87285961,15759.7854734943,7736.90873172088,13729.9337743334,63.762559772845,1775,1719,0.969370761855981,1,1,1,1,1,1,1,1,0.001998001998002,0.0709290709290709,0.0709290709290709,0.001998001998002,0.001998001998002,0.0689310689310689,0.0689310689310689,0.001998001998002,1,0,0.00886356416949685,1,0,0.00886356416949685,0.991136435830503,0.00886356416949685,0
"Emberiza hortulana",4701938.21403065,3111200.9521671,4819399.29390919,3069035.51306166,124799.958097697,-42165.4391054399,117461.079878538,113.977939215647,1081,812,0.898200705969785,1,0.99000999000999,0.99000999000999,1,1,0.991008991008991,0.991008991008991,1,0.000999000999000999,0.011988011988012,0.011988011988012,0.000999000999000999,0.001998001998002,0.012987012987013,0.012987012987013,0.001998001998002,0.997672922874792,0.00232707712520775,0.00576522076654765,0.997672922874792,0.00232707712520775,0.00576522076654765,0.991934426126326,0.00575188182107863,0.00231369205259502
"Emberiza melanocephala",5351095.72351133,2076188.13971536,5296974.4415851,2213890.48621269,147956.241464191,137702.346497332,-54121.2819262324,-12.7566476384798,131,164,0.796519832627331,0.994005994005994,0.961038961038961,0.961038961038961,1,0.994005994005994,0.956043956043956,0.956043956043956,1,0.003996003996004,0.038961038961039,0.038961038961039,0.000999000999000999,0.004995004995005,0.043956043956044,0.043956043956044,0.000999000999000999,0.891997573597417,0.108002426402583,0.00329867083161366,0.891997573597417,0.108002426402583,0.00329867083161366,0.889372018855971,0.00294345502629294,0.107684526117736
"Erithacus rubecula",4506176.07103875,3180501.40363978,4479114.5662439,3177857.28201653,27190.3736811433,-2644.12162324646,-27061.50479485,-93.4758482667593,2016,2024,0.986062228373646,1,0.6003996003996,0.6003996003996,1,1,0.602397602397602,0.602397602397602,1,0.001998001998002,0.394605394605395,0.394605394605395,0.001998001998002,0.001998001998002,0.415584415584416,0.415584415584416,0.001998001998002,0.999898487432982,0.000101512567017962,9.94441033336608e-05,0.999898487432982,0.000101512567017962,9.94441033336608e-05,0.999799063517272,9.94340095112257e-05,0.000101502473216408
"Ficedula albicollis",5051591.8000892,2918457.6202482,5158629.18134233,2931381.77062266,107814.816460576,12924.15037446,107037.381253121,90.9320733353426,381,469,0.878066262601607,1,1,1,1,1,0.998001998001998,0.998001998001998,1,0.000999000999000999,0.002997002997003,0.002997002997003,0.000999000999000999,0.000999000999000999,0.001998001998002,0.001998001998002,0.000999000999000999,0.999424343388025,0.000575656611975022,0.0146136648735344,0.999424343388025,0.000575656611975022,0.0146136648735344,0.984827375781125,0.0146053752877552,0.000567248931120249
"Ficedula hypoleuca",4639275.69082714,3567216.11479225,4658436.66237262,3623486.40637565,59443.1538988934,56270.2915834016,19160.9715454746,22.8492248394432,1308,1224,0.949152222796894,1,0.96003996003996,0.96003996003996,1,1,0.957042957042957,0.957042957042957,1,0.000999000999000999,0.048951048951049,0.048951048951049,0.000999000999000999,0.001998001998002,0.047952047952048,0.047952047952048,0.001998001998002,0.999818631678493,0.000181368321507038,0.00631876303088194,0.999818631678493,0.000181368321507038,0.00631876303088194,0.993502153247816,0.00631762424758253,0.000180222504601341
"Ficedula parva",5056738.59019471,3424950.72309257,5035368.83117777,3528798.66196501,106023.869993967,103847.938872447,-21369.7590169376,-2.71991070794963,670,743,0.903567711475598,1,0.966033966033966,0.966033966033966,1,1,0.953046953046953,0.953046953046953,1,0.001998001998002,0.040959040959041,0.040959040959041,0.000999000999000999,0.000999000999000999,0.040959040959041,0.040959040959041,0.000999000999000999,0.987340855076361,0.0126591449236387,0.00172493389259817,0.987340855076361,0.0126591449236387,0.00172493389259817,0.985659280413373,0.00170313489444204,0.0126375846921855
"Ficedula semitorquata",5483143.83093401,2152320.57311605,5573824.86101223,2256101.45109858,137816.979544876,103780.877982532,90681.0300782239,51.4606061809823,49,46,0.653034374011695,0.998001998001998,1,1,0.999000999000999,0.998001998001998,1,1,0.998001998001998,0.001998001998002,0.002997002997003,0.002997002997003,0.001998001998002,0.000999000999000999,0.000999000999000999,0.000999000999000999,0.000999000999000999,1,0,0.238496444212347,1,0,0.238496444212347,0.761503555787653,0.238496444212347,0
"Garrulus glandarius",4523152.10711438,3105570.36395611,4524451.79467937,3112173.21545648,6729.54944275743,6602.85150036961,1299.68756498769,13.3860049576466,1972,1953,0.987402824215616,1,0.905094905094905,0.905094905094905,1,1,0.893106893106893,0.893106893106893,1,0.000999000999000999,0.0889110889110889,0.0889110889110889,0.000999000999000999,0.001998001998002,0.0939060939060939,0.0939060939060939,0.001998001998002,0.999624746348953,0.000375253651046943,0.000188659211678917,0.999624746348953,0.000375253651046943,0.000188659211678917,0.999436228687478,0.00018858842997206,0.000375182882550051
"Hieraaetus pennatus",4275702.8861826,2366988.73933373,4163388.81102234,2348042.71363424,113900.848850702,-18946.0256994935,-112314.07516026,-100.096957783257,354,413,0.907450083716917,1,0.899100899100899,0.899100899100899,1,1,0.898101898101898,0.898101898101898,1,0.000999000999000999,0.122877122877123,0.122877122877123,0.000999000999000999,0.000999000999000999,0.0909090909090909,0.0909090909090909,0.000999000999000999,0.993015309397602,0.00698469060239845,0.0126611053502488,0.993015309397602,0.00698469060239845,0.0126611053502488,0.980529349988879,0.0125737833954411,0.00689686661567972
"Hippolais icterina",4850145.05389221,3501467.49234466,4859013.4390088,3509694.8391536,12097.0033516887,8227.34680894203,8868.38511659019,53.6982997922764,1158,1148,0.971178053747648,1,0.972027972027972,0.972027972027972,1,1,0.961038961038961,0.961038961038961,1,0.000999000999000999,0.030969030969031,0.030969030969031,0.000999000999000999,0.000999000999000999,0.038961038961039,0.038961038961039,0.000999000999000999,0.997846507751295,0.00215349224870522,0.00509282578152322,0.997846507751295,0.00215349224870522,0.00509282578152322,0.992775537458173,0.00508191415586503,0.00214254838596198
"Hippolais olivetorum",5480425.40831683,1923282.32429829,5470811.30333022,2035736.70913065,112864.607750692,112454.384832358,-9614.10498660523,4.38285465891623,60,62,0.809312037304284,0.999000999000999,0.995004995004995,0.995004995004995,1,0.999000999000999,0.993006993006993,0.993006993006993,1,0.002997002997003,0.013986013986014,0.013986013986014,0.000999000999000999,0.001998001998002,0.00699300699300699,0.00699300699300699,0.001998001998002,0.949126810001225,0.0508731899987753,0.0156522320760513,0.949126810001225,0.0508731899987753,0.0156522320760513,0.935015389999066,0.0148677920099431,0.0501168179909912
"Hippolais polyglotta",3688698.15157536,2372996.60132898,3726066.92918548,2434047.73629726,71579.7919876106,61051.1349682803,37368.7776101176,25.6193161463433,530,585,0.927140232078205,1,0.911088911088911,0.911088911088911,1,1,0.924075924075924,0.924075924075924,1,0.001998001998002,0.0739260739260739,0.0739260739260739,0.001998001998002,0.000999000999000999,0.0629370629370629,0.0629370629370629,0.000999000999000999,0.979591324107404,0.0204086758925962,0.000341648268209925,0.979591324107404,0.0204086758925962,0.000341648268209925,0.979263476429493,0.000334678013006919,0.0204018455575003
"Lanius collurio",4716047.8210781,3114867.81222641,4679287.97953981,3102833.8305746,38679.486350209,-12033.9816518109,-36759.8415382858,-103.703161130512,1609,1625,0.971296629086753,1,0.673326673326673,0.673326673326673,1,1,0.665334665334665,0.665334665334665,1,0.000999000999000999,0.30969030969031,0.30969030969031,0.000999000999000999,0.001998001998002,0.334665334665335,0.334665334665335,0.001998001998002,0.996781951294726,0.00321804870527364,1.85693428756409e-05,0.996781951294726,0.00321804870527364,1.85693428756409e-05,0.996763501272547,1.85095869319204e-05,0.00321798914052138
"Lanius senator",4116512.5339208,2238715.10934865,4110578.785092,2158789.70147886,80145.3691632625,-79925.4078697897,-5933.74882880831,-177.559473446373,599,504,0.892247345900615,1,1,1,1,1,1,1,1,0.000999000999000999,0.115884115884116,0.115884115884116,0.000999000999000999,0.000999000999000999,0.108891108891109,0.108891108891109,0.000999000999000999,1,0,0.0622851476861692,1,0,0.0622851476861692,0.937714852313831,0.0622851476861692,0
"Linaria cannabina",4498050.71689268,2984018.87815978,4493354.74858338,3003262.19398291,19808.0115667968,19243.3158231215,-4695.96830930095,-11.8097454614525,1851,1849,0.983547714623984,1,0.613386613386613,0.613386613386613,1,1,0.595404595404595,0.595404595404595,1,0.002997002997003,0.427572427572428,0.427572427572428,0.002997002997003,0.001998001998002,0.391608391608392,0.391608391608392,0.001998001998002,0.996569780308157,0.00343021969184254,0,0.996569780308157,0.00343021969184254,0,0.996569780308157,0,0.00343021969184254
"Locustella fluviatilis",5096685.22808826,3316112.35366568,5020762.76666901,3426765.16861984,134194.879206461,110652.814954159,-75922.461419248,-25.4423390101701,671,823,0.860916444646484,1,0.968031968031968,0.968031968031968,1,0.999000999000999,0.965034965034965,0.965034965034965,1,0.002997002997003,0.025974025974026,0.025974025974026,0.001998001998002,0.002997002997003,0.030969030969031,0.030969030969031,0.001998001998002,0.993655946285845,0.006344053714155,0.00765928150354662,0.993655946285845,0.006344053714155,0.00765928150354662,0.986093170823587,0.00761106043850172,0.00629576873791146
"Locustella luscinioides",4677881.15566857,2957270.96162212,4837610.73471158,3089756.69187612,207523.509854166,132485.730253996,159729.57904301,54.2143368111698,738,893,0.847213091733791,1,0.881118881118881,0.881118881118881,1,0.998001998001998,0.886113886113886,0.886113886113886,1,0.002997002997003,0.123876123876124,0.123876123876124,0.001998001998002,0.001998001998002,0.111888111888112,0.111888111888112,0.001998001998002,0.996344706921998,0.00365529307800202,0.00605412273211031,0.996344706921998,0.00365529307800202,0.00605412273211031,0.990334629485005,0.00603212662770094,0.00363324388729416
"Locustella naevia",4499298.37509535,3340706.34966947,4489480.07126835,3372809.04425756,33570.5539104683,32102.6945880945,-9818.30382699519,-14.8811712755754,1140,1209,0.945419887779797,1,0.97002997002997,0.97002997002997,1,1,0.973026973026973,0.973026973026973,1,0.000999000999000999,0.025974025974026,0.025974025974026,0.000999000999000999,0.000999000999000999,0.032967032967033,0.032967032967033,0.000999000999000999,0.999340649073367,0.000659350926633218,0.00828666631909148,0.999340649073367,0.000659350926633218,0.00828666631909148,0.99106486157651,0.00828124774523159,0.000653890678258721
"Lophophanes cristatus",4418649.00408544,3212738.35959508,4419642.27975833,3167215.26679344,45533.9277329419,-45523.0928016366,993.275672894903,179.867812576989,1410,1411,0.96337342604827,1,1,1,1,1,1,1,1,0.000999000999000999,0.000999000999000999,0.000999000999000999,0.000999000999000999,0.001998001998002,0.001998001998002,0.001998001998002,0.001998001998002,0.998996084075566,0.00100391592443394,0.000888011253310195,0.998996084075566,0.00100391592443394,0.000888011253310195,0.998109854114489,0.000887120555529816,0.00100302532998135
"Loxia pytyopsittacus",4745435.91820669,4370254.00407957,4769552.64532564,4359728.69490032,26313.4691792733,-10525.3091792492,24116.7271189475,120.460052314749,403,378,0.938005803334036,1,0.964035964035964,0.964035964035964,1,1,0.957042957042957,0.957042957042957,1,0.000999000999000999,0.045954045954046,0.045954045954046,0.000999000999000999,0.000999000999000999,0.038961038961039,0.038961038961039,0.000999000999000999,0.973101746187167,0.026898253812833,0.00426158557363738,0.973101746187167,0.026898253812833,0.00426158557363738,0.969065873079796,0.00414743178006273,0.0267866951401415
"Lullula arborea",4532536.62108475,2846169.07074341,4571417.21196413,2931251.52695558,93545.3082854847,85082.4562121728,38880.5908793844,26.7593001397227,1413,1570,0.944105647476305,1,0.593406593406593,0.593406593406593,1,1,0.6003996003996,0.6003996003996,1,0.000999000999000999,0.433566433566434,0.433566433566434,0.000999000999000999,0.000999000999000999,0.397602397602398,0.397602397602398,0.000999000999000999,0.998514493345503,0.00148550665449741,0.00172391386657118,0.998514493345503,0.00148550665449741,0.00172391386657118,0.996795693044109,0.00172135738924983,0.00148294956664091
"Luscinia luscinia",5116178.41081838,3591673.38793796,5114231.6518246,3609429.39740233,17862.411446348,17756.0094643696,-1946.75899377372,3.83048467118061,716,717,0.97111671365601,1,1,1,1,1,1,1,1,0.000999000999000999,0.002997002997003,0.002997002997003,0.000999000999000999,0.000999000999000999,0.00999000999000999,0.00999000999000999,0.000999000999000999,1,0,0.0172972248656434,1,0,0.0172972248656434,0.982702775134357,0.0172972248656434,0
"Luscinia megarhynchos",4280102.57940533,2556537.70146345,4297518.66347905,2582271.14880981,31072.9833905748,25733.4473463604,17416.0840737242,33.6355051416514,1122,1145,0.973260958495302,1,0.904095904095904,0.904095904095904,1,1,0.885114885114885,0.885114885114885,1,0.001998001998002,0.120879120879121,0.120879120879121,0.001998001998002,0.000999000999000999,0.107892107892108,0.107892107892108,0.000999000999000999,0.998421370467532,0.00157862953246812,0.000240225779506248,0.998421370467532,0.00157862953246812,0.000240225779506248,0.998181902453573,0.000239846642952704,0.0015782509034743
"Melanitta nigra",4544350.56905836,4653000.70673265,4607139.71174396,4697885.96097824,77182.6566521502,44885.2542455858,62789.1426856015,58.0264619265458,182,155,0.90196607295513,1,0.959040959040959,0.959040959040959,1,1,0.979020979020979,0.979020979020979,1,0.000999000999000999,0.033966033966034,0.033966033966034,0.000999000999000999,0.000999000999000999,0.033966033966034,0.033966033966034,0.000999000999000999,0.997209434138387,0.00279056586161313,0.0027147974638184,0.997209434138387,0.00279056586161313,0.0027147974638184,0.994509746723639,0.00270724215227696,0.00278301112408387
"Melanocorypha calandra",4464398.95616627,2224605.1340614,4404411.50263324,2218728.55523146,60274.6112399091,-5876.57882994041,-59987.453533032,-94.3111731799721,313,264,0.888376781444086,1,1,1,1,1,1,1,1,0.000999000999000999,0.122877122877123,0.122877122877123,0.000999000999000999,0.000999000999000999,0.10989010989011,0.10989010989011,0.000999000999000999,1,0,0.0556393883770002,1,0,0.0556393883770002,0.944360611623,0.0556393883770002,0
"Merops apiaster",4536226.92056102,2429222.90722037,4577895.04748118,2559256.57090021,136546.645843231,130033.663679844,41668.1269201525,19.7373194820835,639,1019,0.853362459750547,0.997002997002997,0.739260739260739,0.739260739260739,1,0.998001998001998,0.784215784215784,0.784215784215784,1,0.00899100899100899,0.267732267732268,0.267732267732268,0.001998001998002,0.003996003996004,0.231768231768232,0.231768231768232,0.001998001998002,0.99902078016079,0.000979219839209761,0.000640741285442167,0.99902078016079,0.000979219839209761,0.000640741285442167,0.998381292712885,0.000640114260488362,0.00097859302662653
"Milvus milvus",4153182.55229789,2772572.71765743,4174458.09052313,2969205.42878582,197780.362049605,196632.711128385,21275.5382252424,4.45892708800272,586,718,0.818491384910175,0.997002997002997,0.7002997002997,0.7002997002997,1,0.996003996003996,0.698301698301698,0.698301698301698,1,0.004995004995005,0.311688311688312,0.311688311688312,0.000999000999000999,0.004995004995005,0.314685314685315,0.314685314685315,0.000999000999000999,0.975584844415587,0.024415155584413,0.023140835787633,0.975584844415587,0.024415155584413,0.023140835787633,0.953547737911041,0.0225886109554594,0.0238636511334997
"Monticola solitarius",4145574.76035679,2043748.78108138,4164741.18014824,2049954.85904882,20146.1423443794,6206.07796743652,19166.4197914503,70.3533042478751,381,402,0.968395406143962,1,0.957042957042957,0.957042957042957,1,1,0.952047952047952,0.952047952047952,1,0.000999000999000999,0.042957042957043,0.042957042957043,0.000999000999000999,0.001998001998002,0.03996003996004,0.03996003996004,0.001998001998002,0.99526250217187,0.00473749782813011,0.00215400893002655,0.99526250217187,0.00473749782813011,0.00215400893002655,0.993128832349495,0.00214382619431463,0.00472734145619066
"Numenius arquata",4497629.86217134,3754725.00194926,4450596.78858271,3790290.09973804,58965.9748661746,35565.0977887795,-47033.0735886237,-50.4936970016503,964,914,0.942255797779738,1,0.98001998001998,0.98001998001998,1,1,0.969030969030969,0.969030969030969,1,0.000999000999000999,0.041958041958042,0.041958041958042,0.000999000999000999,0.000999000999000999,0.032967032967033,0.032967032967033,0.000999000999000999,0.998694812811717,0.00130518718828336,0.00436729036282334,0.998694812811717,0.00130518718828336,0.00436729036282334,0.994338890442683,0.00436161509317355,0.00129949446414352
"Numenius phaeopus",4551412.26825126,4608862.33640739,4577247.0629496,4643754.7500057,43415.6324820994,34892.413598313,25834.7946983324,40.2793256056655,365,348,0.962318511748213,1,1,1,1,1,1,1,1,0.000999000999000999,0.041958041958042,0.041958041958042,0.000999000999000999,0.000999000999000999,0.032967032967033,0.032967032967033,0.000999000999000999,1,0,0.0119668993944967,1,0,0.0119668993944967,0.988033100605503,0.0119668993944967,0
"Oenanthe hispanica",4128374.46073069,2048880.90422592,4108821.08345784,2009032.15013274,44387.5857144025,-39848.7540931839,-19553.3772728494,-155.676228752587,339,273,0.940697092667104,1,0.988011988011988,0.988011988011988,1,1,0.965034965034965,0.965034965034965,1,0.001998001998002,0.024975024975025,0.024975024975025,0.001998001998002,0.000999000999000999,0.016983016983017,0.016983016983017,0.000999000999000999,0.993547289942662,0.00645271005733811,0.00251347796628242,0.993547289942662,0.00645271005733811,0.00251347796628242,0.991066104568915,0.0024972997247968,0.00643659570628773
"Oenanthe leucura",3199234.01192871,1966114.10919474,3214732.1150592,1939785.92546665,30551.0140431251,-26328.1837280896,15498.1031304863,140.329539632345,108,76,0.865742221953094,1,1,1,1,1,1,1,1,0.000999000999000999,0.000999000999000999,0.000999000999000999,0.000999000999000999,0.000999000999000999,0.000999000999000999,0.000999000999000999,0.000999000999000999,1,0,0.0824100532273923,1,0,0.0824100532273923,0.917589946772608,0.0824100532273923,0
"Oriolus oriolus",4581557.33502194,2876959.94926322,4583138.28514963,2906095.89317517,29178.8044811068,29135.9439119515,1580.95012769941,5.82246571440677,1508,1512,0.968781858781542,1,1,1,1,1,1,1,1,0.000999000999000999,0.00999000999000999,0.00999000999000999,0.000999000999000999,0.000999000999000999,0.003996003996004,0.003996003996004,0.000999000999000999,1,0,0.0106827938803752,1,0,0.0106827938803752,0.989317206119625,0.0106827938803752,0
"Otus scops",4343352.78564333,2272963.71891588,4473262.17874725,2352920.52113439,152543.569637132,79956.8022185122,129909.393103918,58.5291728449575,669,769,0.904793865686604,1,1,1,1,1,1,1,1,0.002997002997003,0.244755244755245,0.244755244755245,0.002997002997003,0.000999000999000999,0.280719280719281,0.280719280719281,0.000999000999000999,1,0,0.00373926821636138,1,0,0.00373926821636138,0.996260731783639,0.00373926821636138,0
"Passer hispaniolensis",4689792.93032749,2015421.75650186,4500141.02618591,2069650.96181321,197252.760318401,54229.2053113475,-189651.904141583,-70.7179772269916,182,273,0.847264466684508,1,0.925074925074925,0.925074925074925,1,1,0.926073926073926,0.926073926073926,1,0.000999000999000999,0.0569430569430569,0.0569430569430569,0.000999000999000999,0.000999000999000999,0.0849150849150849,0.0849150849150849,0.000999000999000999,0.900286916327592,0.0997130836724085,0,0.900286916327592,0.0997130836724085,0,0.900286916327592,0,0.0997130836724085
"Passer italiae",4483771.18957587,2222595.5666285,4451198.73415717,2269979.83016841,57499.8546365327,47384.2635399024,-32572.4554187041,-32.9173444436967,155,158,0.897185237622242,1,1,1,1,1,1,1,1,0.000999000999000999,0.000999000999000999,0.000999000999000999,0.000999000999000999,0.000999000999000999,0.001998001998002,0.001998001998002,0.000999000999000999,0.981402727029227,0.0185972729707732,0.0151787913603891,0.981402727029227,0.0185972729707732,0.0151787913603891,0.966779126196092,0.0149007134689763,0.0183201603349313
"Perdix perdix",4659074.89964466,3083156.60356824,4716495.080951,3133842.36278256,76590.6221960921,50685.7592143188,57420.181306337,52.3374284735823,1329,1196,0.91634791604002,1,1,1,1,1,1,1,1,0.000999000999000999,0.0989010989010989,0.0989010989010989,0.000999000999000999,0.000999000999000999,0.0899100899100899,0.0899100899100899,0.000999000999000999,1,0,0.0211448997147417,1,0,0.0211448997147417,0.978855100285258,0.0211448997147417,0
"Periparus ater",4385704.52990237,3149300.75186564,4427217.5444459,3156293.66883854,42097.8771944788,6992.91697290074,41513.0145435324,81.1696146868255,1691,1671,0.967305811764546,1,0.823176823176823,0.823176823176823,1,1,0.814185814185814,0.814185814185814,1,0.001998001998002,0.177822177822178,0.177822177822178,0.001998001998002,0.001998001998002,0.195804195804196,0.195804195804196,0.001998001998002,0.998248652033101,0.00175134796689925,4.20015889848928e-05,0.998248652033101,0.00175134796689925,4.20015889848928e-05,0.998206797431004,4.19280326716184e-05,0.00175127453632447
"Pernis apivorus",4611010.91100909,3162421.46258237,4608055.51840026,3109973.67340266,52530.9902372973,-52447.7891797042,-2955.39260883164,-173.506641079186,1413,1564,0.936098034183296,1,0.974025974025974,0.974025974025974,1,1,0.975024975024975,0.975024975024975,1,0.000999000999000999,0.033966033966034,0.033966033966034,0.000999000999000999,0.001998001998002,0.023976023976024,0.023976023976024,0.001998001998002,0.999771914775332,0.000228085224667936,0.00220164598026585,0.999771914775332,0.000228085224667936,0.00220164598026585,0.997571271901285,0.00220114492268116,0.000227583176033719
"Phasianus colchicus",4477093.90831378,3052172.15265678,4452696.09499482,3068946.63327725,29608.0478051725,16774.4806204611,-24397.8133189669,-53.7728592921942,1334,1383,0.933000853836908,1,0.896103896103896,0.896103896103896,1,1,0.902097902097902,0.902097902097902,1,0.000999000999000999,0.0949050949050949,0.0949050949050949,0.000999000999000999,0.000999000999000999,0.0909090909090909,0.0909090909090909,0.000999000999000999,0.987621198458409,0.0123788015415908,0.00634616496869128,0.987621198458409,0.0123788015415908,0.00634616496869128,0.981430690556849,0.00626809946082895,0.0123012099823223
"Phoenicurus phoenicurus",4542056.64071806,3297466.76449058,4544096.695362,3293727.78597209,4259.31723542477,-3738.9785184944,2040.05464393087,153.970362757918,1758,1743,0.976537754231299,1,0.907092907092907,0.907092907092907,1,1,0.917082917082917,0.917082917082917,1,0.000999000999000999,0.0919080919080919,0.0919080919080919,0.000999000999000999,0.000999000999000999,0.0819180819180819,0.0819180819180819,0.000999000999000999,0.998128977753161,0.00187102224683915,0.000119813215568876,0.998128977753161,0.00187102224683915,0.000119813215568876,0.998009612437784,0.000119589069185745,0.00187079849303023
"Phylloscopus bonelli",3753794.66774978,2421929.15546664,3747654.69224032,2372066.25807775,50239.5047275779,-49862.8973888969,-6139.97550945124,-178.176392860938,474,464,0.938807147700024,1,0.99000999000999,0.99000999000999,1,1,0.995004995004995,0.995004995004995,1,0.001998001998002,0.010989010989011,0.010989010989011,0.001998001998002,0.000999000999000999,0.00899100899100899,0.00899100899100899,0.000999000999000999,0.995954003532387,0.00404599646761256,0.00536532846314779,0.995954003532387,0.00404599646761256,0.00536532846314779,0.990631887905344,0.00534373636550176,0.00402437572915389
"Phylloscopus trochilus",4594968.40269571,3540729.71852102,4583516.63381547,3556192.12587368,19241.3370540183,15462.4073526654,-11451.7688802462,-33.0731012844124,1497,1467,0.963739012027496,1,0.913086913086913,0.913086913086913,1,1,0.897102897102897,0.897102897102897,1,0.000999000999000999,0.100899100899101,0.100899100899101,0.000999000999000999,0.001998001998002,0.103896103896104,0.103896103896104,0.001998001998002,0.999667360144893,0.00033263985510743,0.0109351995730318,0.999667360144893,0.00033263985510743,0.0109351995730318,0.988739394578001,0.0109316018533484,0.00032900356865084
"Pluvialis apricaria",4464320.89965661,4365162.54705354,4484158.34904432,4408923.28786656,48047.1313890226,43760.740813015,19837.4493877143,26.5570194946349,548,515,0.957797968941977,1,0.98001998001998,0.98001998001998,1,1,0.974025974025974,0.974025974025974,1,0.000999000999000999,0.017982017982018,0.017982017982018,0.000999000999000999,0.000999000999000999,0.021978021978022,0.021978021978022,0.000999000999000999,0.999907700358088,9.22996419119444e-05,0.00365983642354269,0.999907700358088,9.22996419119444e-05,0.00365983642354269,0.996248538270478,0.00365949985813621,9.19618713854616e-05
"Poecile lugubris",5423218.7025234,2188609.15091841,5428456.16114766,2180917.30020466,9305.67247668756,-7691.85071374755,5237.45862425677,155.340066423797,103,93,0.919281662807235,1,1,1,1,1,1,1,1,0.000999000999000999,0.000999000999000999,0.000999000999000999,0.000999000999000999,0.000999000999000999,0.000999000999000999,0.000999000999000999,0.000999000999000999,0.980261697472838,0.0197383025271622,0.0212877719026479,0.980261697472838,0.0197383025271622,0.0212877719026479,0.959797402026275,0.0208763593429396,0.0193262386307855
"Poecile palustris",4584853.14287424,3073138.5500867,4592257.16530753,3060842.01260451,14353.5494649828,-12296.5374821923,7404.02243329585,151.846116181106,1396,1363,0.972764099996543,1,0.998001998001998,0.998001998001998,1,1,1,1,1,0.001998001998002,0.001998001998002,0.001998001998002,0.001998001998002,0.000999000999000999,0.000999000999000999,0.000999000999000999,0.000999000999000999,0.99535259625071,0.00464740374928971,0,0.99535259625071,0.00464740374928971,0,0.99535259625071,0,0.00464740374928971
"Porzana porzana",4837134.10176419,3286986.13476398,4826982.9250662,3473042.31557327,186332.897808446,186056.180809289,-10151.1766979983,2.94851741340479,924,857,0.862753382764478,0.999000999000999,0.845154845154845,0.845154845154845,1,0.999000999000999,0.858141858141858,0.858141858141858,1,0.002997002997003,0.12987012987013,0.12987012987013,0.000999000999000999,0.001998001998002,0.141858141858142,0.141858141858142,0.000999000999000999,0.998408816302224,0.00159118369777591,0.0217378688296757,0.998408816302224,0.00159118369777591,0.0217378688296757,0.976739320795265,0.0217040306066363,0.0015566485980986
"Prunella modularis",4441690.3080084,3349006.01745596,4395630.87188081,3398293.01559923,67458.7269548257,49286.9981432674,-46059.4361275872,-41.617277307477,1694,1576,0.948101447842927,1,0.988011988011988,0.988011988011988,1,1,0.985014985014985,0.985014985014985,1,0.001998001998002,0.023976023976024,0.023976023976024,0.001998001998002,0.000999000999000999,0.016983016983017,0.016983016983017,0.000999000999000999,0.999791081354703,0.000208918645297507,0.00565204968470794,0.999791081354703,0.000208918645297507,0.00565204968470794,0.994141386389161,0.00565087553880339,0.000207738072035196
"Rallus aquaticus",4460803.73573649,2965142.03331019,4497145.98338147,3089432.67177559,129494.871612842,124290.638465402,36342.2476449832,17.8044520519247,1461,1528,0.920662494165357,1,0.733266733266733,0.733266733266733,1,1,0.738261738261738,0.738261738261738,1,0.001998001998002,0.261738261738262,0.261738261738262,0.001998001998002,0.002997002997003,0.255744255744256,0.255744255744256,0.002997002997003,0.999451220169359,0.000548779830641438,0.00146056286471411,0.999451220169359,0.000548779830641438,0.00146056286471411,0.997992258750268,0.00145976250731228,0.000547978742419899
"Regulus ignicapilla",4200804.38557764,2653332.25566735,4258748.24560309,2777520.55460808,137040.959236426,124188.298940728,57943.8600254422,23.8006734264837,961,1214,0.866809580049753,0.998001998001998,0.858141858141858,0.858141858141858,1,0.998001998001998,0.849150849150849,0.849150849150849,1,0.004995004995005,0.138861138861139,0.138861138861139,0.000999000999000999,0.001998001998002,0.137862137862138,0.137862137862138,0.000999000999000999,0.937917805888222,0.062082194111778,0,0.937917805888222,0.062082194111778,0,0.937917805888222,0,0.062082194111778
"Regulus regulus",4424351.38195662,3379294.98303807,4424500.4052141,3386349.62485033,7056.21563095845,7054.64181226166,149.023257486522,2.45569660602392,1534,1545,0.978889691337919,1,0.823176823176823,0.823176823176823,1,1,0.849150849150849,0.849150849150849,1,0.000999000999000999,0.140859140859141,0.140859140859141,0.000999000999000999,0.000999000999000999,0.152847152847153,0.152847152847153,0.000999000999000999,0.995728988736624,0.00427101126337627,0.000388017896858408,0.995728988736624,0.00427101126337627,0.000388017896858408,0.995344277581784,0.000386361308339625,0.00426936110987662
"Remiz pendulinus",4801719.22878421,2886230.11169267,4905114.46628972,2972974.73980204,134963.7197348,86744.6281093671,103395.237505512,55.1324842112233,912,930,0.888340319071297,0.999000999000999,0.986013986013986,0.986013986013986,1,0.999000999000999,0.98001998001998,0.98001998001998,1,0.000999000999000999,0.017982017982018,0.017982017982018,0.000999000999000999,0.001998001998002,0.018981018981019,0.018981018981019,0.001998001998002,0.979885596071563,0.0201144039284367,0.00524593683649171,0.979885596071563,0.0201144039284367,0.00524593683649171,0.97484804301345,0.00514096041242862,0.020010996574121
"Saxicola rubetra",4627430.90659044,3346608.02759567,4682015.68804966,3405865.81492527,80566.6415221048,59257.787329603,54584.7814592207,46.3012415675571,1709,1576,0.941247871122517,1,1,1,1,1,1,1,1,0.000999000999000999,0.043956043956044,0.043956043956044,0.000999000999000999,0.000999000999000999,0.03996003996004,0.03996003996004,0.000999000999000999,1,0,0.00713951603669018,1,0,0.00713951603669018,0.99286048396331,0.00713951603669018,0
"Serinus serinus",4440046.18623851,2679495.143247,4452436.72632166,2750394.53290019,71973.9462357492,70899.3896531863,12390.5400831513,11.0817288403909,1328,1383,0.939165322941886,1,0.626373626373626,0.626373626373626,1,1,0.608391608391608,0.608391608391608,1,0.000999000999000999,0.416583416583417,0.416583416583417,0.000999000999000999,0.001998001998002,0.346653346653347,0.346653346653347,0.001998001998002,0.995216238708327,0.00478376129167346,0.00190069505575675,0.995216238708327,0.00478376129167346,0.00190069505575675,0.993333667982006,0.0018916197838206,0.00477471223417306
"Sitta europaea",4527460.67691265,2976427.37188644,4502727.29022691,3000868.50237885,34772.2486574225,24441.1304924153,-24733.3866857402,-43.11407062684,1588,1661,0.94865283099687,1,0.774225774225774,0.774225774225774,1,1,0.797202797202797,0.797202797202797,1,0.001998001998002,0.210789210789211,0.210789210789211,0.001998001998002,0.000999000999000999,0.204795204795205,0.204795204795205,0.000999000999000999,0.99815933877435,0.00184066122564984,0.00305522899827545,0.99815933877435,0.00184066122564984,0.00305522899827545,0.995115329589545,0.00304962250670669,0.00183504790374887
"Sitta neumayer",5366103.78850138,1972284.04522092,5352159.89992804,1968106.40017902,14556.2614239308,-4177.6450418944,-13943.8885733411,-97.486921949483,58,63,0.940199350713971,1,1,1,1,1,1,1,1,0.001998001998002,0.001998001998002,0.001998001998002,0.001998001998002,0.001998001998002,0.001998001998002,0.001998001998002,0.001998001998002,0.987992141260046,0.0120078587399545,0.007315030637914,0.987992141260046,0.0120078587399545,0.007315030637914,0.980851104333376,0.00722782766021043,0.0119210680064139
"Somateria mollissima",4186891.11858155,4274305.7182233,4203024.75020766,4233781.93157783,43617.3285923704,-40523.7866454693,16133.6316261189,156.282074459176,290,317,0.942248841058985,1,0.824175824175824,0.824175824175824,1,1,0.827172827172827,0.827172827172827,1,0.002997002997003,0.198801198801199,0.198801198801199,0.002997002997003,0.001998001998002,0.184815184815185,0.184815184815185,0.001998001998002,0.994291644413969,0.00570835558603062,0.00896730373407576,0.994291644413969,0.00570835558603062,0.00896730373407576,0.985425971773123,0.00891657160215957,0.00565745662471719
"Spinus spinus",4599602.43691898,3532337.48690265,4551040.22935469,3568765.80699251,60706.7583394702,36428.3200898678,-48562.2075642878,-49.6353279980725,1266,1300,0.941718736033348,1,0.933066933066933,0.933066933066933,1,1,0.914085914085914,0.914085914085914,1,0.001998001998002,0.0709290709290709,0.0709290709290709,0.001998001998002,0.000999000999000999,0.0589410589410589,0.0589410589410589,0.000999000999000999,0.99830961843159,0.00169038156841016,0.00258426816068881,0.99830961843159,0.00169038156841016,0.00258426816068881,0.995734068434142,0.00257991103150361,0.00168602053435437
"Streptopelia decaocto",4557123.68674843,3050948.82709421,4468871.8993661,2959990.79855723,126734.923882523,-90958.0285369745,-88251.7873823289,-133.282125816213,1633,1842,0.889242274584979,1,0.626373626373626,0.626373626373626,1,1,0.624375624375624,0.624375624375624,1,0.001998001998002,0.394605394605395,0.394605394605395,0.000999000999000999,0.001998001998002,0.380619380619381,0.380619380619381,0.001998001998002,0.997996522424729,0.00200347757527043,0,0.997996522424729,0.00200347757527043,0,0.99799652242473,0,0.00200347757527043
"Strix aluco",4502843.44403163,3009657.70885954,4495848.124557,3020808.79383733,13163.6313657686,11151.084977787,-6995.31947462168,-30.1283023571582,1735,1728,0.978904287938666,1,1,1,1,1,1,1,1,0.000999000999000999,0.00799200799200799,0.00799200799200799,0.000999000999000999,0.001998001998002,0.00899100899100899,0.00899100899100899,0.001998001998002,1,0,0.00364120933706288,1,0,0.00364120933706288,0.996358790662937,0.00364120933706288,0
"Sturnus unicolor",3343406.17977784,2015096.30652639,3363638.9120992,2014281.60786109,20249.1281566176,-814.698665298056,20232.732321362,83.5442267860118,218,228,0.960919542139169,1,0.973026973026973,0.973026973026973,1,1,0.98001998001998,0.98001998001998,1,0.001998001998002,0.025974025974026,0.025974025974026,0.001998001998002,0.000999000999000999,0.027972027972028,0.027972027972028,0.000999000999000999,0.984783550861139,0.0152164491388612,0,0.984783550861139,0.0152164491388612,0,0.984783550861139,0,0.0152164491388612
"Sturnus vulgaris",4582813.08157782,3300117.56955194,4564813.60124755,3272888.35428915,32640.6411699799,-27229.2152627911,-17999.4803302754,-143.455720237228,1836,1856,0.97053688670168,1,0.577422577422577,0.577422577422577,1,1,0.575424575424575,0.575424575424575,1,0.000999000999000999,0.378621378621379,0.378621378621379,0.000999000999000999,0.002997002997003,0.403596403596404,0.403596403596404,0.002997002997003,0.998532366951643,0.00146763304835683,9.59993308384773e-05,0.998532366951643,0.00146763304835683,9.59993308384773e-05,0.998436649184122,9.58584525535876e-05,0.00146749236332389
"Sylvia atricapilla",4485346.1781796,3081917.68452177,4480727.36761334,3107106.8082778,25609.0875792813,25189.1237560236,-4618.81056626327,-8.57473750097229,1949,1996,0.977536386766507,1,0.696303696303696,0.696303696303696,1,1,0.715284715284715,0.715284715284715,1,0.001998001998002,0.320679320679321,0.320679320679321,0.001998001998002,0.002997002997003,0.295704295704296,0.295704295704296,0.002997002997003,0.999740518193942,0.000259481806057962,0,0.999740518193942,0.000259481806057962,0,0.999740518193942,0,0.000259481806057962
"Sylvia borin",4525906.48098847,3325546.12055231,4535738.36119721,3341486.12655315,18728.3117163763,15940.0060008331,9831.88020874746,34.0938889427053,1722,1666,0.967162919974245,1,0.959040959040959,0.959040959040959,1,1,0.956043956043956,0.956043956043956,1,0.000999000999000999,0.0559440559440559,0.0559440559440559,0.000999000999000999,0.000999000999000999,0.048951048951049,0.048951048951049,0.000999000999000999,0.998926025379807,0.00107397462019276,0.00275774025314666,0.998926025379807,0.00107397462019276,0.00275774025314666,0.996174197281698,0.00275478666907595,0.00107101604922612
"Sylvia communis",4530637.52267769,3101167.06650115,4543816.60988272,3164688.47540134,64874.1684202788,63521.4089001892,13179.0872050254,14.058879438223,1879,1856,0.966829442211773,1,0.916083916083916,0.916083916083916,1,1,0.919080919080919,0.919080919080919,1,0.001998001998002,0.0639360639360639,0.0639360639360639,0.001998001998002,0.001998001998002,0.0889110889110889,0.0889110889110889,0.001998001998002,0.998088173742571,0.00191182625742859,0.00150792741780541,0.998088173742571,0.00191182625742859,0.00150792741780541,0.996586002273032,0.00150504886147194,0.00190894886549652
"Sylvia conspicillata",3696727.43027381,1993434.98931479,3631575.26701468,2022342.40831395,71277.2281344964,28907.4189991583,-65152.1632591286,-71.5213648906666,191,209,0.936001397478673,1,0.957042957042957,0.957042957042957,1,1,0.955044955044955,0.955044955044955,1,0.000999000999000999,0.043956043956044,0.043956043956044,0.000999000999000999,0.000999000999000999,0.047952047952048,0.047952047952048,0.000999000999000999,0.964463922738676,0.0355360772613243,0,0.964463922738676,0.0355360772613243,0,0.964463922738676,0,0.0355360772613243
"Sylvia hortensis",3564258.37209871,2151750.06812842,3420823.54791514,2110268.98864029,149312.520386173,-41481.0794881349,-143434.824183566,-113.17240197229,243,192,0.858951848769201,1,0.99000999000999,0.99000999000999,1,1,0.998001998001998,0.998001998001998,1,0.000999000999000999,0.004995004995005,0.004995004995005,0.000999000999000999,0.001998001998002,0.00599400599400599,0.00599400599400599,0.001998001998002,0.997880632528644,0.00211936747135579,0.0148888665662952,0.997880632528644,0.00211936747135579,0.0148888665662952,0.983054341201405,0.0148577804237657,0.00208787837482912
"Sylvia melanocephala",4144452.25731535,2034594.35781615,4090991.69923913,2062391.15094623,60255.2319565479,27796.7931300886,-53460.5580762159,-63.950623456844,398,436,0.944706709465337,1,0.953046953046953,0.953046953046953,1,1,0.955044955044955,0.955044955044955,1,0.002997002997003,0.0559440559440559,0.0559440559440559,0.002997002997003,0.000999000999000999,0.04995004995005,0.04995004995005,0.000999000999000999,0.988336188107011,0.0116638118929888,0.00108743756652503,0.988336188107011,0.0116638118929888,0.00108743756652503,0.987273956462028,0.00107476753129742,0.0116512760066751
"Sylvia undata",3510604.44108258,2236578.32032075,3498099.85141252,2275315.53246305,40705.4832593125,38737.2121423017,-12504.5896700565,-24.9704540769166,371,373,0.934213699774944,1,0.959040959040959,0.959040959040959,1,1,0.959040959040959,0.959040959040959,1,0.000999000999000999,0.036963036963037,0.036963036963037,0.000999000999000999,0.000999000999000999,0.040959040959041,0.040959040959041,0.000999000999000999,0.954935892143815,0.0450641078561853,0,0.954935892143815,0.0450641078561853,0,0.954935892143815,0,0.0450641078561853
"Tetrao urogallus",4737082.75287252,3839585.37780711,4778924.50579609,3885462.07299909,62091.8951994124,45876.6951919766,41841.7529235724,47.9920187350685,687,605,0.943032081943612,1,0.994005994005994,0.994005994005994,1,1,0.996003996003996,0.996003996003996,1,0.000999000999000999,0.004995004995005,0.004995004995005,0.000999000999000999,0.001998001998002,0.00799200799200799,0.00799200799200799,0.001998001998002,0.994577388777881,0.0054226112221193,0.00554333001025285,0.994577388777881,0.0054226112221193,0.00554333001025285,0.989093849583167,0.00551343641690032,0.00539271399993258
"Troglodytes troglodytes",4440223.33684715,3135938.14818971,4419482.61660273,3170384.40330226,40208.4812886087,34446.2551125512,-20740.7202444235,-29.7148358462136,1972,1960,0.97967773300847,1,0.913086913086913,0.913086913086913,1,1,0.882117882117882,0.882117882117882,1,0.000999000999000999,0.117882117882118,0.117882117882118,0.000999000999000999,0.000999000999000999,0.123876123876124,0.123876123876124,0.000999000999000999,0.999880406755962,0.000119593244037997,0.000405155279028506,0.999880406755962,0.000119593244037997,0.000405155279028506,0.99947534835918,0.000405106844823328,0.000119544795996243
"Turdus iliacus",4752027.89397497,4185946.93022321,4695477.53532157,4330734.81296427,155439.615453931,144787.882741057,-56550.3586533964,-14.5164842664682,710,610,0.896186624571452,1,1,1,1,1,1,1,1,0.000999000999000999,0.0679320679320679,0.0679320679320679,0.000999000999000999,0.000999000999000999,0.0749250749250749,0.0749250749250749,0.000999000999000999,1,0,0.0329796308766403,1,0,0.0329796308766403,0.96702036912336,0.0329796308766403,0
"Turdus philomelos",4560597.09985243,3311699.08592832,4531197.99643411,3271374.98467141,49903.3107516814,-40324.1012569144,-29399.1034183186,-141.081635785424,1844,1912,0.969287205307512,1,0.846153846153846,0.846153846153846,1,1,0.863136863136863,0.863136863136863,1,0.000999000999000999,0.135864135864136,0.135864135864136,0.000999000999000999,0.000999000999000999,0.152847152847153,0.152847152847153,0.000999000999000999,0.996101186143675,0.00389881385632553,0,0.996101186143675,0.00389881385632553,0,0.996101186143674,0,0.00389881385632553
"Turdus torquatus",4365449.90950041,3380810.15808803,4374168.06168771,3430420.56037581,50370.6084211492,49610.4022877845,8718.15218730085,10.500761897837,451,419,0.943336474231524,1,1,1,1,1,1,1,1,0.000999000999000999,0.000999000999000999,0.000999000999000999,0.000999000999000999,0.000999000999000999,0.000999000999000999,0.000999000999000999,0.000999000999000999,0.999712700853631,0.000287299146369304,0.0143853545272123,0.999712700853631,0.000287299146369304,0.0143853545272123,0.98533555151987,0.014381281063534,0.000283167416596053
"Turdus viscivorus",4405244.82134061,3138514.96897615,4432694.04269702,3187400.33710435,56064.5964054307,48885.3681282084,27449.2213564133,30.2644240259392,1730,1845,0.956182024597843,1,1,1,1,1,1,1,1,0.000999000999000999,0.131868131868132,0.131868131868132,0.000999000999000999,0.001998001998002,0.133866133866134,0.133866133866134,0.001998001998002,1,0,0.00157254265406719,1,0,0.00157254265406719,0.998427457345933,0.00157254265406719,0
"Vanellus vanellus",4600914.45540504,3409094.66079467,4603608.47053482,3367491.12343658,41690.670877611,-41603.537358088,2694.01512977667,179.686897837594,1653,1600,0.970653533119594,1,0.864135864135864,0.864135864135864,1,1,0.849150849150849,0.849150849150849,1,0.000999000999000999,0.133866133866134,0.133866133866134,0.000999000999000999,0.000999000999000999,0.155844155844156,0.155844155844156,0.000999000999000999,0.999801050252709,0.000198949747290862,0.000416405738356803,0.999801050252709,0.000198949747290862,0.000416405738356803,0.99938481015102,0.000416322929030167,0.00019886691994934
