"species","D","shift_p_D_NA","shift_p_E_NA","shift_p_S_NA","shift_p_U_NA","shift_p_D_A","shift_p_E_A","shift_p_S_A","shift_p_U_A","cons_p_D_NA","cons_p_E_NA","cons_p_S_NA","cons_p_U_NA","cons_p_D_A","cons_p_E_A","cons_p_S_A","cons_p_U_A","nS_NA","nE_NA","nU_NA","nS_A","nE_A","nU_A","n_centroid_hist_X","n_centroid_hist_Y","n_centroid_rec_X","n_centroid_rec_Y","n_centroids_dist","niche_stability_std","niche_unfilling_std","niche_expansion_std","niche_abandonment_std","niche_pioneering_std"
"Acrocephalus arundinaceus",0.865459749997038,1,0.989010989010989,0.989010989010989,0.992007992007992,1,0.986013986013986,0.986013986013986,0.989010989010989,0.000999000999000999,0.00899100899100899,0.00899100899100899,0.00899100899100899,0.000999000999000999,0.011988011988012,0.011988011988012,0.00999000999000999,0.994514847120311,0.00548515287968934,0.00616801444914626,0.994514847120311,0.00548515287968934,0.00616801444914626,-0.76591810069083,-0.994377603068218,-0.786180265846992,-0.736809625955362,0.258363732305493,0.988414105695805,0.00613438948867454,0.0054515048155204,0,0
"Acrocephalus paludicola",0.548895612007062,0.999000999000999,1,1,1,0.999000999000999,1,1,1,0.003996003996004,0.002997002997003,0.002997002997003,0.002997002997003,0.00699300699300699,0.000999000999000999,0.000999000999000999,0.000999000999000999,0.992695940799352,0.00730405920064801,0.296312810056988,0.992695940799352,0.00730405920064801,0.296312810056988,-0.693069020408535,-1.79035334197345,-0.60265079081119,-1.92890785560401,0.165447301250039,0.700062552845795,0.29478652619242,0.0051509209617852,0,0
"Acrocephalus palustris",0.813760870593345,0.994005994005994,0.981018981018981,0.981018981018981,0.952047952047952,0.999000999000999,0.982017982017982,0.982017982017982,0.953046953046953,0.004995004995005,0.013986013986014,0.013986013986014,0.035964035964036,0.00599400599400599,0.014985014985015,0.014985014985015,0.041958041958042,0.98853883353146,0.0114611664685404,0.00937221807092318,0.98853883353146,0.0114611664685404,0.00937221807092318,-0.172301993684758,-1.37474786442882,-0.382664814712872,-1.06547341449971,0.374036364341567,0.979379233551896,0.00926579681937402,0.0113549696287299,0,0
"Acrocephalus schoenobaenus",0.843040036613515,1,0.988011988011988,0.988011988011988,0.98001998001998,1,1,1,0.993006993006993,0.001998001998002,0.013986013986014,0.013986013986014,0.017982017982018,0.000999000999000999,0.000999000999000999,0.000999000999000999,0.00999000999000999,0.99840784371755,0.00159215628244959,0.0168662912867086,0.998982978950819,0.00101702104918081,0.0152932540401439,0.0573827778624663,-1.37356995108573,-0.201938176639937,-1.12665065109396,0.358073313935096,0.981594765724151,0.0152449225906968,0.000999318866829574,0.0015949671389311,0.000566025679391234
"Acrocephalus scirpaceus",0.849328342426653,0.997002997002997,0.973026973026973,0.973026973026973,0.985014985014985,0.996003996003996,0.97002997002997,0.97002997002997,0.98001998001998,0.00599400599400599,0.020979020979021,0.020979020979021,0.010989010989011,0.002997002997003,0.014985014985015,0.014985014985015,0.010989010989011,0.992191329142279,0.00780867085772063,0.00500197809113288,0.992191329142279,0.00780867085772063,0.00500197809113288,-0.410776987503756,-0.580121283347243,-0.607951446987894,-0.407307923771973,0.262187384747156,0.987266971315421,0.00496311314382809,0.00776991554075085,0,0
"Aegithalos caudatus",0.863898428380321,1,0.998001998001998,0.998001998001998,0.998001998001998,1,1,1,0.999000999000999,0.001998001998002,0.001998001998002,0.001998001998002,0.001998001998002,0.000999000999000999,0.000999000999000999,0.000999000999000999,0.001998001998002,0.996851437596032,0.00314856240396765,0.00684939550791485,0.997435580204316,0.00256441979568368,0.00684939550791485,-0.225594710251255,-0.457492514590778,-0.440566029220026,-0.348548703332056,0.241000875497889,0.99004495889857,0.00682797700916835,0.00254541841258185,8.67361737988404e-19,0.000581645679679573
"Alectoris graeca",0.792933824617612,0.997002997002997,0.934065934065934,0.934065934065934,0.996003996003996,0.999000999000999,0.925074925074925,0.925074925074925,0.999000999000999,0.000999000999000999,0.0649350649350649,0.0649350649350649,0.000999000999000999,0.00599400599400599,0.0709290709290709,0.0709290709290709,0.00599400599400599,0.973403359828656,0.0265966401713438,0.0127690904585248,0.973403359828656,0.0265966401713438,0.0105918144389414,-0.325198735345036,0.852532052168932,0.83760252285671,0.890046136554852,1.16340623713425,0.961300356202791,0.0102909144492416,0.0262659455736939,0.00214278377427402,0
"Alectoris rufa",0.848504527971244,1,0.995004995004995,0.995004995004995,1,1,0.992007992007992,0.992007992007992,0.998001998001998,0.000999000999000999,0.00599400599400599,0.00599400599400599,0.000999000999000999,0.001998001998002,0.00999000999000999,0.00999000999000999,0.001998001998002,0.992696006577268,0.00730399342273169,0.00933826647163836,0.992696006577268,0.00730399342273169,0.00933826647163836,-0.913491329764331,1.3728663651368,-0.722898499062819,1.44880987722867,0.205165894201896,0.983493027494327,0.00927069215748349,0.00723628034818926,0,0
"Anser brachyrhynchus",0.661001407182192,0.997002997002997,0.932067932067932,0.932067932067932,0.991008991008991,0.999000999000999,0.942057942057942,0.942057942057942,1,0.002997002997003,0.0629370629370629,0.0629370629370629,0.004995004995005,0.001998001998002,0.0729270729270729,0.0729270729270729,0.000999000999000999,0.852831485305247,0.147168514694753,0.0471178912430346,0.853036711093186,0.146963288906814,0.00406019160094871,3.48829063768456,-0.747585025925547,3.72826784636759,0.297098503786148,1.07189212980513,0.818322332187525,0.00333609062716095,0.140982609259632,0.0371281203129066,0.000230847612775475
"Anthus campestris",0.862868491815381,1,0.997002997002997,0.997002997002997,1,0.995004995004995,0.998001998001998,0.998001998001998,0.999000999000999,0.00699300699300699,0.002997002997003,0.002997002997003,0.002997002997003,0.003996003996004,0.003996003996004,0.003996003996004,0.001998001998002,0.991631593390119,0.00836840660988064,0.00249772385371304,0.991631593390119,0.00836840660988064,0.00247036511069083,-1.15911201875954,-0.479585673410965,-1.37956538933206,-0.391890966739812,0.2372552426711,0.989175447219556,0.00244967610755178,0.00834767912400224,2.71975488900893e-05,0
"Anthus petrosus",0.848784606477424,1,1,1,0.999000999000999,1,1,1,0.997002997002997,0.000999000999000999,0.000999000999000999,0.000999000999000999,0.001998001998002,0.000999000999000999,0.000999000999000999,0.000999000999000999,0.000999000999000999,0.970008779310555,0.0299912206894447,0.00740979762200493,0.974878651020394,0.025121348979606,0.00740979762200493,1.52023560441087,2.18664099539989,1.83762931602735,2.44117150106741,0.406847079980976,0.963035224799607,0.0071891663866229,0.024816159361498,0,0.00495944945227237
"Anthus pratensis",0.89858524185259,1,0.992007992007992,0.992007992007992,0.982017982017982,1,1,1,1,0.000999000999000999,0.004995004995005,0.004995004995005,0.021978021978022,0.002997002997003,0.000999000999000999,0.000999000999000999,0.000999000999000999,0.994793037095895,0.00520696290410479,0.00567702379963497,0.995984700603527,0.00401529939647322,0.00382634817479234,0.433750250660163,-1.15179928627456,0.1385502955239,-0.85867443882596,0.416011045170941,0.989174813407839,0.00379946531902227,0.00398784542460967,0.00184816537254106,0.00118971047598807
"Anthus trivialis",0.866729370563014,1,0.959040959040959,0.959040959040959,0.963036963036963,1,0.986013986013986,0.986013986013986,0.973026973026973,0.000999000999000999,0.041958041958042,0.041958041958042,0.044955044955045,0.001998001998002,0.012987012987013,0.012987012987013,0.024975024975025,0.994069299570422,0.00593070042957758,0.00868010994204715,0.994776881029566,0.00522311897043408,0.00772411418795223,0.135456157544234,-1.0719928275355,-0.160603822468049,-0.813021132979168,0.39334190006437,0.98549140100182,0.00767130212617594,0.00517436515658156,0.000957772901399459,0.000705158814023122
"Apus apus",0.883696220688767,1,0.995004995004995,0.995004995004995,0.994005994005994,1,1,1,1,0.001998001998002,0.00699300699300699,0.00699300699300699,0.010989010989011,0.002997002997003,0.000999000999000999,0.000999000999000999,0.000999000999000999,0.997739122245788,0.00226087775421161,0.00475088733554443,0.998139316599075,0.0018606834009255,0.0037256392287385,-0.171888477163827,-0.609458759682419,-0.428754911862288,-0.4319666875699,0.312223959582691,0.993009642176563,0.00371343058005082,0.00185112090810372,0.00102676649529255,0.000399039839989674
"Apus pallidus",0.745676677952799,1,0.983016983016983,0.983016983016983,0.999000999000999,0.999000999000999,0.983016983016983,0.983016983016983,1,0.000999000999000999,0.016983016983017,0.016983016983017,0.001998001998002,0.001998001998002,0.00999000999000999,0.00999000999000999,0.000999000999000999,0.936608284090219,0.0633917159097813,0.00171837259915553,0.936608284090219,0.0633917159097813,0.00171837259915553,-3.3847746581741,2.13505951441865,-2.96621418388263,1.83766959841468,0.513452658752442,0.935100703147786,0.0016096173480863,0.063289679504128,0,0
"Aquila adalberti",0.657977528247879,0.988011988011988,0.984015984015984,0.984015984015984,0.991008991008991,0.986013986013986,0.978021978021978,0.978021978021978,0.989010989010989,0.014985014985015,0.017982017982018,0.017982017982018,0.00799200799200799,0.016983016983017,0.026973026973027,0.026973026973027,0.013986013986014,0.884476629769013,0.115523370230987,0.0850748030590012,0.884476629769013,0.115523370230987,0.0850748030590012,-3.99958719510714,1.62417067793394,-4.04322572849517,0.874765454427639,0.750674703593231,0.817262111296894,0.0759935494165327,0.106744339286574,0,0
"Aquila chrysaetos",0.796437536508808,1,0.968031968031968,0.968031968031968,1,1,1,1,1,0.001998001998002,0.035964035964036,0.035964035964036,0.001998001998002,0.000999000999000999,0.000999000999000999,0.000999000999000999,0.000999000999000999,0.998054318019461,0.00194568198053919,0.0193723490635813,0.999982499220572,1.75007794278355e-05,0.00682527181437301,0.947324171782527,0.0278949089020609,0.837691950995497,-0.01333650385795,0.11712921596631,0.978756553099721,0.00672618757346778,1.71293023254885e-05,0.0126091978572912,0.00189093216719429
"Branta leucopsis",0.487535471252843,0.975024975024975,0.989010989010989,0.989010989010989,0.933066933066933,0.971028971028971,0.995004995004995,0.995004995004995,0.956043956043956,0.034965034965035,0.00899100899100899,0.00899100899100899,0.0759240759240759,0.035964035964036,0.00899100899100899,0.00899100899100899,0.045954045954046,0.943811772548434,0.0561882274515663,0.0515876332107687,0.943838388088952,0.0561616119110477,0.046410489045151,0.604627886729816,-1.67902535434009,0.116042766340508,-0.837556343414214,0.973029041814477,0.897724918315914,0.0436916010593919,0.0534177027567391,0.00513895559713119,2.68222708239632e-05
"Buteo buteo",0.866725579374605,0.997002997002997,0.994005994005994,0.994005994005994,0.985014985014985,0.999000999000999,1,1,0.992007992007992,0.001998001998002,0.001998001998002,0.001998001998002,0.012987012987013,0.003996003996004,0.000999000999000999,0.000999000999000999,0.00599400599400599,0.998298698562743,0.00170130143725678,0.00790230101365031,0.998464200368526,0.00153579963147379,0.00733630657491434,-0.285261399891615,-0.689026071711181,-0.464610088681625,-0.387228801990842,0.351066295991721,0.990423157188285,0.00731974783419052,0.00152343120489593,0.000569215044151377,0.000164448728477463
"Caprimulgus ruficollis",0.779096189729719,1,0.999000999000999,0.999000999000999,0.999000999000999,0.999000999000999,0.998001998001998,0.998001998001998,0.998001998001998,0.001998001998002,0.001998001998002,0.001998001998002,0.004995004995005,0.000999000999000999,0.000999000999000999,0.000999000999000999,0.001998001998002,0.996487449544868,0.00351255045513219,0.0789337418220128,0.996487449544868,0.00351255045513219,0.0789337418220128,-3.55683798520048,1.45950385345842,-4.04407891779747,1.10833666484076,0.600601465832057,0.918085513716243,0.078678297317677,0.00323618896607996,0,0
"Carduelis carduelis",0.870974748469838,1,0.998001998001998,0.998001998001998,1,1,1,1,0.999000999000999,0.000999000999000999,0.00799200799200799,0.00799200799200799,0.002997002997003,0.002997002997003,0.000999000999000999,0.000999000999000999,0.000999000999000999,0.993383039068114,0.00661696093188573,0.00139460482345355,0.993975385827786,0.00602461417221372,0.00137061637914896,-0.466892520064986,-0.296072938700335,-0.541026988892321,-0.216335946870267,0.108875650787582,0.992006816574464,0.0013615269221245,0.00601268241777427,2.38626401349402e-05,0.000595111445502541
"Carduelis citrinella",0.85641109340112,1,0.997002997002997,0.997002997002997,0.999000999000999,1,0.996003996003996,0.996003996003996,1,0.000999000999000999,0.001998001998002,0.001998001998002,0.000999000999000999,0.000999000999000999,0.003996003996004,0.003996003996004,0.000999000999000999,0.979691811827457,0.0203081881725426,0.00643304257469118,0.979691811827457,0.0203081881725426,0.00428659582343486,1.74586690066996,0.498926988298097,1.70155545878274,0.569179820848888,0.0830600045962789,0.973516596248078,0.00419103745918995,0.0201801811416804,0.00211218515105181,0
"Certhia brachydactyla",0.864114011885879,0.998001998001998,0.981018981018981,0.981018981018981,0.99000999000999,0.998001998001998,0.982017982017982,0.982017982017982,0.993006993006993,0.003996003996004,0.021978021978022,0.021978021978022,0.011988011988012,0.003996003996004,0.018981018981019,0.018981018981019,0.00999000999000999,0.995967849017061,0.00403215098293917,0.00770095254581447,0.995967849017061,0.00403215098293917,0.00770095254581447,-0.720343439569689,0.31439720186857,-0.77317365394095,0.322462132812806,0.0534422553944785,0.988328636865796,0.007670139311027,0.00400122382317693,0,0
"Cettia cetti",0.848911687371599,1,0.976023976023976,0.976023976023976,0.982017982017982,0.999000999000999,0.971028971028971,0.971028971028971,0.977022977022977,0.004995004995005,0.033966033966034,0.033966033966034,0.02997002997003,0.000999000999000999,0.026973026973027,0.026973026973027,0.018981018981019,0.97600038286738,0.0239996171326196,0.00756272149562142,0.97600038286738,0.0239996171326196,0.00756272149562142,-1.5660306443491,1.43887167939981,-1.26751257949383,1.5201136616377,0.309375653086793,0.968795002429923,0.00738255902757794,0.0238224385424988,0,0
"Charadrius hiaticula",0.828655977478186,1,0.954045954045954,0.954045954045954,0.997002997002997,1,1,1,1,0.001998001998002,0.051948051948052,0.051948051948052,0.00599400599400599,0.000999000999000999,0.000999000999000999,0.000999000999000999,0.000999000999000999,0.994747208140681,0.00525279185931933,0.0169591142226912,0.997779597804517,0.00222040219548252,0.00521523962044228,1.36463961908167,-0.5541966432851,0.743226636380744,-0.494533207005814,0.62427063097499,0.977964296312332,0.00512705697618449,0.00217630634602417,0.0117444775111734,0.00298786285428574
"Ciconia ciconia",0.797022821729938,0.995004995004995,0.992007992007992,0.992007992007992,0.991008991008991,0.996003996003996,0.992007992007992,0.992007992007992,0.989010989010989,0.004995004995005,0.00699300699300699,0.00699300699300699,0.00899100899100899,0.00599400599400599,0.010989010989011,0.010989010989011,0.012987012987013,0.983894429476836,0.0161055705231639,0.00123267490258952,0.983894429476836,0.0161055705231639,0.00123267490258952,-0.756023092281864,-1.35599799917738,-0.785912070323429,-0.811902974720905,0.544915357323188,0.982701117005841,0.00121284604856456,0.016086036945595,0,0
"Cinclus cinclus",0.869062520843136,1,0.99000999000999,0.99000999000999,0.992007992007992,1,1,1,1,0.002997002997003,0.00599400599400599,0.00599400599400599,0.00699300699300699,0.003996003996004,0.000999000999000999,0.000999000999000999,0.000999000999000999,0.994737758114733,0.00526224188526669,0.0090500465731904,0.996029502450242,0.00397049754975737,0.00747273702281622,0.890375690069849,0.0742718121993711,0.533547959497072,0.0699225888483739,0.35685423501687,0.985782281511823,0.00742195406239333,0.00392964879424589,0.00158089772427544,0.00128521790726215
"Circus aeruginosus",0.831557295148802,1,0.988011988011988,0.988011988011988,0.989010989010989,0.999000999000999,0.989010989010989,0.989010989010989,0.985014985014985,0.00599400599400599,0.017982017982018,0.017982017982018,0.01998001998002,0.00699300699300699,0.014985014985015,0.014985014985015,0.016983016983017,0.987822666751581,0.0121773332484188,0.00233120357050579,0.987822666751581,0.0121773332484188,0.00233120357050579,-0.533617181348578,-1.24252213181169,-0.612002664792975,-0.910889060830038,0.340770858178243,0.985547828600602,0.00230288110158441,0.0121492902978133,0,0
"Circus pygargus",0.834737916888161,1,0.999000999000999,0.999000999000999,0.999000999000999,1,0.999000999000999,0.999000999000999,0.998001998001998,0.002997002997003,0.00599400599400599,0.00599400599400599,0.00699300699300699,0.00599400599400599,0.00699300699300699,0.00699300699300699,0.00799200799200799,0.997216397905758,0.00278360209424183,0.0139522325377981,0.997216397905758,0.00278360209424183,0.0139522325377981,-0.732749072597596,-0.017531917251349,-0.765220546396799,-0.727532532607335,0.710742759665247,0.983341193309583,0.0139139354560499,0.00274487123436722,0,0
"Coccothraustes coccothraustes",0.80376315392325,0.998001998001998,1,1,1,1,1,1,1,0.003996003996004,0.000999000999000999,0.000999000999000999,0.000999000999000999,0.002997002997003,0.000999000999000999,0.000999000999000999,0.001998001998002,0.988876675869344,0.0111233241306562,0.00393269438496329,0.988930513926844,0.0110694860731561,0.00393269438496329,-0.385429815879213,-0.848154873270783,-0.485393756363059,-0.627823952993938,0.241947316222146,0.985030815931598,0.00388911987873957,0.0110258352280867,4.33680868994202e-19,5.42289615753453e-05
"Columba oenas",0.826939742322284,1,0.986013986013986,0.986013986013986,1,1,0.988011988011988,0.988011988011988,0.999000999000999,0.00599400599400599,0.01998001998002,0.01998001998002,0.00799200799200799,0.001998001998002,0.018981018981019,0.018981018981019,0.002997002997003,0.998591641764191,0.0014083582358087,0.0160794544547197,0.998591641764191,0.0014083582358087,0.0160794544547197,-0.133503750109133,-0.737010326964799,-0.328206100610602,-0.645241454966487,0.215245281385306,0.98255708356782,0.016057172447431,0.00138574398474856,0,0
"Columba palumbus",0.895362837189369,1,0.994005994005994,0.994005994005994,0.993006993006993,1,1,1,0.997002997002997,0.003996003996004,0.011988011988012,0.011988011988012,0.017982017982018,0.001998001998002,0.000999000999000999,0.000999000999000999,0.004995004995005,0.995657172998304,0.00434282700169577,0.00358492139581462,0.99636642553066,0.00363357446934038,0.0029907840022643,-0.0965474397283512,-0.635108611077326,-0.325190115337263,-0.434139105850208,0.304411259878531,0.992103266047533,0.00297606735131309,0.00361802747070646,0.000593340922087988,0.000709298208359507
"Coracias garrulus",0.678115565022816,0.993006993006993,0.998001998001998,0.998001998001998,0.991008991008991,0.993006993006993,0.995004995004995,0.995004995004995,0.992007992007992,0.00899100899100899,0.00699300699300699,0.00699300699300699,0.010989010989011,0.00999000999000999,0.004995004995005,0.004995004995005,0.00699300699300699,0.985107563042009,0.0148924369579908,0.0256492918776456,0.985107563042009,0.0148924369579908,0.0253496918468273,-1.42574237230706,-1.31720019942927,-2.05130023195517,0.229217776103187,1.66815202868846,0.960207031952642,0.0249740364985662,0.0145160013245827,0.000302930224208926,1.73472347597681e-18
"Crex crex",0.765969179580952,1,0.987012987012987,0.987012987012987,0.975024975024975,1,0.994005994005994,0.994005994005994,0.983016983016983,0.000999000999000999,0.00899100899100899,0.00899100899100899,0.020979020979021,0.002997002997003,0.00799200799200799,0.00799200799200799,0.01998001998002,0.994639264595722,0.00536073540427825,0.0126106180745851,0.994911251180772,0.00508874881922843,0.0125736727993923,-0.100136437265331,-1.49492443992803,-0.260681456493028,-1.21572620969824,0.322065761859703,0.9821626450505,0.0125066462119373,0.00502354254649281,3.72176684945089e-05,0.000269948522575164
"Cyanistes caeruleus",0.888896561499473,1,0.989010989010989,0.989010989010989,0.992007992007992,1,1,1,1,0.000999000999000999,0.004995004995005,0.004995004995005,0.003996003996004,0.001998001998002,0.000999000999000999,0.000999000999000999,0.001998001998002,0.997115481469513,0.0028845185304866,0.00359166108131164,0.997751860135203,0.0022481398647974,0.00336698296496645,-0.197790038475751,-0.580121283347243,-0.351114997588758,-0.377819415949197,0.253839690828172,0.993544473933465,0.00335654876117047,0.00223865975954814,0.000224789210620917,0.000635528335194896
"Cygnus olor",0.723667746452385,0.998001998001998,0.979020979020979,0.979020979020979,0.991008991008991,0.999000999000999,0.988011988011988,0.988011988011988,0.989010989010989,0.003996003996004,0.022977022977023,0.022977022977023,0.012987012987013,0.004995004995005,0.00799200799200799,0.00799200799200799,0.016983016983017,0.969103735961801,0.0308962640381986,0.000770178901494725,0.969893389458945,0.030106610541055,0.000770178901494725,-0.0145214615735785,-0.848647812209228,-0.411827954242151,-0.625059016284089,0.455899549001593,0.968380395952648,0.000746401011895253,0.0300596454758836,1.0842021724855e-19,0.000813557559573172
"Dendrocopos major",0.86378570651285,1,0.996003996003996,0.996003996003996,0.985014985014985,1,1,1,0.994005994005994,0.000999000999000999,0.003996003996004,0.003996003996004,0.013986013986014,0.003996003996004,0.000999000999000999,0.000999000999000999,0.00899100899100899,0.995874249130077,0.00412575086992333,0.00726094605326242,0.996506437453943,0.00349356254605715,0.00645053436961158,-0.130156287822034,-0.830272928920808,-0.339695051805154,-0.524567492908143,0.370624212942527,0.988672877460844,0.00641887354075276,0.00346609957064065,0.000812332282194608,0.000629817145568062
"Emberiza calandra",0.866384822022041,1,0.981018981018981,0.981018981018981,0.998001998001998,1,0.982017982017982,0.982017982017982,0.999000999000999,0.000999000999000999,0.021978021978022,0.021978021978022,0.003996003996004,0.001998001998002,0.025974025974026,0.025974025974026,0.002997002997003,0.991691632336258,0.00830836766374209,0.00332510881654555,0.991691632336258,0.00830836766374209,0.00332510881654555,-0.78249705306154,0.164024923026026,-0.912762176374406,0.154680017902516,0.130599883627373,0.988421456101375,0.00329757368949362,0.0082809702091315,0,0
"Emberiza cia",0.842957103381068,1,0.994005994005994,0.994005994005994,0.998001998001998,1,0.994005994005994,0.994005994005994,0.999000999000999,0.001998001998002,0.004995004995005,0.004995004995005,0.001998001998002,0.000999000999000999,0.00599400599400599,0.00599400599400599,0.001998001998002,0.991744043456064,0.00825595654393611,0.00949430120116095,0.991744043456064,0.00825595654393611,0.0093512045017815,-1.16427388724455,0.920164143342116,-0.800233829649591,0.989418960930219,0.37056901286117,0.982405132165578,0.00927338864815338,0.00817821305125705,0.000143266135011661,0
"Emberiza cirlus",0.885381011987358,1,0.994005994005994,0.994005994005994,0.998001998001998,1,0.991008991008991,0.991008991008991,0.999000999000999,0.000999000999000999,0.011988011988012,0.011988011988012,0.002997002997003,0.000999000999000999,0.00899100899100899,0.00899100899100899,0.001998001998002,0.992619510225258,0.00738048977474183,0.00658538792450553,0.992619510225258,0.00738048977474183,0.00658538792450553,-1.21134772540266,1.24364461464988,-1.05148629612749,1.34298756778154,0.188214502381775,0.986130654980071,0.00653710226158519,0.00733224275834376,0,0
"Emberiza citrinella",0.860982524275713,0.997002997002997,0.99000999000999,0.99000999000999,0.975024975024975,0.998001998001998,1,1,0.969030969030969,0.001998001998002,0.017982017982018,0.017982017982018,0.032967032967033,0.002997002997003,0.000999000999000999,0.000999000999000999,0.018981018981019,0.998032296618803,0.00196770338119676,0.0115283082201158,0.998504945032088,0.0014950549679124,0.0105825329120605,0.141704981081249,-1.04228534242448,-0.139172345025493,-0.817402923893921,0.359811303998397,0.986549051855593,0.0105518531438014,0.00147715348672467,0.000954031788092871,0.000467909725787947
"Emberiza hortulana",0.760721428076279,0.994005994005994,0.984015984015984,0.984015984015984,0.954045954045954,0.984015984015984,0.972027972027972,0.972027972027972,0.939060939060939,0.018981018981019,0.030969030969031,0.030969030969031,0.0679320679320679,0.00899100899100899,0.010989010989011,0.010989010989011,0.03996003996004,0.997927250439157,0.00207274956084303,0.0288308156948068,0.997927250439157,0.00207274956084303,0.0281361276764437,-0.408251550856738,-1.33864820037141,-0.792923419622376,-1.21607511413432,0.403728384052118,0.969214113129812,0.0280594153249404,0.00201311080188322,0.000713360743364026,0
"Emberiza melanocephala",0.751860401865615,0.997002997002997,0.956043956043956,0.956043956043956,0.994005994005994,0.997002997002997,0.957042957042957,0.957042957042957,0.997002997002997,0.00799200799200799,0.044955044955045,0.044955044955045,0.012987012987013,0.003996003996004,0.0539460539460539,0.0539460539460539,0.00599400599400599,0.947165550443715,0.0528344495562854,0.00441136427178315,0.947165550443715,0.0528344495562854,0.00441136427178315,-2.4853267661705,1.18285038737146,-1.83734633443357,0.608881776376612,0.865631911565953,0.943207093341599,0.00417926633866823,0.0526136403197327,0,0
"Erithacus rubecula",0.898910561697343,1,0.995004995004995,0.995004995004995,0.979020979020979,1,1,1,0.997002997002997,0.001998001998002,0.003996003996004,0.003996003996004,0.01998001998002,0.001998001998002,0.000999000999000999,0.000999000999000999,0.002997002997003,0.996060064087132,0.00393993591286774,0.00559215580311274,0.996693518989168,0.00330648101083198,0.00464447026507288,-0.0506846440438911,-0.658544566794972,-0.304987423056118,-0.4319666875699,0.340598647630129,0.990511764703199,0.00462186856950904,0.00328597334947896,0.000948377225876833,0.000632016151936044
"Ficedula albicollis",0.764508213418647,0.983016983016983,0.968031968031968,0.968031968031968,0.974025974025974,0.986013986013986,0.964035964035964,0.964035964035964,0.974025974025974,0.00599400599400599,0.025974025974026,0.025974025974026,0.017982017982018,0.015984015984016,0.036963036963037,0.036963036963037,0.02997002997003,0.97690952134159,0.02309047865841,0.01330507987398,0.97690952134159,0.02309047865841,0.01330507987398,-0.580647931947409,-1.49754092920049,-0.837180505635329,-1.3006590546598,0.323375066889214,0.964207886716598,0.0130018536491982,0.0227902596342034,0,0
"Ficedula hypoleuca",0.85212585697768,1,1,1,0.992007992007992,1,1,1,1,0.001998001998002,0.001998001998002,0.001998001998002,0.00599400599400599,0.003996003996004,0.000999000999000999,0.000999000999000999,0.000999000999000999,0.99463298895609,0.00536701104391039,0.00786615902240522,0.995886253820569,0.00411374617943136,0.00618270567577368,0.316783144717115,-1.41617066345725,0.0251247411551945,-1.18095050009163,0.374690738639265,0.986850710324791,0.00613936537702857,0.0040764227076069,0.00168490620626848,0.00124859538430538
"Ficedula parva",0.757958433447686,0.999000999000999,0.997002997002997,0.997002997002997,0.966033966033966,0.998001998001998,0.991008991008991,0.991008991008991,0.962037962037962,0.00699300699300699,0.012987012987013,0.012987012987013,0.046953046953047,0.00699300699300699,0.013986013986014,0.013986013986014,0.04995004995005,0.968846530397274,0.0311534696027258,0.0109654909314552,0.968846530397274,0.0311534696027258,0.0109654909314552,-0.203565256733071,-1.70773673170146,-0.30358289112839,-1.54966715233733,0.187054855885614,0.958550105816277,0.0106275083389889,0.0308223858447344,0,0
"Ficedula semitorquata",0.615898356520954,0.931068931068931,0.953046953046953,0.953046953046953,0.961038961038961,0.922077922077922,0.944055944055944,0.944055944055944,0.946053946053946,0.0739260739260739,0.0539460539460539,0.0539460539460539,0.04995004995005,0.0769230769230769,0.0579420579420579,0.0579420579420579,0.0559440559440559,0.966941161130186,0.0330588388698139,0.196906609816221,0.966941161130186,0.0330588388698139,0.196906609816221,-2.10587146231726,-0.289189542877386,-1.5684874663377,-0.310455497633862,0.537804611328933,0.781632092343057,0.191644617311084,0.0267232903458597,0,0
"Garrulus glandarius",0.880628072896062,1,0.987012987012987,0.987012987012987,0.994005994005994,1,1,1,0.997002997002997,0.000999000999000999,0.026973026973027,0.026973026973027,0.017982017982018,0.001998001998002,0.000999000999000999,0.000999000999000999,0.002997002997003,0.996539303416009,0.00346069658399122,0.00468316564626169,0.997144357172371,0.00285564282762874,0.0040522107359324,-0.189154149972375,-0.658544566794972,-0.384093340842488,-0.444833402936759,0.289264152107941,0.991888420335959,0.00403569438986596,0.0028405907659875,0.00063133987973751,0.000603954628449532
"Hieraaetus pennatus",0.783852213742656,0.998001998001998,0.986013986013986,0.986013986013986,1,1,0.988011988011988,0.988011988011988,0.999000999000999,0.001998001998002,0.017982017982018,0.017982017982018,0.00699300699300699,0.000999000999000999,0.015984015984016,0.015984015984016,0.000999000999000999,0.968730122631053,0.0312698773689474,0.00388016061956357,0.968730122631053,0.0312698773689474,0.00348626753092587,-1.66950776223662,0.414637372415942,-1.7549558584095,0.663336226794684,0.262968624190928,0.965088390404442,0.00337632709948122,0.0311523250006703,0.000382957495406901,0
"Hippolais icterina",0.819331975269118,1,0.991008991008991,0.991008991008991,0.966033966033966,1,1,1,0.953046953046953,0.001998001998002,0.010989010989011,0.010989010989011,0.043956043956044,0.001998001998002,0.000999000999000999,0.000999000999000999,0.043956043956044,0.992786943473077,0.00721305652692275,0.00669804274565202,0.993934638280578,0.00606536171942202,0.00669804274565202,0.128726848117432,-1.570711493941,-0.264849483765193,-1.27962941248411,0.4895213040956,0.986184859993468,0.00665005067100625,0.0060180696674638,0,0.00114701966806208
"Hippolais olivetorum",0.73463922662518,0.994005994005994,0.972027972027972,0.972027972027972,0.992007992007992,0.996003996003996,0.98001998001998,0.98001998001998,0.999000999000999,0.00799200799200799,0.035964035964036,0.035964035964036,0.00799200799200799,0.004995004995005,0.027972027972028,0.027972027972028,0.00599400599400599,0.908844556908366,0.0911554430916341,0.00698234193177181,0.909726467640379,0.0902735323596206,0.00698234193177181,-3.15768038884419,2.0153151671292,-2.29290442099864,2.19474006577822,0.883193505874228,0.903073480278582,0.00634990503702303,0.0896133463682741,0,0.0009632683161203
"Hippolais polyglotta",0.860136617906537,1,0.995004995004995,0.995004995004995,0.997002997002997,1,0.994005994005994,0.994005994005994,0.997002997002997,0.000999000999000999,0.002997002997003,0.002997002997003,0.001998001998002,0.000999000999000999,0.00699300699300699,0.00699300699300699,0.001998001998002,0.985886024234989,0.0141139757650112,0.00548036633466953,0.985886024234989,0.0141139757650112,0.00548036633466953,-0.907978516886436,1.15260984798027,-0.628246246058302,1.16318817025007,0.279932213660215,0.980558853647623,0.00540343453139,0.0140377118209874,0,0
"Lanius collurio",0.839195305233534,0.997002997002997,0.957042957042957,0.957042957042957,0.957042957042957,0.991008991008991,0.953046953046953,0.953046953046953,0.957042957042957,0.00699300699300699,0.044955044955045,0.044955044955045,0.051948051948052,0.00999000999000999,0.0569430569430569,0.0569430569430569,0.0569430569430569,0.992230856769499,0.0077691432305008,0.00767696872047954,0.992230856769499,0.0077691432305008,0.00767696872047954,-0.197436219782147,-1.09494259706727,-0.4445112936049,-0.775757673365452,0.403639824129199,0.984672260788604,0.00761777960171989,0.00770995960967665,0,0
"Lanius senator",0.859252922369081,0.996003996003996,0.983016983016983,0.983016983016983,0.974025974025974,0.998001998001998,0.986013986013986,0.986013986013986,0.978021978021978,0.002997002997003,0.012987012987013,0.012987012987013,0.013986013986014,0.002997002997003,0.010989010989011,0.010989010989011,0.013986013986014,0.984792736764684,0.0152072632353161,0.0182511674572388,0.984792736764684,0.0152072632353161,0.0182511674572388,-1.59239485695004,1.1682494422612,-2.08532074039474,1.44246895047374,0.564067606988798,0.967087535058416,0.0179786071173053,0.0149338578242789,0,0
"Linaria cannabina",0.884700021069263,1,0.996003996003996,0.996003996003996,0.997002997002997,1,1,1,0.996003996003996,0.002997002997003,0.010989010989011,0.010989010989011,0.00799200799200799,0.000999000999000999,0.000999000999000999,0.000999000999000999,0.003996003996004,0.996088534729678,0.00391146527032208,0.0029361052353442,0.996549437102095,0.00345056289790475,0.00286492511113153,-0.346022233833712,-0.457492514590778,-0.491473053498769,-0.265500918936444,0.240866589096816,0.993175320063793,0.0028535481158598,0.00343887998220374,7.11062339421751e-05,0.000461145604201387
"Locustella fluviatilis",0.775926086566921,0.989010989010989,0.978021978021978,0.978021978021978,0.965034965034965,0.997002997002997,0.984015984015984,0.984015984015984,0.969030969030969,0.011988011988012,0.023976023976024,0.023976023976024,0.035964035964036,0.00599400599400599,0.016983016983017,0.016983016983017,0.02997002997003,0.978990444779379,0.0210095552206211,0.0186296836028414,0.978990444779379,0.0210095552206211,0.0186296836028414,-0.477226429447132,-1.73659174861869,-0.482449558200993,-1.48108062859094,0.255564499748729,0.961128349492208,0.018245423520141,0.0206262269876511,0,0
"Locustella luscinioides",0.803658466932663,0.995004995004995,0.988011988011988,0.988011988011988,0.99000999000999,1,0.982017982017982,0.982017982017982,0.988011988011988,0.003996003996004,0.01998001998002,0.01998001998002,0.012987012987013,0.003996003996004,0.020979020979021,0.020979020979021,0.018981018981019,0.992530598626156,0.00746940137384401,0.0128012814833495,0.992530598626156,0.00746940137384401,0.0128012814833495,-0.730887132551233,-1.07982428668367,-0.743117129041772,-1.15895587414741,0.0800710993348389,0.979918632823454,0.0127068785790168,0.00737448859752863,0,0
"Locustella naevia",0.823334508312125,1,0.975024975024975,0.975024975024975,0.965034965034965,1,0.989010989010989,0.989010989010989,0.956043956043956,0.000999000999000999,0.031968031968032,0.031968031968032,0.0529470529470529,0.001998001998002,0.015984015984016,0.015984015984016,0.030969030969031,0.992632571625018,0.00736742837498184,0.0068116740055728,0.993525320361806,0.00647467963819389,0.00677891145510202,0.113011644544124,-1.00835059814662,-0.147218089867472,-0.785050183699259,0.342903178410894,0.985920560090206,0.00672908404352107,0.006425120371334,3.27447808381905e-05,0.00089249071410049
"Lophophanes cristatus",0.80865410758348,0.989010989010989,1,1,0.992007992007992,0.995004995004995,1,1,0.997002997002997,0.00799200799200799,0.004995004995005,0.004995004995005,0.011988011988012,0.00699300699300699,0.000999000999000999,0.000999000999000999,0.004995004995005,0.997575672373541,0.00242432762645919,0.0119783146522735,0.997959083704649,0.002040916295351,0.0117210695409651,0.144756590197441,-0.830272928920808,-0.20729562131325,-0.587250907047377,0.427785533585486,0.985655019870497,0.0116899497451973,0.0020157533755598,0.000259672557319807,0.000379604451425647
"Loxia pytyopsittacus",0.662953337881033,0.999000999000999,0.999000999000999,0.999000999000999,0.995004995004995,0.995004995004995,0.998001998001998,0.998001998001998,1,0.00999000999000999,0.00799200799200799,0.00799200799200799,0.010989010989011,0.002997002997003,0.002997002997003,0.002997002997003,0.000999000999000999,0.998961034481726,0.00103896551827423,0.0553900687829668,0.998961034481726,0.00103896551827423,0.0429710548868606,1.37124391739395,-2.35359786649099,0.83121914146258,-2.1849590949207,0.565743576098267,0.943682821479887,0.0423718075870796,0.000981473628962922,0.0129638973040703,2.16840434497101e-19
"Lullula arborea",0.883909929417354,1,0.989010989010989,0.989010989010989,0.995004995004995,1,0.993006993006993,0.993006993006993,0.998001998001998,0.003996003996004,0.00799200799200799,0.00799200799200799,0.00599400599400599,0.000999000999000999,0.00799200799200799,0.00799200799200799,0.001998001998002,0.994515271953002,0.00548472804699761,0.00268578301862267,0.994515271953002,0.00548472804699761,0.00268578301862267,-0.573840925586113,-0.573240394032439,-0.680987764400575,-0.529132508346889,0.115870404537059,0.991858830587428,0.00267109157645989,0.00547007783611211,0,0
"Luscinia luscinia",0.741569761719605,0.994005994005994,0.979020979020979,0.979020979020979,0.967032967032967,0.999000999000999,0.983016983016983,0.983016983016983,0.972027972027972,0.00899100899100899,0.028971028971029,0.028971028971029,0.038961038961039,0.002997002997003,0.016983016983017,0.016983016983017,0.021978021978022,0.98532126079021,0.0146787392097901,0.0248626212117496,0.98532126079021,0.0146787392097901,0.0248626212117496,-0.307560766041789,-1.88499784912733,-0.482449558200993,-1.81123220338002,0.189809009573892,0.96117437395687,0.0245066130146976,0.0143190130284321,0,0
"Luscinia megarhynchos",0.907490817633429,0.999000999000999,0.984015984015984,0.984015984015984,0.994005994005994,0.999000999000999,0.982017982017982,0.982017982017982,0.99000999000999,0.003996003996004,0.020979020979021,0.020979020979021,0.00899100899100899,0.001998001998002,0.018981018981019,0.018981018981019,0.00899100899100899,0.994699358629237,0.00530064137076334,0.00352013253844867,0.994699358629237,0.00530064137076334,0.00352013253844867,-0.915742918267873,0.455647198288013,-0.87784862876833,0.453098634124058,0.0379798941016554,0.991216380117902,0.00350153891335989,0.00528208096873785,0,0
"Melanitta nigra",0.677408636542924,0.999000999000999,0.958041958041958,0.958041958041958,1,0.999000999000999,0.973026973026973,0.973026973026973,1,0.001998001998002,0.046953046953047,0.046953046953047,0.000999000999000999,0.001998001998002,0.020979020979021,0.020979020979021,0.000999000999000999,0.977479995979378,0.0225200040206221,0.064515726623689,0.981042792386249,0.0189572076137507,0.00768356625579697,2.82477342781181,-2.54117900070045,2.37822141312448,-2.51024028982108,0.44762250351405,0.915747648429889,0.00709068951297354,0.0176954750881596,0.0560638996381185,0.0034022873308592
"Melanocorypha calandra",0.805151825537495,0.998001998001998,0.999000999000999,0.999000999000999,1,0.999000999000999,1,1,1,0.001998001998002,0.000999000999000999,0.000999000999000999,0.000999000999000999,0.001998001998002,0.001998001998002,0.001998001998002,0.000999000999000999,0.995419542107838,0.00458045789216201,0.0323733482894263,0.995419542107838,0.00458045789216201,0.0313298791209626,-2.70433736813269,0.721488963186959,-2.87086109575766,0.594513620766398,0.209410815014255,0.963337326820103,0.0311573995640503,0.00443283045468819,0.00107244316115848,0
"Merops apiaster",0.820462604720039,0.996003996003996,0.968031968031968,0.968031968031968,0.991008991008991,0.993006993006993,0.96003996003996,0.96003996003996,0.991008991008991,0.00599400599400599,0.036963036963037,0.036963036963037,0.012987012987013,0.012987012987013,0.032967032967033,0.032967032967033,0.00799200799200799,0.984968668322903,0.0150313316770965,0.00276642571747582,0.984968668322903,0.0150313316770965,0.00249482351975575,-1.59515247703754,0.0699620867178572,-1.23955614698878,0.0812004668827366,0.355773876405894,0.982284672072878,0.00245675607582325,0.0149903719601515,0.000268199891147478,0
"Milvus milvus",0.738896461449289,0.998001998001998,0.946053946053946,0.946053946053946,0.998001998001998,0.997002997002997,0.946053946053946,0.946053946053946,0.997002997002997,0.002997002997003,0.0539460539460539,0.0539460539460539,0.002997002997003,0.00699300699300699,0.0559440559440559,0.0559440559440559,0.00699300699300699,0.967153140990823,0.0328468590091772,0.0108390009577123,0.967153140990823,0.0328468590091772,0.0108390009577123,-0.534865247997156,0.0175088502824956,-0.441672707849402,-0.0630010016656398,0.123153099026786,0.957010889015553,0.0104867073738491,0.0325024036105979,0,0
"Monticola solitarius",0.867144762543675,0.998001998001998,0.986013986013986,0.986013986013986,0.996003996003996,1,0.991008991008991,0.991008991008991,0.998001998001998,0.003996003996004,0.00999000999000999,0.00999000999000999,0.003996003996004,0.001998001998002,0.00999000999000999,0.00999000999000999,0.002997002997003,0.982625553622419,0.0173744463775808,0.0113546547039176,0.982625553622419,0.0173744463775808,0.0113546547039176,-2.7083538283563,1.58253373718897,-2.63222135839248,1.75004506504984,0.184000537891884,0.971659869632375,0.0111595754350364,0.0171805549325881,0,0
"Numenius arquata",0.867178883200701,1,0.99000999000999,0.99000999000999,0.993006993006993,1,1,1,1,0.001998001998002,0.011988011988012,0.011988011988012,0.00899100899100899,0.001998001998002,0.000999000999000999,0.000999000999000999,0.000999000999000999,0.995983440088059,0.00401655991194143,0.00610609924691176,0.99722596889868,0.00277403110131959,0.00288523793958532,0.595633880662714,-1.25091489489481,0.291894891415781,-0.852962256856798,0.500623287223199,0.989926144801583,0.00286443705282934,0.00275372483201748,0.00321728583800552,0.00123840747556509
"Numenius phaeopus",0.771663639049756,0.998001998001998,0.98001998001998,0.98001998001998,1,0.998001998001998,0.986013986013986,0.986013986013986,1,0.003996003996004,0.020979020979021,0.020979020979021,0.001998001998002,0.00599400599400599,0.017982017982018,0.017982017982018,0.000999000999000999,0.993800069751512,0.00619993024848804,0.033441930048939,0.994727095655929,0.00527290434407056,0.0054901429985917,2.13514979355038,-2.43197447316828,1.92690116755475,-2.26813987729084,0.264970309724298,0.960764680011526,0.00530385440036117,0.00509287449491036,0.0279376302256619,0.000900960867540147
"Oenanthe hispanica",0.829228567990971,0.999000999000999,0.99000999000999,0.99000999000999,0.997002997002997,1,0.992007992007992,0.992007992007992,0.998001998001998,0.001998001998002,0.00899100899100899,0.00899100899100899,0.000999000999000999,0.002997002997003,0.00899100899100899,0.00899100899100899,0.000999000999000999,0.98248182007673,0.0175181799232703,0.0131077114613222,0.98248182007673,0.0175181799232703,0.0131077114613222,-2.74493860178827,1.34943716156343,-3.11370106085972,1.39571566692947,0.371655016486175,0.969826426557,0.0128810460011778,0.0172925274418217,0,0
"Oenanthe leucura",0.784561952117833,1,0.998001998001998,0.998001998001998,0.995004995004995,1,1,1,0.997002997002997,0.000999000999000999,0.002997002997003,0.002997002997003,0.003996003996004,0.000999000999000999,0.003996003996004,0.003996003996004,0.004995004995005,0.999581477108071,0.000418522891928697,0.106414166705958,0.999581477108071,0.000418522891928697,0.106414166705958,-3.40025411947009,0.939550165786343,-4.04162378049069,0.797096357869847,0.656999337494026,0.893251629704637,0.106374367511352,0.00037400278401076,0,0
"Oriolus oriolus",0.864198159715131,1,0.998001998001998,0.998001998001998,1,1,0.999000999000999,0.999000999000999,1,0.003996003996004,0.004995004995005,0.004995004995005,0.003996003996004,0.001998001998002,0.001998001998002,0.001998001998002,0.001998001998002,0.997111411454106,0.00288858854589357,0.00749051394599851,0.997111411454106,0.00288858854589357,0.00749051394599851,-0.561937491592009,-0.684502692246026,-0.686093090882249,-0.569473220869521,0.169252450854565,0.989663947892391,0.00746903854089366,0.0028670135667155,0,0
"Otus scops",0.824208368897404,1,0.997002997002997,0.997002997002997,0.997002997002997,1,0.995004995004995,0.995004995004995,0.994005994005994,0.000999000999000999,0.00899100899100899,0.00899100899100899,0.00799200799200799,0.000999000999000999,0.00699300699300699,0.00699300699300699,0.00599400599400599,0.989442327372185,0.0105576726278152,0.00512530074158016,0.989442327372185,0.0105576726278152,0.00512530074158016,-1.57227805695565,0.883386009025184,-1.59712649249753,0.796317077814193,0.0905452568117374,0.984424406310499,0.00507146391746992,0.0105041297720308,0,0
"Passer hispaniolensis",0.842649995358947,1,0.997002997002997,0.997002997002997,1,1,0.996003996003996,0.996003996003996,1,0.000999000999000999,0.003996003996004,0.003996003996004,0.000999000999000999,0.001998001998002,0.00899100899100899,0.00899100899100899,0.001998001998002,0.953255526710678,0.0467444732893221,0,0.953255526710678,0.0467444732893221,0,-3.18122180181702,1.29083108731176,-2.90067369901436,1.08436139868842,0.348334566625815,0.953255526710678,0,0.0467444732893221,0,0
"Passer italiae",0.808667070654084,0.993006993006993,0.913086913086913,0.913086913086913,0.985014985014985,0.991008991008991,0.904095904095904,0.904095904095904,0.982017982017982,0.00899100899100899,0.0799200799200799,0.0799200799200799,0.020979020979021,0.004995004995005,0.0839160839160839,0.0839160839160839,0.010989010989011,0.968851707758813,0.0311482922411873,0.0306774532917705,0.968851707758813,0.0311482922411873,0.0301569223498706,-1.2457443460233,1.09316155800011,-0.972059281145308,1.48303024126527,0.476341374361054,0.940028048812967,0.0292298347310365,0.0302216202385313,0.000520496217464833,0
"Perdix perdix",0.810480257824103,0.998001998001998,1,1,0.993006993006993,0.996003996003996,1,1,0.984015984015984,0.003996003996004,0.001998001998002,0.001998001998002,0.021978021978022,0.002997002997003,0.000999000999000999,0.000999000999000999,0.013986013986014,0.999198490206781,0.000801509793218979,0.0249149528357007,0.999198490206781,0.000801509793218979,0.0249149528357007,-0.312308056100101,-0.972004539842416,-0.525412879654692,-0.889243604606004,0.228611106955543,0.974322963768875,0.0248954804092605,0.000781555821864066,0,0
"Periparus ater",0.873609304129686,1,0.996003996003996,0.996003996003996,0.986013986013986,1,1,1,0.987012987012987,0.000999000999000999,0.001998001998002,0.001998001998002,0.00999000999000999,0.002997002997003,0.000999000999000999,0.000999000999000999,0.018981018981019,0.995447898865903,0.00455210113409663,0.00527168344097215,0.99605788176349,0.00394211823650957,0.00523823239956962,0.0885584619842483,-0.433097781473729,-0.207207869637786,-0.354756167859115,0.305965898990226,0.990223975299698,0.00521433722041577,0.00391902926800475,3.34749173733799e-05,0.000609183294507919
"Pernis apivorus",0.821549278094741,0.989010989010989,0.948051948051948,0.948051948051948,0.956043956043956,0.994005994005994,0.954045954045954,0.954045954045954,0.963036963036963,0.011988011988012,0.0539460539460539,0.0539460539460539,0.048951048951049,0.012987012987013,0.050949050949051,0.050949050949051,0.040959040959041,0.987726049554081,0.0122739504459189,0.00658168599444938,0.987726049554081,0.0122739504459189,0.00655130495567551,-0.019270128216147,-1.02268346925265,-0.378152479632815,-0.726480557510828,0.46533075020107,0.981304419844693,0.00647121944074624,0.0121941522418818,3.02084726785633e-05,0
"Phasianus colchicus",0.839851006675052,0.997002997002997,0.944055944055944,0.944055944055944,0.968031968031968,0.996003996003996,0.935064935064935,0.935064935064935,0.962037962037962,0.002997002997003,0.043956043956044,0.043956043956044,0.023976023976024,0.003996003996004,0.040959040959041,0.040959040959041,0.026973026973027,0.984894438768415,0.015105561231585,0.00437139920774461,0.985185033119319,0.0148149668806811,0.00437139920774461,-0.182060782347609,-0.50391205670223,-0.430392926718233,-0.324754379872782,0.306212878721058,0.980653826962492,0.00430565108198416,0.0147468277323118,0,0.00029369422321242
"Phoenicurus phoenicurus",0.875261802506538,1,0.965034965034965,0.965034965034965,0.977022977022977,1,0.996003996003996,0.996003996003996,0.989010989010989,0.003996003996004,0.022977022977023,0.022977022977023,0.023976023976024,0.001998001998002,0.00599400599400599,0.00599400599400599,0.00999000999000999,0.992359034918554,0.00764096508144638,0.00488202788949249,0.99329173927231,0.00670826072768984,0.00395284130360771,0.115075341510999,-0.946122447581368,-0.184017333236542,-0.659459808514532,0.414284801464406,0.987551149453813,0.00391912465077989,0.00666949127888579,0.000925780565542023,0.000934454050979759
"Phylloscopus bonelli",0.863589625803003,0.997002997002997,0.996003996003996,0.996003996003996,0.998001998001998,0.998001998001998,0.998001998001998,0.998001998001998,1,0.001998001998002,0.000999000999000999,0.000999000999000999,0.001998001998002,0.003996003996004,0.003996003996004,0.003996003996004,0.003996003996004,0.992949109179817,0.00705089082018301,0.00912198431443736,0.992949109179817,0.00705089082018301,0.00912198431443736,-0.297579780573206,0.884063361537366,-0.612099268856562,1.00001542784046,0.335212455302574,0.983954729094722,0.00905824880846561,0.00698702209681247,0,0
"Phylloscopus trochilus",0.87251856217599,1,0.987012987012987,0.987012987012987,0.978021978021978,1,1,1,0.993006993006993,0.001998001998002,0.012987012987013,0.012987012987013,0.017982017982018,0.003996003996004,0.000999000999000999,0.000999000999000999,0.00899100899100899,0.997158281588208,0.00284171841179194,0.00931369387890774,0.998018303548008,0.00198169645199245,0.00786691351606742,0.318902703063381,-1.27171345363572,0.0453121687039495,-0.978572323149252,0.400978182541104,0.987897201176545,0.00783332594215101,0.00196159967361827,0.00145414685195001,0.000853726355735653
"Pluvialis apricaria",0.79923607300287,0.995004995004995,0.982017982017982,0.982017982017982,1,0.994005994005994,1,1,1,0.002997002997003,0.012987012987013,0.012987012987013,0.000999000999000999,0.003996003996004,0.000999000999000999,0.000999000999000999,0.000999000999000999,0.984968726836568,0.0150312731634315,0.0179152176346257,0.988913640165645,0.0110863598343546,0.00085092465610113,1.89956356106947,-1.80102179179938,1.76173579115808,-1.82937122813532,0.140713129093608,0.967583356831852,0.000824041732589237,0.0108472335984503,0.0168266404982604,0.00391872733884831
"Poecile lugubris",0.717129242988827,0.954045954045954,0.904095904095904,0.904095904095904,0.966033966033966,0.954045954045954,0.917082917082917,0.917082917082917,0.951048951048951,0.0539460539460539,0.103896103896104,0.103896103896104,0.042957042957043,0.040959040959041,0.0749250749250749,0.0749250749250749,0.035964035964036,0.948430486633617,0.0515695133663829,0.0206541013803087,0.948430486633617,0.0515695133663829,0.0206541013803087,-2.03341643943325,-0.289189542877386,-1.49279671194668,0.0249611177879847,0.62526820432847,0.929831891574734,0.0196098663223039,0.0505582421029619,0,0
"Poecile palustris",0.835358288861091,0.998001998001998,0.988011988011988,0.988011988011988,0.96003996003996,0.999000999000999,0.992007992007992,0.992007992007992,0.949050949050949,0.001998001998002,0.014985014985015,0.014985014985015,0.038961038961039,0.00599400599400599,0.00699300699300699,0.00699300699300699,0.043956043956044,0.991262324610807,0.00873767538919268,0.00951752613126562,0.991933800644773,0.00806619935522713,0.00951752613126562,-0.189979656724682,-0.796547374558022,-0.386411254008718,-0.526221885178804,0.334157511691226,0.981909616171844,0.00943514971441588,0.00798468477201638,0,0.000670549341723295
"Porzana porzana",0.768177002325132,1,0.985014985014985,0.985014985014985,0.975024975024975,1,0.984015984015984,0.984015984015984,0.974025974025974,0.001998001998002,0.011988011988012,0.011988011988012,0.023976023976024,0.001998001998002,0.011988011988012,0.011988011988012,0.022977022977023,0.987061251036414,0.0129387489635863,0.0236037168438768,0.987061251036414,0.0129387489635863,0.0236037168438768,-0.336320995777449,-1.5236673795485,-0.327735829678038,-1.29574862191626,0.228080391874397,0.964057362352441,0.0233054318157244,0.0126372058318347,0,0
"Prunella modularis",0.87400636434613,1,0.992007992007992,0.992007992007992,0.981018981018981,1,1,1,0.992007992007992,0.001998001998002,0.010989010989011,0.010989010989011,0.013986013986014,0.003996003996004,0.000999000999000999,0.000999000999000999,0.00699300699300699,0.997622954586361,0.00237704541363923,0.00838700697520582,0.998506282122236,0.00149371787776431,0.00703969689746448,0.292430638325876,-0.727837442236861,0.0723098563598676,-0.511875206419196,0.308371279390108,0.989275606399394,0.00701357385118745,0.00147990922618353,0.001353663639281,0.000877246883954161
"Rallus aquaticus",0.850992252983697,1,0.989010989010989,0.989010989010989,1,1,0.993006993006993,0.993006993006993,1,0.003996003996004,0.013986013986014,0.013986013986014,0.003996003996004,0.00599400599400599,0.004995004995005,0.004995004995005,0.000999000999000999,0.994231679086758,0.00576832091324196,0.00321362104078403,0.994426965471813,0.00557303452818711,0.00316110513695476,-0.514684811350982,-0.443192505144996,-0.485393756363059,-0.497326890964258,0.0615507727842164,0.991054966625038,0.00314276355201143,0.00555413694530311,5.2379520313838e-05,0.000195753357333955
"Regulus ignicapilla",0.866611847431876,0.999000999000999,0.986013986013986,0.986013986013986,0.996003996003996,1,0.992007992007992,0.992007992007992,0.999000999000999,0.003996003996004,0.00999000999000999,0.00999000999000999,0.003996003996004,0.00599400599400599,0.015984015984016,0.015984015984016,0.00699300699300699,0.993299396113471,0.00670060388652856,0.00444420729560223,0.993299396113471,0.00670060388652856,0.00444420729560223,-0.404114376359262,0.434773245991697,-0.528783233783963,0.22799948946447,0.241449188029202,0.988914416447043,0.00441455988354147,0.00667102366941559,0,0
"Regulus regulus",0.879013139291496,0.999000999000999,0.959040959040959,0.959040959040959,0.973026973026973,1,1,1,0.994005994005994,0.000999000999000999,0.035964035964036,0.035964035964036,0.023976023976024,0.003996003996004,0.000999000999000999,0.000999000999000999,0.018981018981019,0.995375828266606,0.00462417173339411,0.00582092815651318,0.996637938012971,0.00336206198702946,0.00472506374768873,0.338991720149463,-0.721047270590083,0.0483127416221496,-0.548276166347491,0.33814807853792,0.989608454344042,0.00469816214767204,0.00333834870166239,0.00109600499882929,0.00125902980779431
"Remiz pendulinus",0.837167071006695,0.995004995004995,0.993006993006993,0.993006993006993,0.993006993006993,0.997002997002997,0.994005994005994,0.994005994005994,0.994005994005994,0.001998001998002,0.004995004995005,0.004995004995005,0.004995004995005,0.004995004995005,0.011988011988012,0.011988011988012,0.00599400599400599,0.992275720201323,0.0077242797986775,0.0132462281204973,0.992275720201323,0.0077242797986775,0.0132462281204973,-0.767651323490446,-1.12815655892871,-0.891617096201094,-1.07107491387813,0.136476470519386,0.979232002294279,0.0131452555388512,0.0076227421668703,0,0
"Saxicola rubetra",0.862931404972113,1,0.999000999000999,0.999000999000999,0.987012987012987,1,1,1,0.996003996003996,0.002997002997003,0.004995004995005,0.004995004995005,0.016983016983017,0.001998001998002,0.000999000999000999,0.000999000999000999,0.00999000999000999,0.994204337012037,0.00579566298796256,0.0117147078641949,0.995309453250213,0.00469054674978656,0.0107739285093527,0.155035298489491,-1.12542025091513,-0.0439099338794176,-0.997799682229531,0.236360349961568,0.982624238426786,0.0107020261611326,0.00463076575105689,0.00094557801252635,0.00109739164849795
"Serinus serinus",0.884346218263567,1,0.986013986013986,0.986013986013986,0.997002997002997,1,0.996003996003996,0.996003996003996,1,0.002997002997003,0.010989010989011,0.010989010989011,0.00599400599400599,0.001998001998002,0.00899100899100899,0.00899100899100899,0.004995004995005,0.995162829861163,0.00483717013883724,0.00403046723758665,0.995162829861163,0.00483717013883724,0.00403046723758665,-0.665037048039808,-0.0841376439297974,-0.711532871969133,-0.0555084231572391,0.0546030578348016,0.991171182607994,0.00401104938146186,0.00481776801054383,0,0
"Sitta europaea",0.864304976704031,1,0.993006993006993,0.993006993006993,0.997002997002997,1,0.992007992007992,0.992007992007992,0.999000999000999,0.001998001998002,0.00899100899100899,0.00899100899100899,0.002997002997003,0.002997002997003,0.00799200799200799,0.00799200799200799,0.004995004995005,0.995315385866027,0.00468461413397277,0.00619603537979232,0.995492689473445,0.00450731052655524,0.00619603537979232,-0.362932031784817,-0.643383349489363,-0.483905562321507,-0.422468364712724,0.251869064375468,0.989177088409855,0.00616718835390203,0.00447871526367039,8.67361737988404e-19,0.00017700797257282
"Sitta neumayer",0.77587631786027,0.993006993006993,0.978021978021978,0.978021978021978,0.991008991008991,0.99000999000999,0.977022977022977,0.977022977022977,0.99000999000999,0.001998001998002,0.01998001998002,0.01998001998002,0.004995004995005,0.011988011988012,0.028971028971029,0.028971028971029,0.014985014985015,0.945571605829584,0.0544283941704156,0.023403947555626,0.945571605829584,0.0544283941704156,0.023403947555626,-2.47498766156644,1.53943046622482,-2.29549850646653,2.18940031804057,0.674297534526018,0.924619313960327,0.0221583344297605,0.0532223516099127,0,0
"Somateria mollissima",0.857267883489371,0.998001998001998,0.992007992007992,0.992007992007992,0.992007992007992,0.997002997002997,1,1,1,0.003996003996004,0.013986013986014,0.013986013986014,0.012987012987013,0.003996003996004,0.000999000999000999,0.000999000999000999,0.000999000999000999,0.99224938151261,0.00775061848739008,0.0152325444743616,0.99618487339861,0.00381512660139021,0.0109102681664358,2.06012145814073,0.452460041591667,1.81530541639717,0.36179656827963,0.261064665720941,0.977250274449948,0.0107796716686227,0.00374261205708756,0.00433659581626807,0.00389084600807379
"Spinus spinus",0.874828852804405,1,0.984015984015984,0.984015984015984,0.977022977022977,1,1,1,1,0.002997002997003,0.012987012987013,0.012987012987013,0.01998001998002,0.000999000999000999,0.000999000999000999,0.000999000999000999,0.000999000999000999,0.995747086703178,0.00425291329682234,0.00563227935671384,0.99710658211296,0.00289341788704019,0.0038897483652063,0.522409408987883,-1.26508388800344,0.23307307950563,-0.898324152717919,0.467149028667477,0.990162478893995,0.0038665226838551,0.00287326739077064,0.00174193741987736,0.00135579361150183
"Streptopelia decaocto",0.819270911393771,0.99000999000999,0.949050949050949,0.949050949050949,0.99000999000999,0.995004995004995,0.968031968031968,0.968031968031968,0.995004995004995,0.00599400599400599,0.0549450549450549,0.0549450549450549,0.012987012987013,0.010989010989011,0.0569430569430569,0.0569430569430569,0.013986013986014,0.992997963287213,0.00700203671278744,0.00454373969849538,0.993311836357835,0.00668816364216536,0.00447795318866012,-0.272552941997131,-0.58029621535376,-0.564392876707268,-0.0981455143342476,0.563595463063024,0.988517489132036,0.00444644601963694,0.00665588236086998,6.56218000639501e-05,0.000314560687393327
"Strix aluco",0.868691046664033,1,0.986013986013986,0.986013986013986,0.989010989010989,1,1,1,0.994005994005994,0.002997002997003,0.00599400599400599,0.00599400599400599,0.00599400599400599,0.001998001998002,0.000999000999000999,0.000999000999000999,0.004995004995005,0.996747664348589,0.00325233565141128,0.00642539913664741,0.99766093244072,0.00233906755928041,0.0064097320923349,-0.312308056100101,-0.56334541665086,-0.458759686532557,-0.349465938725195,0.259215183070128,0.99036385894953,0.00638891826423098,0.00232195919377674,1.57171589487727e-05,0.000909546433513441
"Sturnus unicolor",0.831261318374628,0.997002997002997,0.996003996003996,0.996003996003996,0.997002997002997,0.998001998001998,0.996003996003996,0.996003996003996,0.997002997002997,0.002997002997003,0.00999000999000999,0.00999000999000999,0.003996003996004,0.001998001998002,0.001998001998002,0.001998001998002,0.000999000999000999,0.981380925251488,0.0186190747485119,0.011266339737025,0.981380925251488,0.0186190747485119,0.011266339737025,-3.23156238311944,1.92242536103005,-3.35807175151667,1.79301719491021,0.180972632601633,0.970527940838751,0.0110588907257961,0.0184131684354527,0,0
"Sturnus vulgaris",0.882784491306473,1,0.933066933066933,0.933066933066933,0.952047952047952,1,0.989010989010989,0.989010989010989,0.98001998001998,0.002997002997003,0.0689310689310689,0.0689310689310689,0.043956043956044,0.002997002997003,0.004995004995005,0.004995004995005,0.015984015984016,0.994680312198242,0.00531968780175815,0.00375292620393095,0.995933681865283,0.00406631813471702,0.00306729803608303,0.100555139260159,-0.941815466212429,-0.20571999019004,-0.585618888132301,0.469766385723509,0.990967134450104,0.00304894356392739,0.00404604011602058,0.000684092772070361,0.00125378909787744
"Sylvia atricapilla",0.882818904995339,1,0.995004995004995,0.995004995004995,0.991008991008991,1,1,1,0.989010989010989,0.001998001998002,0.016983016983017,0.016983016983017,0.018981018981019,0.001998001998002,0.000999000999000999,0.000999000999000999,0.010989010989011,0.995625477795055,0.00437452220494542,0.0029321926060511,0.996348166502142,0.00365183349785822,0.00286035643604293,-0.199900936233621,-0.58029621535376,-0.387711486079216,-0.347438645498639,0.299157902239164,0.99271884567739,0.00284767510522944,0.0036385312448829,7.17280061707177e-05,0.000723219966326504
"Sylvia borin",0.872856692457559,1,0.982017982017982,0.982017982017982,0.968031968031968,1,1,1,0.978021978021978,0.000999000999000999,0.012987012987013,0.012987012987013,0.026973026973027,0.002997002997003,0.000999000999000999,0.000999000999000999,0.016983016983017,0.994524874952883,0.005475125047117,0.0116274156845199,0.995479298986623,0.00452070101337741,0.0106875590268048,0.123985384019512,-1.03269788349396,-0.138519649122932,-0.784032806458916,0.361584309618046,0.983023701640509,0.0106196216694658,0.00446413727407904,0.000944868673642804,0.000947670742303261
"Sylvia communis",0.863285534231715,0.997002997002997,0.991008991008991,0.991008991008991,0.981018981018981,0.998001998001998,1,1,0.979020979020979,0.003996003996004,0.011988011988012,0.011988011988012,0.01998001998002,0.003996003996004,0.000999000999000999,0.000999000999000999,0.010989010989011,0.997157570391355,0.00284242960864477,0.00845128788675933,0.997830188632047,0.00216981136795297,0.00824186768748445,-0.177354288428698,-0.63725210496437,-0.309138110124065,-0.495701750065838,0.193399789639329,0.988754056734241,0.00821690273621997,0.00215007504969636,0.000210565405867549,0.000668400073975431
"Sylvia conspicillata",0.859996269833639,1,0.995004995004995,0.995004995004995,0.999000999000999,1,0.993006993006993,0.993006993006993,1,0.000999000999000999,0.010989010989011,0.010989010989011,0.000999000999000999,0.000999000999000999,0.012987012987013,0.012987012987013,0.000999000999000999,0.957256988711659,0.0427430112883407,0.000735097482592948,0.957256988711659,0.0427430112883407,0.000735097482592948,-3.31235039081717,1.459493719672,-3.27032033649209,1.47471738646015,0.0447021867143587,0.956583367626314,0.000703699313025895,0.0427129330606604,0,0
"Sylvia hortensis",0.735736047268133,1,0.998001998001998,0.998001998001998,1,1,0.998001998001998,0.998001998001998,1,0.000999000999000999,0.004995004995005,0.004995004995005,0.001998001998002,0.000999000999000999,0.00599400599400599,0.00599400599400599,0.001998001998002,0.986197100749442,0.0138028992505577,0.0525554898701545,0.986197100749442,0.0138028992505577,0.0525554898701545,-2.14039622662454,1.00251035192352,-2.86100348671179,1.13598866839036,0.732865120098695,0.935045327845849,0.0518676975066361,0.0130869746475152,0,0
"Sylvia melanocephala",0.844054598337528,1,0.996003996003996,0.996003996003996,0.999000999000999,0.999000999000999,0.992007992007992,0.992007992007992,0.999000999000999,0.001998001998002,0.004995004995005,0.004995004995005,0.003996003996004,0.000999000999000999,0.00699300699300699,0.00699300699300699,0.000999000999000999,0.985259830254182,0.0147401697458183,0.00849348835982278,0.985259830254182,0.0147401697458183,0.00849348835982278,-2.81412039556697,1.63391170700878,-2.57670705665864,1.81098449301573,0.296175395730078,0.977013855053681,0.00836934070312541,0.0146168042431936,0,0
"Sylvia undata",0.844024328521167,1,0.997002997002997,0.997002997002997,1,1,0.996003996003996,0.996003996003996,1,0.000999000999000999,0.003996003996004,0.003996003996004,0.000999000999000999,0.001998001998002,0.003996003996004,0.003996003996004,0.001998001998002,0.986765691661044,0.0132343083389555,0.0103784505497085,0.986765691661044,0.0132343083389555,0.0103784505497085,-1.76467243225554,1.63192094655126,-1.74891415830287,1.81020428339236,0.178978410410762,0.976658738380675,0.0102425057597573,0.0130987558595674,0,0
"Tetrao urogallus",0.815227908547516,0.998001998001998,0.997002997002997,0.997002997002997,1,0.999000999000999,0.997002997002997,0.997002997002997,1,0.004995004995005,0.00699300699300699,0.00699300699300699,0.00599400599400599,0.003996003996004,0.004995004995005,0.004995004995005,0.000999000999000999,0.996515501118557,0.00348449888144269,0.0152048169375583,0.996742762676366,0.00325723732363417,0.0101307003362384,1.31851754008553,-1.83395808027976,1.05959981860593,-1.82937122813532,0.258958347439861,0.98141566189629,0.0100441825798008,0.0032071501731743,0.00510845599463012,0.000224549356104885
"Troglodytes troglodytes",0.901473370432831,1,0.997002997002997,0.997002997002997,0.996003996003996,1,1,1,0.995004995004995,0.001998001998002,0.00899100899100899,0.00899100899100899,0.010989010989011,0.001998001998002,0.000999000999000999,0.000999000999000999,0.00999000999000999,0.997037373309415,0.00296262669058507,0.00535670241793163,0.997871780419779,0.00212821958022149,0.00492949136851399,-0.0582934551331501,-0.432520680589127,-0.268734845139978,-0.258630684907861,0.272989577138096,0.991712279185217,0.00491285499659333,0.00211508285124587,0.000428062271655406,0.000831720695288083
"Turdus iliacus",0.850952065334334,0.999000999000999,0.981018981018981,0.981018981018981,0.997002997002997,0.999000999000999,0.997002997002997,0.997002997002997,1,0.004995004995005,0.017982017982018,0.017982017982018,0.00699300699300699,0.004995004995005,0.00899100899100899,0.00899100899100899,0.000999000999000999,0.990248220413083,0.00975177958691702,0.0098945824404992,0.992587582728168,0.00741241727183157,0.00232536689377616,1.11894875249535,-2.00523956519035,1.19589553259279,-1.9629022285307,0.0878251504000777,0.980544740312848,0.00228544076528312,0.00732248407633872,0.0075135973952573,0.00233373745027291
"Turdus philomelos",0.876167004730436,1,0.983016983016983,0.983016983016983,0.963036963036963,1,0.994005994005994,0.994005994005994,0.98001998001998,0.002997002997003,0.014985014985015,0.014985014985015,0.028971028971029,0.003996003996004,0.00799200799200799,0.00799200799200799,0.024975024975025,0.993859632258863,0.00614036774113736,0.00667367207783998,0.994506897081515,0.00549310291848508,0.00570802990008901,0.136390395898407,-0.965235412459535,-0.196116866842327,-0.612067837205162,0.485065372899766,0.987267396015664,0.00566770323537277,0.00545311594147174,0.000965261852680187,0.000646522954810847
"Turdus torquatus",0.854045782082075,0.998001998001998,0.988011988011988,0.988011988011988,0.992007992007992,1,1,1,1,0.000999000999000999,0.00999000999000999,0.00999000999000999,0.00599400599400599,0.002997002997003,0.000999000999000999,0.000999000999000999,0.00699300699300699,0.988924649557463,0.0110753504425375,0.0123972266297057,0.992466825173966,0.0075331748260343,0.0113803059246673,2.72777044481467,0.155724136836401,2.80217578954037,0.260367987703827,0.128399730716674,0.97679884458379,0.0112442324837785,0.00741424930231614,0.00101737407957149,0.00352529955054375
"Turdus viscivorus",0.810410105059466,1,0.989010989010989,0.989010989010989,1,0.998001998001998,1,1,1,0.002997002997003,0.013986013986014,0.013986013986014,0.001998001998002,0.00799200799200799,0.000999000999000999,0.000999000999000999,0.000999000999000999,0.989850482284839,0.0101495177151609,0.00345441127156761,0.990584646964671,0.00941535303532848,0.00263645221769881,0.0314133918594795,-0.580208749350502,-0.207785990980998,-0.362613179263179,0.323363845958221,0.986465717709893,0.0026076446596861,0.00937620325324765,0.000811825892203229,0.000738608484970375
"Vanellus vanellus",0.846546987874207,1,0.989010989010989,0.989010989010989,0.972027972027972,1,1,1,0.986013986013986,0.002997002997003,0.00999000999000999,0.00999000999000999,0.025974025974026,0.001998001998002,0.000999000999000999,0.000999000999000999,0.013986013986014,0.992879211914884,0.007120788085116,0.00660910440810436,0.994070116225964,0.00592988377403616,0.00568759540135235,0.117234196053238,-1.19447345817177,-0.260540486067173,-0.889535559161143,0.485490301349259,0.986363589813453,0.00564212715393898,0.00588391236298396,0.000920224059825166,0.00119014660979872
