species,D,shift_p_D_NA,shift_p_E_NA,shift_p_S_NA,shift_p_U_NA,shift_p_D_A,shift_p_E_A,shift_p_S_A,shift_p_U_A,cons_p_D_NA,cons_p_E_NA,cons_p_S_NA,cons_p_U_NA,cons_p_D_A,cons_p_E_A,cons_p_S_A,cons_p_U_A,nS_NA,nE_NA,nU_NA,nS_A,nE_A,nU_A,n_centroid_hist_X,n_centroid_hist_Y,n_centroid_rec_X,n_centroid_rec_Y,n_centroids_dist,niche_stability_std,niche_unfilling_std,niche_expansion_std,niche_abandonment_std,niche_pioneering_std
Accipiter cooperii,0.671501017,0.988011988,0.914085914,0.914085914,0.998001998,0.991008991,0.946053946,0.946053946,0.995004995,0.002997003,0.068931069,0.068931069,0.001998002,0.008991009,0.043956044,0.043956044,0.003996004,0.921038895,0.078961105,0.024865767,0.928424878,0.071575122,0.024865767,-0.224068191,0.402635209,-0.81400685,0.544544339,0.606766695,0.899903452,0.022947394,0.069376317,0,0.007772836
Accipiter striatus,0.23132708,0.668331668,0.572427572,0.572427572,0.692307692,0.684315684,0.626373626,0.626373626,0.764235764,0.343656344,0.437562438,0.437562438,0.314685315,0.347652348,0.417582418,0.417582418,0.265734266,0.839121168,0.160878832,0.467066934,0.854385829,0.145614171,0.43999186,1.75975462,0.059851466,-0.291392452,1.632993013,2.584952347,0.483528306,0.379902547,0.082408405,0.043865648,0.010295094
Actitis macularius,0.63504701,0.996003996,0.861138861,0.861138861,0.992007992,0.997002997,0.974025974,0.974025974,1,0.010989011,0.130869131,0.130869131,0.010989011,0.007992008,0.021978022,0.021978022,0.000999001,0.978081616,0.021918384,0.069525097,0.988707101,0.011292899,0.031548553,-0.972053362,0.270953609,-0.408328453,-0.895577975,1.295600907,0.911469366,0.029692289,0.010410699,0.038412714,0.010014933
Aix sponsa,0.732912364,0.991008991,0.843156843,0.843156843,0.992007992,0.99000999,0.881118881,0.881118881,1,0.00999001,0.13986014,0.13986014,0.005994006,0.006993007,0.091908092,0.091908092,0.000999001,0.901255773,0.098744227,0.016818375,0.917910528,0.082089472,0.014569557,0.991215891,0.291450874,0.302008591,0.873941822,0.90238706,0.887572123,0.013122725,0.079376284,0.002060147,0.017868722
Ammodramus savannarum,0.740862603,0.975024975,0.585414585,0.585414585,0.927072927,0.977022977,0.619380619,0.619380619,0.96003996,0.027972028,0.445554446,0.445554446,0.064935065,0.031968032,0.373626374,0.373626374,0.074925075,0.922175865,0.077824135,0.027131216,0.931606076,0.068393924,0.026047751,0.964090123,0.301356498,-0.503063838,0.186523406,1.471641052,0.899054433,0.024044655,0.066004143,0.001028038,0.009868732
Anas platyrhynchos,0.787247377,0.999000999,0.713286713,0.713286713,0.999000999,1,0.87012987,0.87012987,1,0.000999001,0.300699301,0.300699301,0.002997003,0.003996004,0.116883117,0.116883117,0.000999001,0.956387427,0.043612573,0.026476732,0.97107414,0.02892586,0.02405797,1.724694858,0.51633254,0.700216082,0.837641518,1.073683483,0.932141775,0.022978249,0.027766162,0.002373037,0.014740776
Antrostomus carolinensis,0.662619699,0.973026973,0.952047952,0.952047952,0.937062937,0.96003996,0.947052947,0.947052947,0.906093906,0.03996004,0.070929071,0.070929071,0.077922078,0.036963037,0.040959041,0.040959041,0.07992008,0.884160571,0.115839429,0.065139692,0.908396124,0.091603876,0.065139692,-1.349559135,0.717016343,-3.361249089,-0.052733697,2.153929339,0.832851105,0.058031841,0.083985816,0,0.025131238
Antrostomus vociferus,0.431949673,0.791208791,0.594405594,0.594405594,0.728271728,0.837162837,0.9000999,0.9000999,0.789210789,0.167832168,0.376623377,0.376623377,0.23976024,0.17982018,0.108891109,0.108891109,0.226773227,0.826980267,0.173019733,0.216360751,0.920703757,0.079296243,0.215014813,-0.056431082,0.303108998,-2.584205982,-0.91096993,2.804217108,0.673257369,0.184411514,0.057984753,0.001473088,0.082873276
Aphelocoma californica,0.726326311,0.961038961,0.869130869,0.869130869,0.895104895,0.97002997,0.884115884,0.884115884,0.922077922,0.030969031,0.123876124,0.123876124,0.087912088,0.037962038,0.147852148,0.147852148,0.0999001,0.833091756,0.166908244,0.197435123,0.833091756,0.166908244,0.184639833,0.35624564,-1.407357401,1.745034708,-0.817904703,1.508704596,0.691394071,0.156567479,0.138519401,0.013519049,0
Archilochus alexandri,0.594322044,0.987012987,0.968031968,0.968031968,0.989010989,0.994005994,0.984015984,0.984015984,0.996003996,0.010989011,0.024975025,0.024975025,0.003996004,0.012987013,0.026973027,0.026973027,0.007992008,0.720032587,0.279967413,0.182710906,0.722210084,0.277789916,0.182710906,0.62845745,-1.538412282,1.538968948,-1.885610574,0.974462848,0.62019993,0.138650194,0.238552868,0,0.002597009
Archilochus colubris,0.75722408,0.988011988,0.866133866,0.866133866,0.959040959,0.98001998,0.982017982,0.982017982,0.995004995,0.013986014,0.131868132,0.131868132,0.037962038,0.022977023,0.035964036,0.035964036,0.011988012,0.958070843,0.041929157,0.029257181,0.975511206,0.024488794,0.019603883,0.101770671,0.009046996,-0.940058306,-0.585137083,1.199359136,0.9311827,0.018619817,0.023375991,0.009445063,0.017376429
Ardea herodias,0.725480791,1,0.845154845,0.845154845,0.985014985,1,1,1,1,0.000999001,0.157842158,0.157842158,0.013986014,0.001998002,0.000999001,0.000999001,0.000999001,0.988093087,0.011906913,0.035780534,0.997945176,0.002054824,0.030937316,0.997327535,0.308595423,-0.339408625,0.747737224,1.407021351,0.953144662,0.030429133,0.001962577,0.004940434,0.009523194
Baeolophus bicolor,0.749230395,0.97002997,0.907092907,0.907092907,0.905094905,0.96003996,0.998001998,0.998001998,0.902097902,0.032967033,0.082917083,0.082917083,0.077922078,0.037962038,0.000999001,0.000999001,0.08991009,0.946821012,0.053178988,0.014557109,0.968128717,0.031871283,0.014557109,-0.053948728,0.070865848,-1.27772144,-0.772680667,1.486334543,0.933760889,0.013793655,0.030739877,0,0.021705579
Bartramia longicauda,0.785746799,0.969030969,0.804195804,0.804195804,0.935064935,0.973026973,0.822177822,0.822177822,0.942057942,0.032967033,0.198801199,0.198801199,0.061938062,0.027972028,0.171828172,0.171828172,0.046953047,0.987062266,0.012937734,0.079847952,0.987062266,0.012937734,0.075070067,2.114507599,0.375259787,1.415873512,0.943120767,0.900308658,0.909186602,0.073792292,0.011916994,0.005104113,0
Bombycilla cedrorum,0.6662104,0.935064935,0.742257742,0.742257742,0.918081918,0.939060939,0.76023976,0.76023976,0.952047952,0.055944056,0.248751249,0.248751249,0.062937063,0.063936064,0.23976024,0.23976024,0.04995005,0.901037681,0.098962319,0.013922328,0.912754664,0.087245336,0.010470733,-1.343645624,-0.872057785,0.083143605,-1.082968942,1.442293667,0.889718981,0.009414588,0.085043478,0.003147262,0.012675691
Bonasa umbellus,0.70940825,0.999000999,0.996003996,0.996003996,0.992007992,0.999000999,1,1,1,0.003996004,0.006993007,0.006993007,0.006993007,0.002997003,0.000999001,0.000999001,0.000999001,0.997044947,0.002955053,0.09996134,0.997741493,0.002258507,0.082208401,-1.07165694,-1.118014947,-2.663371907,-1.062547216,1.592681138,0.897644154,0.080403755,0.002031925,0.019291643,0.000628523
Botaurus lentiginosus,0.810274281,0.998001998,0.966033966,0.966033966,1,0.998001998,0.966033966,0.966033966,1,0.002997003,0.030969031,0.030969031,0.001998002,0.000999001,0.025974026,0.025974026,0.000999001,0.950870236,0.049129764,0.004766479,0.952037501,0.047962499,0.000860082,3.196056421,-0.09279154,2.585419254,-0.832000944,0.95880566,0.946559595,0.00081482,0.047686529,0.003718544,0.001220512
Branta canadensis,0.557452334,0.987012987,0.716283716,0.716283716,0.998001998,0.98001998,0.722277722,0.722277722,0.999000999,0.011988012,0.256743257,0.256743257,0.002997003,0.013986014,0.240759241,0.240759241,0.004995005,0.820635439,0.179364561,0.00985763,0.836024756,0.163975244,0.009768915,1.468147798,0.402368453,-0.136361681,0.717640528,1.635190249,0.813985133,0.008030198,0.159652462,7.37E-05,0.018258556
Bubo virginianus,0.704307251,0.986013986,0.899100899,0.899100899,0.987012987,0.989010989,1,1,0.989010989,0.012987013,0.096903097,0.096903097,0.011988012,0.012987013,0.000999001,0.000999001,0.00999001,0.929614621,0.070385379,0.003581646,0.952678268,0.047321732,0.002922054,0.672204011,-0.436292739,-0.140617478,-1.044618395,1.01525311,0.926518642,0.002715272,0.046022323,0.000615118,0.024128645
Buteo jamaicensis,0.8354074,1,0.758241758,0.758241758,0.993006993,0.999000999,1,1,1,0.002997003,0.202797203,0.202797203,0.006993007,0.000999001,0.000999001,0.000999001,0.002997003,0.975415727,0.024584273,0.005540134,0.989101257,0.010898743,0.004216891,0.512750482,-0.033333447,-0.26811931,0.369067123,0.878455378,0.970143927,0.004108316,0.010689856,0.001296354,0.013761547
Buteo lineatus,0.729419226,0.999000999,0.941058941,0.941058941,0.98001998,0.997002997,1,1,0.98001998,0.00999001,0.057942058,0.057942058,0.024975025,0.008991009,0.000999001,0.000999001,0.018981019,0.924196425,0.075803575,0.009330233,0.948848574,0.051151426,0.009330233,-2.249079278,0.47720406,-1.798988341,1.318777604,0.95437303,0.916221468,0.008629071,0.049392533,0,0.025756927
Buteo platypterus,0.706415264,0.999000999,0.895104895,0.895104895,0.978021978,0.999000999,1,1,1,0.005994006,0.106893107,0.106893107,0.024975025,0.005994006,0.000999001,0.000999001,0.000999001,0.933697948,0.066302052,0.041650977,0.983545118,0.016454882,0.013985727,0.568495497,-0.611910336,-0.755937735,-1.172127515,1.438042654,0.897286413,0.012727202,0.015011759,0.026269922,0.048704704
Buteo swainsoni,0.662694303,0.961038961,0.939060939,0.939060939,0.979020979,0.961038961,0.947052947,0.947052947,0.978021978,0.045954046,0.077922078,0.077922078,0.031968032,0.052947053,0.054945055,0.054945055,0.027972028,0.838782037,0.161217963,0.00444339,0.848646139,0.151353861,0.00444339,1.235608918,0.846674239,0.355161138,1.424853319,1.053318252,0.835653625,0.003729707,0.149036679,0,0.011579988
Calamospiza melanocorys,0.778499772,0.992007992,0.979020979,0.979020979,0.988011988,0.977022977,0.965034965,0.965034965,0.974025974,0.013986014,0.026973027,0.026973027,0.016983017,0.017982018,0.02997003,0.02997003,0.01998002,0.952031929,0.047968071,0.071725109,0.952519937,0.047480063,0.071725109,-2.640303318,1.138198303,-2.175690599,2.280874989,1.233521377,0.886798378,0.068520339,0.044204054,0,0.000477228
Callipepla californica,0.660032555,0.982017982,0.909090909,0.909090909,0.936063936,0.981018981,0.912087912,0.912087912,0.976023976,0.030969031,0.098901099,0.098901099,0.078921079,0.023976024,0.094905095,0.094905095,0.021978022,0.947303168,0.052696832,0.245592868,0.947303168,0.052696832,0.198222003,-1.32423173,0.965324996,-2.330617835,-0.745650806,1.985006596,0.724022541,0.178998674,0.040276118,0.056702667,0
Cardellina canadensis,0.665853097,0.963036963,0.875124875,0.875124875,0.983016983,0.965034965,0.977022977,0.977022977,1,0.041958042,0.13986014,0.13986014,0.014985015,0.034965035,0.033966034,0.033966034,0.000999001,0.768670707,0.231329293,0.042747371,0.881621904,0.118378096,0.00697452,-0.80343015,-1.961637052,-0.068035782,-2.03341446,0.738888945,0.743160965,0.005219595,0.099786518,0.027967232,0.123865689
Cardinalis cardinalis,0.830461385,0.991008991,0.935064935,0.935064935,0.965034965,0.989010989,1,1,0.965034965,0.005994006,0.057942058,0.057942058,0.025974026,0.00999001,0.000999001,0.000999001,0.033966034,0.968972111,0.031027889,0.005360985,0.987143069,0.012856931,0.005360985,0.238300545,-0.037198057,-0.866564283,-0.610302555,1.24465861,0.963937808,0.005195509,0.012554697,0,0.018311987
Cathartes aura,0.708784966,0.964035964,0.815184815,0.815184815,0.986013986,0.973026973,0.94005994,0.94005994,0.992007992,0.038961039,0.167832168,0.167832168,0.015984016,0.030969031,0.078921079,0.078921079,0.005994006,0.942732618,0.057267382,0.001771803,0.95648643,0.04351357,0.001650273,-0.67490888,-0.041492531,-0.713473636,0.715851938,0.758325712,0.941157777,0.001555735,0.042816221,0.000114771,0.014355495
Catharus fuscescens,0.778441405,0.981018981,0.684315684,0.684315684,0.946053946,0.973026973,0.736263736,0.736263736,0.948051948,0.016983017,0.28971029,0.28971029,0.054945055,0.013986014,0.265734266,0.265734266,0.038961039,0.94830449,0.05169551,0.050608034,0.962197311,0.037802689,0.046041346,-0.607411017,-1.317402271,0.538862086,-0.892189091,1.222598984,0.902674248,0.043566183,0.035464154,0.004551528,0.013743886
Catharus guttatus,0.556800195,1,0.877122877,0.877122877,0.995004995,1,0.99000999,0.99000999,1,0.000999001,0.138861139,0.138861139,0.004995005,0.002997003,0.014985015,0.014985015,0.000999001,0.964966949,0.035033051,0.111382996,0.989890155,0.010109845,0.052972969,1.321910416,0.774626088,0.74614277,0.971717147,0.608566568,0.860845131,0.048152292,0.008791896,0.05974966,0.022461021
Catharus ustulatus,0.599852985,1,0.979020979,0.979020979,1,1,1,1,1,0.001998002,0.022977023,0.022977023,0.001998002,0.000999001,0.000999001,0.000999001,0.000999001,0.941089305,0.058910695,0.107932386,0.979579945,0.020420055,0.00262131,-0.185678352,0.459961228,0.288717442,-1.415283634,1.934320206,0.844887399,0.002220533,0.017612291,0.100003459,0.035276318
Centronyx henslowii,0.413359043,0.867132867,0.64035964,0.64035964,0.722277722,0.863136863,0.663336663,0.663336663,0.736263736,0.124875125,0.351648352,0.351648352,0.264735265,0.144855145,0.335664336,0.335664336,0.266733267,0.475791836,0.524208164,0.305081396,0.486820359,0.513179641,0.296841466,1.755367783,-0.800077349,0.305360652,0.463239833,1.923146115,0.3935804,0.166151696,0.414891129,0.006636969,0.018739807
Certhia americana,0.610013606,0.997002997,0.579420579,0.579420579,1,0.996003996,0.997002997,0.997002997,1,0.007992008,0.412587413,0.412587413,0.002997003,0.007992008,0.002997003,0.002997003,0.000999001,0.966390332,0.033609668,0.106731069,0.99868363,0.00131637,0.015553347,0.499634328,-0.539587861,0.575587617,-0.720397133,0.196114495,0.866354241,0.013687596,0.001141946,0.089827607,0.028988611
Chaetura pelagica,0.83704519,0.995004995,0.771228771,0.771228771,0.963036963,0.994005994,1,1,0.988011988,0.008991009,0.242757243,0.242757243,0.037962038,0.007992008,0.000999001,0.000999001,0.012987013,0.973047751,0.026952249,0.015487935,0.994243122,0.005756878,0.011158163,0.345196423,0.135251883,-1.044939127,0.615772371,1.470842204,0.958377311,0.010814399,0.005549208,0.004262395,0.020996687
Chamaea fasciata,0.552584784,0.935064935,0.708291708,0.708291708,0.908091908,0.942057942,0.74025974,0.74025974,1,0.055944056,0.272727273,0.272727273,0.091908092,0.061938062,0.286713287,0.286713287,0.000999001,0.874315545,0.125684455,0.368024848,0.874315545,0.125684455,0.27877359,0.276108397,1.375869537,-1.604930434,0.27055467,2.181748849,0.579343222,0.223931886,0.083281645,0.113443248,0
Chondestes grammacus,0.820420804,0.991008991,0.989010989,0.989010989,0.989010989,0.99000999,0.992007992,0.992007992,0.99000999,0.006993007,0.008991009,0.008991009,0.007992008,0.005994006,0.003996004,0.003996004,0.005994006,0.968250945,0.031749055,0.026150948,0.970561797,0.029438203,0.026051309,-0.221119155,-1.403608382,0.035169062,-0.722456178,0.727771925,0.943713801,0.025242582,0.028623874,9.91E-05,0.002320605
Chordeiles minor,0.803884349,0.997002997,0.975024975,0.975024975,0.999000999,1,1,1,0.999000999,0.001998002,0.032967033,0.032967033,0.003996004,0.002997003,0.000999001,0.000999001,0.000999001,0.982974761,0.017025239,0.015524555,0.997500045,0.002499955,0.01460633,0.330006482,-1.424020356,0.092234337,-1.757518236,0.409580797,0.967970359,0.014348067,0.002425947,0.000916213,0.014339414
Circus hudsonius,0.800763718,1,0.98001998,0.98001998,1,1,0.993006993,0.993006993,1,0.000999001,0.026973027,0.026973027,0.000999001,0.003996004,0.006993007,0.006993007,0.000999001,0.966472688,0.033527312,0.049199285,0.975730228,0.024269772,0.039308887,2.896449128,-1.165648576,2.44758765,-1.452291363,0.532579303,0.920441209,0.03766197,0.022894543,0.009966359,0.009035918
Cistothorus palustris,0.642235026,0.998001998,0.967032967,0.967032967,0.997002997,1,1,1,1,0.003996004,0.036963037,0.036963037,0.005994006,0.001998002,0.000999001,0.000999001,0.000999001,0.971110348,0.028889652,0.056828659,0.999558496,0.000441504,0.047351859,-3.218815891,-0.254005826,-2.067492573,-0.816969673,1.281590292,0.917429649,0.045601306,0.000405227,0.009676346,0.026887472
Coccyzus americanus,0.854644794,0.998001998,0.818181818,0.818181818,0.941058941,0.998001998,1,1,0.941058941,0.000999001,0.175824176,0.175824176,0.052947053,0.006993007,0.000999001,0.000999001,0.05994006,0.973363503,0.026636497,0.021543141,0.994692802,0.005307198,0.021040665,0.001236277,0.061092956,-1.455721999,-0.344583269,1.512382432,0.952941026,0.020481456,0.005084431,0.000499891,0.020993196
Coccyzus erythropthalmus,0.747203954,0.988011988,0.69030969,0.69030969,0.97002997,0.987012987,0.712287712,0.712287712,0.994005994,0.005994006,0.321678322,0.321678322,0.025974026,0.012987013,0.271728272,0.271728272,0.002997003,0.942776203,0.057223797,0.049843436,0.950809525,0.049190475,0.044481159,1.692764769,0.768849776,0.721501271,1.137515729,1.038877937,0.898347291,0.041819718,0.046476323,0.0053059,0.008050768
Colaptes auratus auratus,0.82648909,0.997002997,0.708291708,0.708291708,0.992007992,1,0.97002997,0.97002997,1,0.004995005,0.327672328,0.327672328,0.015984016,0.000999001,0.030969031,0.030969031,0.000999001,0.964821421,0.035178579,0.014392863,0.992082321,0.007917679,0.009586166,0.748804344,0.229741755,-0.479008992,0.811808046,1.358796068,0.9514166,0.009208714,0.007593132,0.004684863,0.027096691
Colaptes auratus cafer,0.679333013,1,0.577422577,0.577422577,1,1,0.655344655,0.655344655,1,0.000999001,0.423576424,0.423576424,0.000999001,0.000999001,0.354645355,0.354645355,0.000999001,0.99223867,0.00776133,0.103780239,0.995597612,0.004402388,0.015263266,-0.625654215,0.702884066,-0.335139007,-0.205754279,0.953951115,0.889980758,0.013794563,0.003935366,0.089263213,0.003026099
Colinus virginianus,0.816228108,0.992007992,0.87012987,0.87012987,0.87012987,0.991008991,1,1,0.866133866,0.018981019,0.117882118,0.117882118,0.121878122,0.011988012,0.000999001,0.000999001,0.118881119,0.975302988,0.024697012,0.051576488,0.995555511,0.004444489,0.050827047,-0.401784635,0.39289617,-1.9144425,0.26719669,1.517871594,0.92618004,0.049595804,0.004134774,0.000771055,0.019318327
Contopus cooperi,0.678955011,1,0.623376623,0.623376623,1,1,1,1,1,0.000999001,0.415584416,0.415584416,0.000999001,0.000999001,0.000999001,0.000999001,0.000999001,0.952194043,0.047805957,0.08861577,1,0,0.009136539,-3.032117809,0.832840076,-3.673136978,-0.852149167,1.802801798,0.871506653,0.008035975,0,0.076702415,0.043754957
Contopus sordidulus,0.644172064,0.98001998,0.71028971,0.71028971,0.982017982,0.982017982,0.743256743,0.743256743,1,0.023976024,0.263736264,0.263736264,0.01998002,0.01998002,0.254745255,0.254745255,0.000999001,0.985961058,0.014038942,0.141242494,0.985961058,0.014038942,0.062074319,-1.361983232,0.814074217,-1.107892509,-0.37811406,1.218964718,0.848383716,0.056148203,0.01208,0.083388081,0
Contopus virens,0.797227142,0.996003996,0.83016983,0.83016983,0.977022977,0.991008991,0.954045954,0.954045954,0.981018981,0.010989011,0.180819181,0.180819181,0.048951049,0.006993007,0.042957043,0.042957043,0.015984016,0.950465731,0.049534269,0.018738038,0.967728707,0.032271293,0.014668953,0.519849765,0.253136324,-0.762679702,0.653912036,1.34369007,0.93352234,0.013897659,0.031130597,0.003928749,0.017520654
Corvus corax,0.670543584,1,0.72027972,0.72027972,0.999000999,1,1,1,1,0.001998002,0.288711289,0.288711289,0.007992008,0.001998002,0.000999001,0.000999001,0.000999001,0.970924057,0.029075943,0.042228031,0.999124545,0.000875455,0.025904585,1.106581006,0.113444039,0.226314809,0.678190813,1.045852521,0.931067028,0.024760311,0.000815821,0.016290303,0.027066537
Corvus ossifragus,0.682050135,0.972027972,0.918081918,0.918081918,0.815184815,0.974025974,0.997002997,0.997002997,0.827172827,0.031968032,0.090909091,0.090909091,0.185814186,0.02997003,0.004995005,0.004995005,0.197802198,0.901271999,0.098728001,0.096844463,0.935673271,0.064326729,0.096487203,0.833974787,0.470180252,-1.23156374,-0.82236737,2.436622409,0.821846687,0.087765982,0.05650125,0.000359814,0.033526267
Cyanocitta cristata,0.799140899,0.983016983,0.719280719,0.719280719,0.931068931,0.979020979,0.856143856,0.856143856,0.969030969,0.01998002,0.292707293,0.292707293,0.054945055,0.023976024,0.12987013,0.12987013,0.037962038,0.954216251,0.045783749,0.013931358,0.975289937,0.024710063,0.009458521,0.673732914,0.218438513,-0.875040805,0.625267728,1.601315098,0.941523254,0.008990454,0.023854546,0.004311559,0.021320186
Cyanocitta stelleri,0.637903727,1,0.794205794,0.794205794,1,1,0.806193806,0.806193806,1,0.000999001,0.187812188,0.187812188,0.001998002,0.000999001,0.193806194,0.193806194,0.000999001,0.979932295,0.020067705,0.147142229,0.980081047,0.019918953,0.018332752,-0.662682336,1.554397235,-0.958781127,0.183280711,1.402724141,0.838217969,0.01565382,0.017035759,0.128962626,0.000129826
Dolichonyx oryzivorus,0.767850292,0.993006993,0.743256743,0.743256743,0.964035964,0.985014985,0.768231768,0.768231768,0.975024975,0.018981019,0.266733267,0.266733267,0.046953047,0.013986014,0.235764236,0.235764236,0.026973027,0.865151351,0.134848649,0.019278493,0.882606295,0.117393705,0.015973885,-1.917277361,-0.976503614,-0.687451866,-1.148345197,1.241773038,0.850684042,0.013809318,0.113147789,0.002912969,0.019445882
Dryobates pubescens,0.813207261,0.992007992,0.877122877,0.877122877,0.975024975,0.989010989,0.989010989,0.989010989,0.984015984,0.011988012,0.134865135,0.134865135,0.042957043,0.007992008,0.008991009,0.008991009,0.008991009,0.970003948,0.029996052,0.01234033,0.97941429,0.02058571,0.009615994,0.536599195,0.411069063,-0.658013749,0.85995366,1.276165141,0.958388537,0.009305338,0.020143782,0.002669263,0.009493079
Dryobates villosus,0.805268169,1,0.932067932,0.932067932,0.998001998,1,1,1,1,0.001998002,0.061938062,0.061938062,0.003996004,0.001998002,0.000999001,0.000999001,0.000999001,0.978432692,0.021567308,0.00989002,0.991819709,0.008180291,0.005292038,-0.497001319,0.485533016,0.31292402,1.190279356,1.073613738,0.968962653,0.005155068,0.007991771,0.004523716,0.013366792
Dryocopus pileatus,0.782706439,0.999000999,0.942057942,0.942057942,0.989010989,0.995004995,1,1,1,0.002997003,0.03996004,0.03996004,0.008991009,0.003996004,0.000999001,0.000999001,0.000999001,0.970834613,0.029165387,0.004483248,0.987697923,0.012302077,0.001408713,-0.127939765,0.255454729,-0.66436785,1.065333293,0.971420804,0.96660851,0.001363595,0.012039402,0.002989467,0.016999026
Dumetella carolinensis,0.809206434,0.996003996,0.777222777,0.777222777,0.958041958,0.993006993,0.758241758,0.758241758,0.957042957,0.007992008,0.235764236,0.235764236,0.053946054,0.006993007,0.245754246,0.245754246,0.045954046,0.960600771,0.039399229,0.028081307,0.96414386,0.03585614,0.025883882,0.769865551,-0.309879301,-0.334549752,-0.77187418,1.197151799,0.934659937,0.024835466,0.034759644,0.002169337,0.003575616
Empidonax difficilis,0.577773618,0.999000999,0.776223776,0.776223776,0.999000999,1,0.827172827,0.827172827,1,0.002997003,0.201798202,0.201798202,0.002997003,0.003996004,0.172827173,0.172827173,0.000999001,0.919808242,0.080191758,0.218462522,0.921628859,0.078371141,0.001112157,0.574079065,1.891571776,-1.001581483,1.033438056,1.794184951,0.731682889,0.000814652,0.062218996,0.203712058,0.001571405
Empidonax hammondii,0.701728664,1,0.841158841,0.841158841,0.987012987,1,0.818181818,0.818181818,1,0.000999001,0.160839161,0.160839161,0.008991009,0.001998002,0.17982018,0.17982018,0.000999001,0.910486702,0.089513298,0.141971163,0.910652499,0.089347501,0.053188331,-0.718946505,-1.833470367,0.110290571,-0.932115082,1.224775685,0.79127967,0.044451126,0.077635389,0.086475587,0.000158227
Empidonax minimus,0.814075791,0.998001998,0.673326673,0.673326673,0.981018981,0.992007992,0.712287712,0.712287712,1,0.006993007,0.30969031,0.30969031,0.022977023,0.002997003,0.254745255,0.254745255,0.000999001,0.930820699,0.069179301,0.030318161,0.94411243,0.05588757,0.019096665,-1.674206646,0.856966319,-0.943803232,1.265701772,0.836990931,0.90449701,0.017609152,0.0535425,0.010670933,0.013680404
Empidonax oberholseri,0.542989584,0.861138861,0.803196803,0.803196803,0.905094905,0.875124875,0.807192807,0.807192807,0.958041958,0.130869131,0.172827173,0.172827173,0.096903097,0.143856144,0.193806194,0.193806194,0.031968032,0.908743351,0.091256649,0.256319654,0.908743351,0.091256649,0.209275105,0.82992556,1.609334297,0.355407063,-0.395034303,2.059772145,0.69200108,0.183146629,0.069491237,0.055361055,0
Empidonax traillii,0.703078649,0.983016983,0.725274725,0.725274725,0.9000999,0.987012987,0.767232767,0.767232767,0.945054945,0.020979021,0.282717283,0.282717283,0.113886114,0.01998002,0.247752248,0.247752248,0.064935065,0.933532592,0.066467408,0.034599312,0.943731035,0.056268965,0.029289004,1.303744555,0.627900949,0.184768625,1.174961034,1.245544809,0.903310373,0.027255343,0.053858926,0.005118694,0.010456664
Empidonax virescens,0.673768839,0.953046953,0.902097902,0.902097902,0.92007992,0.947052947,0.938061938,0.938061938,0.932067932,0.045954046,0.094905095,0.094905095,0.07992008,0.061938062,0.071928072,0.071928072,0.080919081,0.896194763,0.103805237,0.030693121,0.914154684,0.085845316,0.030693121,-0.147292328,0.014231747,-1.970289145,-0.634176587,1.934877454,0.871464326,0.027594935,0.081836402,3.47E-18,0.019104337
Eremophila alpestris,0.846800928,0.998001998,0.793206793,0.793206793,0.991008991,0.996003996,0.83016983,0.83016983,0.989010989,0.003996004,0.226773227,0.226773227,0.018981019,0.002997003,0.17982018,0.17982018,0.016983017,0.95393767,0.04606233,0.017991772,0.961987937,0.038012063,0.017258015,1.623377802,0.170770218,0.979320401,0.145722587,0.644544273,0.937551631,0.016464423,0.037046485,0.000712841,0.00822462
Euphagus cyanocephalus,0.660184763,0.992007992,0.59040959,0.59040959,0.996003996,0.995004995,1,1,1,0.001998002,0.430569431,0.430569431,0.001998002,0.005994006,0.015984016,0.015984016,0.000999001,0.989673084,0.010326916,0.09851107,1,0,0.034109691,0.108537122,-0.568555864,-0.07591986,-1.418613876,0.869840791,0.893087882,0.031538728,0,0.066054309,0.00931908
Falco sparverius,0.747529085,0.999000999,0.724275724,0.724275724,0.992007992,0.999000999,0.798201798,0.798201798,0.998001998,0.004995005,0.290709291,0.290709291,0.014985015,0.000999001,0.184815185,0.184815185,0.004995005,0.94050522,0.05949478,0.018744964,0.952794105,0.047205895,0.016647455,1.337511777,0.317097307,0.14390451,0.622612173,1.232086702,0.923905848,0.015641065,0.045774635,0.002008355,0.012670097
Fulica americana,0.591313558,0.987012987,0.9000999,0.9000999,0.977022977,0.992007992,1,1,1,0.007992008,0.096903097,0.096903097,0.024975025,0.011988012,0.100899101,0.100899101,0.000999001,0.999850323,0.000149677,0.194964059,1,0,0.171538403,1.595938627,-1.792147406,1.227146304,-1.937440026,0.39638078,0.804938935,0.166667882,0,0.028272684,0.000120499
Gallinago delicata,0.73292129,0.988011988,0.919080919,0.919080919,0.986013986,0.981018981,0.96003996,0.96003996,0.997002997,0.014985015,0.096903097,0.096903097,0.012987013,0.018981019,0.040959041,0.040959041,0.000999001,0.978291396,0.021708604,0.041828737,0.992339339,0.007660661,0.030641309,2.227050879,-0.265969453,1.924493587,-1.563491438,1.33233037,0.938222649,0.029657102,0.007242891,0.011300783,0.013576575
Geococcyx californianus,0.725021332,0.977022977,0.842157842,0.842157842,0.954045954,0.976023976,0.807192807,0.807192807,0.989010989,0.01998002,0.162837163,0.162837163,0.042957043,0.023976024,0.157842158,0.157842158,0.00999001,0.827174144,0.172825856,0.123379673,0.827347838,0.172652162,0.101568915,1.319922865,0.059297911,0.261786905,1.017920453,1.427798616,0.740916375,0.083761652,0.154615517,0.020518408,0.000188049
Geothlypis formosa,0.710987538,0.955044955,0.93006993,0.93006993,0.858141858,0.961038961,0.978021978,0.978021978,0.855144855,0.051948052,0.086913087,0.086913087,0.163836164,0.03996004,0.025974026,0.025974026,0.150849151,0.94312858,0.05687142,0.096888342,0.961552813,0.038447187,0.096888342,-0.206321419,0.011023571,-2.8080682,-0.487115466,2.649005249,0.856469716,0.091884464,0.034245495,0,0.017400325
Geothlypis philadelphia,0.685353705,0.986013986,0.947052947,0.947052947,0.992007992,0.988011988,0.963036963,0.963036963,1,0.011988012,0.047952048,0.047952048,0.008991009,0.005994006,0.036963037,0.036963037,0.000999001,0.861968838,0.138031162,0.083241781,0.885748204,0.114251796,0.005035942,-3.701408299,-1.290005861,-1.59070999,-1.33021849,2.111081336,0.799402115,0.004046118,0.103114098,0.068539711,0.024897957
Geothlypis tolmiei,0.60595372,1,0.765234765,0.765234765,1,1,0.76023976,0.76023976,1,0.000999001,0.218781219,0.218781219,0.000999001,0.001998002,0.215784216,0.215784216,0.000999001,0.908624839,0.091375161,0.158057289,0.908850686,0.091149314,0,-0.623974718,2.217648655,-0.606866236,0.607423626,1.610315915,0.776220634,0,0.077847747,0.145719332,0.000212287
Geothlypis trichas,0.787221695,0.99000999,0.746253746,0.746253746,0.968031968,0.991008991,0.857142857,0.857142857,1,0.008991009,0.24975025,0.24975025,0.023976024,0.008991009,0.141858142,0.141858142,0.000999001,0.965541329,0.034458671,0.003748435,0.978311245,0.021688755,0.000825196,0.939619994,0.413806533,-0.075395187,0.901933404,1.126287557,0.962046324,0.000794532,0.021328168,0.002825204,0.013005771
Haemorhous cassinii,0.347893171,0.789210789,0.757242757,0.757242757,0.94005994,0.787212787,0.762237762,0.762237762,0.962037962,0.201798202,0.257742258,0.257742258,0.066933067,0.244755245,0.253746254,0.253746254,0.048951049,0.984670141,0.015329859,0.454275186,0.984670141,0.015329859,0.430609069,1.397718391,1.337313987,0.910991386,0.082318207,1.346074881,0.541127327,0.409234362,0.008424553,0.041213758,0
Haemorhous mexicanus,0.745444745,1,0.679320679,0.679320679,0.994005994,1,0.767232767,0.767232767,1,0.000999001,0.352647353,0.352647353,0.006993007,0.001998002,0.204795205,0.204795205,0.000999001,0.947421106,0.052578894,0.019812588,0.956177051,0.043822949,0.017534894,0.898647025,-0.694176087,-0.093997334,-0.849297713,1.004691765,0.929618648,0.016591698,0.04260574,0.002198741,0.008985173
Haemorhous purpureus,0.652839234,0.998001998,0.815184815,0.815184815,1,0.999000999,0.999000999,0.999000999,1,0.000999001,0.156843157,0.156843157,0.000999001,0.002997003,0.004995005,0.004995005,0.000999001,0.957285983,0.042714017,0.069027698,0.993216003,0.006783997,0.002331686,1.125443805,-0.560052023,0.560906647,-0.943614424,0.682511771,0.893842185,0.00208903,0.006105241,0.064185625,0.033777919
Helmitheros vermivorum,0.572358272,0.973026973,0.886113886,0.886113886,0.805194805,0.971028971,1,1,0.804195804,0.031968032,0.114885115,0.114885115,0.180819181,0.023976024,0.000999001,0.000999001,0.18981019,0.927688183,0.072311817,0.197466357,0.991912196,0.008087804,0.197466357,0.542323815,-0.506521208,-1.180442732,-1.06108829,1.809825743,0.755285817,0.185840856,0.006158412,2.78E-17,0.052714915
Hylocichla mustelina,0.774001959,0.997002997,0.858141858,0.858141858,0.944055944,0.992007992,1,1,0.967032967,0.007992008,0.157842158,0.157842158,0.066933067,0.00999001,0.000999001,0.000999001,0.054945055,0.972561363,0.027438637,0.058084995,0.993634069,0.006365931,0.052275,0.35006003,-0.299261793,-0.936897026,-0.863795888,1.405331707,0.917532479,0.050609629,0.005878369,0.005971771,0.020007751
Icteria virens,0.723528648,0.98001998,0.903096903,0.903096903,0.953046953,0.988011988,0.934065934,0.934065934,0.963036963,0.027972028,0.095904096,0.095904096,0.047952048,0.022977023,0.068931069,0.068931069,0.03996004,0.945850444,0.054149556,0.024320372,0.949272531,0.050727469,0.024216154,0.418562634,0.236841079,2.215784574,0.64587741,1.843181332,0.924063944,0.022932615,0.049380366,0.000101154,0.003521921
Icterus bullockii,0.62553291,0.972027972,0.995004995,0.995004995,0.999000999,0.973026973,0.995004995,0.995004995,1,0.027972028,0.006993007,0.006993007,0.002997003,0.031968032,0.006993007,0.006993007,0.000999001,0.999727243,0.000272757,0.226252191,0.999727243,0.000272757,0.204932556,-0.824921002,-1.381058451,-0.077713634,-0.888467647,0.894966229,0.773584503,0.199395222,0.000211058,0.026809216,0
Icterus galbula,0.7694283,0.968031968,0.699300699,0.699300699,0.916083916,0.962037962,0.759240759,0.759240759,0.919080919,0.028971029,0.308691309,0.308691309,0.081918082,0.026973027,0.252747253,0.252747253,0.085914086,0.938693394,0.061306606,0.044037562,0.951628325,0.048371675,0.042517312,1.116489788,0.351680013,-0.259619289,0.774650809,1.439645958,0.899784859,0.039955222,0.045736449,0.001494452,0.013029017
Icterus spurius,0.758641869,0.989010989,0.888111888,0.888111888,0.993006993,0.987012987,1,1,0.994005994,0.00999001,0.108891109,0.108891109,0.00999001,0.013986014,0.000999001,0.000999001,0.005994006,0.936819271,0.063180729,0.000694565,0.95718417,0.04281583,0.000694565,-0.682268517,-0.512561386,-1.567271534,0.043355465,1.045119078,0.936209673,0.000650711,0.041877619,0,0.021261997
Junco hyemalis hyemalis,0.596935392,0.99000999,0.782217782,0.782217782,0.891108891,0.987012987,0.863136863,0.863136863,1,0.011988012,0.222777223,0.222777223,0.112887113,0.00999001,0.132867133,0.132867133,0.000999001,0.803063942,0.196936058,0.234126835,0.882177205,0.117822795,0.119546222,-1.228066292,-1.950760883,1.066687658,-2.250077644,2.314192346,0.644774391,0.087546154,0.086115489,0.109560879,0.072003088
Junco hyemalis oreganus,0.694629144,0.998001998,0.601398601,0.601398601,1,1,0.62037962,0.62037962,1,0.000999001,0.414585415,0.414585415,0.000999001,0.001998002,0.3996004,0.3996004,0.000999001,0.97811708,0.02188292,0.105919834,0.981173939,0.018826061,0.003315257,-0.676888883,0.919862554,-0.772151151,-0.293033036,1.216630844,0.876546772,0.002915644,0.01681855,0.100927044,0.002791989
Lanius ludovicianus,0.679324459,0.97002997,0.698301698,0.698301698,0.974025974,0.963036963,1,1,0.972027972,0.041958042,0.328671329,0.328671329,0.02997003,0.035964036,0.000999001,0.000999001,0.027972028,0.927240682,0.072759318,0.017988447,0.97608277,0.02391723,0.017988447,-0.848378458,0.497315503,-1.397056811,2.156026818,1.747103649,0.911754391,0.016701479,0.022340974,0,0.049203156
Larus delawarensis,0.493822242,1,0.891108891,0.891108891,0.999000999,0.998001998,1,1,1,0.002997003,0.096903097,0.096903097,0.002997003,0.003996004,0.004995005,0.004995005,0.000999001,0.98975056,0.01024944,0.187357231,1,0,0.179255638,-1.200480239,-0.472567961,-0.966194229,0.048858866,0.571643132,0.805861136,0.176005049,0,0.009788656,0.008345159
Leiothlypis celata,0.671942149,1,0.663336663,0.663336663,1,1,0.649350649,0.649350649,1,0.002997003,0.36963037,0.36963037,0.002997003,0.001998002,0.346653347,0.346653347,0.000999001,0.966430336,0.033569664,0.115302637,0.966537853,0.033462147,0,-2.172388468,1.254681955,-1.128532818,0.061201749,1.585569178,0.858320646,0,0.0297156,0.111864959,9.88E-05
Leiothlypis ruficapilla,0.615693398,0.999000999,0.975024975,0.975024975,1,0.995004995,0.991008991,0.991008991,1,0.003996004,0.017982018,0.017982018,0.000999001,0.005994006,0.006993007,0.006993007,0.000999001,0.97289524,0.02710476,0.107579461,0.985878154,0.014121846,0.034942941,1.492416345,0.221496818,1.695531557,0.156608981,0.213228096,0.870770789,0.031529009,0.012473033,0.073440619,0.011786551
Loxia curvirostra,0.493816276,0.583416583,0.866133866,0.866133866,0.978021978,0.606393606,0.906093906,0.906093906,1,0.420579421,0.12987013,0.12987013,0.027972028,0.367632368,0.093906094,0.093906094,0.000999001,0.859045644,0.140954356,0.155102557,0.863759506,0.136240494,0.036248804,-1.520176547,-0.018362666,0.184442714,-0.47846727,1.765622574,0.742027966,0.027909305,0.11703982,0.108308926,0.004713983
Mareca strepera,0.693726492,0.98001998,0.93006993,0.93006993,0.945054945,0.984015984,0.975024975,0.975024975,0.975024975,0.006993007,0.065934066,0.065934066,0.046953047,0.013986014,0.032967033,0.032967033,0.022977023,0.913406805,0.086593195,0.074592096,0.928399214,0.071600786,0.060857756,2.044032088,-1.14832538,0.891798116,-1.201607696,1.153465271,0.850769137,0.055131053,0.065613734,0.013444818,0.015041257
Megaceryle alcyon,0.770057481,0.999000999,0.819180819,0.819180819,0.999000999,0.998001998,0.999000999,0.999000999,1,0.000999001,0.183816184,0.183816184,0.005994006,0.001998002,0.000999001,0.000999001,0.000999001,0.973097008,0.026902992,0.015642597,0.985498209,0.014501791,0.010562427,0.520161358,0.376112401,-0.223297933,1.102243426,1.039229514,0.958278518,0.010229799,0.014101248,0.004998375,0.012392061
Megascops asio,0.477766055,0.859140859,0.447552448,0.447552448,0.713286713,0.88011988,0.673326673,0.673326673,0.723276723,0.108891109,0.54045954,0.54045954,0.260739261,0.134865135,0.343656344,0.343656344,0.283716284,0.730415,0.269585,0.258660313,0.79812514,0.20187486,0.258660313,-0.338742565,0.455335501,-2.007823671,-1.068367381,2.259978365,0.58207421,0.203091106,0.147227727,0,0.067606957
Melanerpes carolinus,0.694749379,0.953046953,0.896103896,0.896103896,0.988011988,0.964035964,1,1,0.983016983,0.037962038,0.098901099,0.098901099,0.012987013,0.052947053,0.000999001,0.000999001,0.015984016,0.920403345,0.079596655,0.000297673,0.942908854,0.057091146,0.000297673,-0.169284764,-0.227550839,-1.011551826,0.499880826,1.112910881,0.920151167,0.000273985,0.055713216,0,0.023861631
Melanerpes erythrocephalus,0.751958157,0.977022977,0.747252747,0.747252747,0.926073926,0.982017982,0.926073926,0.926073926,0.916083916,0.033966034,0.270729271,0.270729271,0.096903097,0.030969031,0.083916084,0.083916084,0.091908092,0.947997866,0.052002134,0.040857684,0.96659052,0.03340948,0.039671716,1.14264221,-0.19196319,-1.378079662,-0.192336974,2.520721899,0.911200885,0.037642235,0.031494978,0.001173232,0.018488669
Meleagris gallopavo,0.535533234,0.986013986,0.85014985,0.85014985,0.991008991,0.992007992,0.933066933,0.933066933,0.994005994,0.011988012,0.13986014,0.13986014,0.012987013,0.012987013,0.090909091,0.090909091,0.008991009,0.847412339,0.152587661,0.002096992,0.868947248,0.131052752,0.002096992,0.256068571,0.435465105,-0.515577276,-0.72044191,1.389805144,0.845905991,0.001777586,0.127577719,0,0.024738705
Melospiza georgiana,0.806407477,0.996003996,0.863136863,0.863136863,0.98001998,0.999000999,0.856143856,0.856143856,1,0.001998002,0.168831169,0.168831169,0.01998002,0.002997003,0.145854146,0.145854146,0.000999001,0.946444852,0.053555148,0.041810366,0.947726858,0.052273142,0.020593069,-1.710671167,1.547694041,-0.153680484,1.307417226,1.575421511,0.908908839,0.019110772,0.050132082,0.020549239,0.001299069
Melospiza melodia,0.797977281,0.994005994,0.722277722,0.722277722,0.995004995,0.999000999,0.95004995,0.95004995,1,0.006993007,0.318681319,0.318681319,0.006993007,0.004995005,0.05994006,0.05994006,0.000999001,0.961875517,0.038124483,0.020017917,0.978279106,0.021720894,0.015187971,1.147349191,0.631192937,0.078891285,1.058360803,1.150684441,0.943340705,0.014548391,0.02094515,0.004721059,0.016444694
Mimus polyglottos,0.778577868,0.988011988,0.854145854,0.854145854,0.949050949,0.992007992,1,1,0.96003996,0.016983017,0.158841159,0.158841159,0.048951049,0.018981019,0.000999001,0.000999001,0.056943057,0.963435697,0.036564303,0.020322602,0.985948769,0.014051231,0.020306478,-0.071227859,0.241418531,-1.220059158,1.120397338,1.446518958,0.944558061,0.019578212,0.013461352,1.59E-05,0.022386507
Mniotilta varia,0.699735711,0.998001998,0.831168831,0.831168831,0.971028971,1,1,1,1,0.000999001,0.156843157,0.156843157,0.031968032,0.002997003,0.000999001,0.000999001,0.000999001,0.937208636,0.062791364,0.049264597,0.985302666,0.014697334,0.030959685,0.468086235,0.984565427,-0.834716801,1.391467953,1.364868279,0.89380231,0.028555921,0.013332463,0.017758554,0.046550753
Myiarchus cinerascens,0.730034486,0.985014985,0.981018981,0.981018981,0.997002997,0.988011988,0.989010989,0.989010989,1,0.007992008,0.014985015,0.014985015,0.001998002,0.024975025,0.016983017,0.016983017,0.000999001,0.976061499,0.023938501,0.133397261,0.976626997,0.023373003,0.109572118,0.848925518,-0.093051731,0.339367872,0.053342988,0.53017017,0.848567324,0.104420942,0.020308231,0.026200105,0.000503398
Myiarchus crinitus,0.818355565,0.993006993,0.826173826,0.826173826,0.964035964,0.995004995,1,1,0.977022977,0.00999001,0.171828172,0.171828172,0.054945055,0.005994006,0.000999001,0.000999001,0.022977023,0.962560996,0.037439004,0.016018493,0.983279909,0.016720091,0.012073167,0.475349173,0.191050573,-0.853363974,0.489629851,1.361847353,0.947710578,0.011581696,0.016115256,0.003846333,0.020746138
Pandion haliaetus,0.511378667,0.962037962,0.82017982,0.82017982,0.99000999,0.953046953,0.926073926,0.926073926,1,0.058941059,0.201798202,0.201798202,0.013986014,0.035964036,0.061938062,0.061938062,0.000999001,0.825513544,0.174486456,0.014864511,0.852066318,0.147933682,0.010465947,-0.563841104,0.802993797,-0.799749819,0.615613209,0.301271317,0.815357446,0.008623743,0.141560376,0.003679021,0.030779414
Parkesia motacilla,0.646884655,0.971028971,0.877122877,0.877122877,0.888111888,0.971028971,1,1,0.887112887,0.027972028,0.130869131,0.130869131,0.115884116,0.033966034,0.000999001,0.000999001,0.108891109,0.924157371,0.075842629,0.077613284,0.962170142,0.037829858,0.07699234,0.220296181,-0.605217691,-1.534813602,-1.142211559,1.835421686,0.857477937,0.071526203,0.033713651,0.000625399,0.03665681
Passerculus sandwichensis,0.767418668,0.998001998,0.743256743,0.743256743,0.994005994,0.999000999,0.758241758,0.758241758,1,0.000999001,0.285714286,0.285714286,0.005994006,0.003996004,0.244755245,0.244755245,0.000999001,0.954573752,0.045426248,0.028386857,0.961279582,0.038720418,0.019125404,1.776931275,0.674685164,0.928269559,0.863734296,0.869463215,0.928673937,0.018107579,0.03740706,0.009024757,0.006786668
Passerina amoena,0.759926184,1,0.47952048,0.47952048,0.998001998,0.999000999,0.521478521,0.521478521,1,0.001998002,0.512487512,0.512487512,0.005994006,0.002997003,0.525474525,0.525474525,0.000999001,0.988970113,0.011029887,0.080645105,0.988970113,0.011029887,0.032409424,0.589884138,0.287171918,-0.489360085,-0.627403586,1.414643576,0.910023986,0.030481232,0.010149409,0.049345373,1.73E-18
Passerina caerulea,0.797368151,0.994005994,0.968031968,0.968031968,0.983016983,0.993006993,1,1,0.969030969,0.000999001,0.018981019,0.018981019,0.005994006,0.004995005,0.000999001,0.000999001,0.016983017,0.964005574,0.035994426,0.003676962,0.988855973,0.011144027,0.003650911,-1.221231091,0.49628731,-1.965421167,-0.013466169,0.902035187,0.960588096,0.003519872,0.010825459,2.52E-05,0.025041364
Passerina ciris,0.79470119,0.997002997,0.943056943,0.943056943,0.998001998,0.997002997,0.956043956,0.956043956,1,0.002997003,0.036963037,0.036963037,0.000999001,0.003996004,0.047952048,0.047952048,0.000999001,0.781313369,0.218686631,0.015702797,0.786067687,0.213932313,0.006602062,-0.598009776,-3.748396161,0.289524206,-1.388139937,2.521611789,0.771694557,0.005128635,0.210020592,0.007182447,0.00597377
Passerina cyanea,0.812205772,0.983016983,0.833166833,0.833166833,0.949050949,0.985014985,0.895104895,0.895104895,0.948051948,0.012987013,0.168831169,0.168831169,0.054945055,0.010989011,0.086913087,0.086913087,0.044955045,0.960231111,0.039768889,0.016530491,0.973584631,0.026415369,0.014518225,0.619555451,-0.349131681,-0.649010255,-0.889925708,1.379027602,0.944979248,0.013921538,0.025639245,0.001961996,0.013497973
Patagioenas fasciata,0.612199824,1,0.82017982,0.82017982,1,1,0.852147852,0.852147852,1,0.000999001,0.181818182,0.181818182,0.002997003,0.000999001,0.158841159,0.158841159,0.000999001,0.835987125,0.164012875,0.193929937,0.836377751,0.163622249,0,0.840639597,2.00038433,-0.44010219,0.938368738,1.663783833,0.696001933,0,0.136160247,0.167448981,0.000388839
Petrochelidon pyrrhonota,0.726142383,0.996003996,0.92007992,0.92007992,0.984015984,0.998001998,1,1,1,0.002997003,0.074925075,0.074925075,0.006993007,0.002997003,0.000999001,0.000999001,0.000999001,0.980443657,0.019556343,0.019625898,0.997847526,0.002152474,0.00985768,1.905979977,-0.036786642,0.21646999,-0.018934726,1.689604299,0.961570631,0.009573225,0.002074221,0.00967625,0.017105672
Peucaea cassinii,0.753275386,0.989010989,0.967032967,0.967032967,0.983016983,0.995004995,0.972027972,0.972027972,0.989010989,0.018981019,0.040959041,0.040959041,0.025974026,0.007992008,0.030969031,0.030969031,0.015984016,0.830887671,0.169112329,0.090001517,0.830887671,0.169112329,0.090001517,0.436709885,-2.535906156,1.296368554,-2.53408312,0.859660602,0.767792605,0.075936939,0.156270457,0,0
Phalacrocorax auritus,0.63260159,0.99000999,0.577422577,0.577422577,0.995004995,0.995004995,0.853146853,0.853146853,1,0.00999001,0.388611389,0.388611389,0.003996004,0.008991009,0.146853147,0.146853147,0.000999001,0.930152677,0.069847323,0.084380936,0.966562749,0.033437251,0.07132453,2.878118738,-1.087171588,0.195395348,0.326343188,3.03233059,0.856714814,0.065797777,0.029637174,0.013154705,0.034695529
Pheucticus ludovicianus,0.786712886,0.979020979,0.807192807,0.807192807,0.955044955,0.979020979,0.864135864,0.864135864,1,0.022977023,0.21978022,0.21978022,0.048951049,0.014985015,0.137862138,0.137862138,0.000999001,0.944621038,0.055378962,0.029076681,0.96414632,0.03585368,0.017552001,1.787378667,0.823157542,0.66208893,0.924735541,1.129865072,0.918633811,0.016411924,0.034161208,0.01109882,0.019694237
Pheucticus melanocephalus,0.642976911,0.999000999,0.716283716,0.716283716,1,1,0.748251748,0.748251748,1,0.002997003,0.314685315,0.314685315,0.000999001,0.003996004,0.268731269,0.268731269,0.000999001,0.989622871,0.010377129,0.15009297,0.992719158,0.007280842,0.003424993,-3.055580219,0.466261505,-2.061121521,-0.783590839,1.597209749,0.842399501,0.002895128,0.006178361,0.145872018,0.002654991
Pica hudsonia,0.782960439,1,0.982017982,0.982017982,0.994005994,0.999000999,0.981018981,0.981018981,1,0.000999001,0.011988012,0.011988012,0.001998002,0.000999001,0.013986014,0.013986014,0.000999001,0.953848098,0.046151902,0.04383326,0.953848098,0.046151902,0.0431041,0.435858619,-0.921945815,0.458024578,-1.51920705,0.597672412,0.913886609,0.041166714,0.044218367,0.00072831,0
Pipilo chlorurus,0.690518083,0.963036963,0.963036963,0.963036963,0.976023976,0.96003996,0.964035964,0.964035964,1,0.033966034,0.032967033,0.032967033,0.01998002,0.030969031,0.034965035,0.034965035,0.000999001,0.97903268,0.02096732,0.134223853,0.97903268,0.02096732,0.106625631,1.714495243,-0.736690086,2.429095674,0.323838286,1.278817502,0.850015352,0.101450664,0.018204238,0.030329746,3.47E-18
Pipilo erythrophthalmus,0.704435503,0.977022977,0.899100899,0.899100899,0.885114885,0.967032967,1,1,0.87012987,0.021978022,0.100899101,0.100899101,0.107892108,0.033966034,0.000999001,0.000999001,0.111888112,0.930880581,0.069119419,0.035422252,0.965116806,0.034883194,0.034393097,0.173551271,0.174104873,-1.074231376,0.500725748,1.289822752,0.900110494,0.032060239,0.032533605,0.000994578,0.034301084
Pipilo maculatus,0.582982701,1,0.667332667,0.667332667,0.999000999,0.997002997,0.679320679,0.679320679,1,0.002997003,0.362637363,0.362637363,0.001998002,0.003996004,0.318681319,0.318681319,0.000999001,0.997739705,0.002260295,0.17649561,0.997739705,0.002260295,0.039253557,-2.450423487,0.107463157,-1.181836274,-0.877594931,1.606129805,0.821970938,0.033583557,0.001862106,0.142583399,0
Piranga ludoviciana,0.688520993,1,0.583416583,0.583416583,1,1,0.574425574,0.574425574,1,0.000999001,0.432567433,0.432567433,0.000999001,0.000999001,0.410589411,0.410589411,0.000999001,0.982375581,0.017624419,0.10957847,0.982849747,0.017150253,0.002219522,-1.454128797,1.135567759,-1.244579754,-0.035181005,1.189354223,0.876420963,0.001949563,0.015293122,0.105905947,0.000430405
Piranga olivacea,0.736911202,0.979020979,0.701298701,0.701298701,0.912087912,0.985014985,0.84015984,0.84015984,0.973026973,0.020979021,0.292707293,0.292707293,0.077922078,0.017982018,0.170829171,0.170829171,0.01998002,0.947808345,0.052191655,0.041654881,0.974066217,0.025933783,0.030274513,0.772521063,-0.576176404,-0.838622506,-0.956274859,1.655372597,0.910306542,0.028419473,0.02423623,0.01114739,0.025890365
Piranga rubra,0.819742004,0.995004995,0.985014985,0.985014985,0.987012987,0.997002997,1,1,0.984015984,0.002997003,0.008991009,0.008991009,0.005994006,0.004995005,0.000999001,0.000999001,0.016983017,0.969443495,0.030556505,0.012850493,0.982491424,0.017508576,0.012850493,-1.507565097,-0.065365818,-2.396333732,0.606268445,1.114002814,0.957361592,0.012462721,0.017060747,0,0.01311494
Podilymbus podiceps,0.663226453,1,0.963036963,0.963036963,0.999000999,1,0.971028971,0.971028971,1,0.000999001,0.036963037,0.036963037,0.000999001,0.000999001,0.050949051,0.050949051,0.000999001,0.99983567,0.00016433,0.137492988,0.99983567,0.00016433,0.110150967,2.794904702,-0.241719672,2.853844283,0.305982958,0.550864816,0.862384762,0.106751271,0.000141739,0.030722228,0
Poecile atricapillus,0.807310373,0.987012987,0.772227772,0.772227772,0.965034965,0.991008991,0.871128871,0.871128871,0.994005994,0.014985015,0.200799201,0.200799201,0.037962038,0.008991009,0.138861139,0.138861139,0.004995005,0.955606167,0.044393833,0.017432842,0.970488581,0.029511419,0.011786575,-1.392988462,-0.973279205,-0.349830908,-1.142294205,1.056760972,0.93967446,0.011207643,0.028574398,0.00546419,0.015079308
Poecile carolinensis,0.794251623,0.989010989,0.922077922,0.922077922,0.89010989,0.983016983,0.97002997,0.97002997,0.882117882,0.020979021,0.085914086,0.085914086,0.124875125,0.017982018,0.027972028,0.027972028,0.111888112,0.947988599,0.052011401,0.051274057,0.966653989,0.033346011,0.051234565,-0.893256921,0.156039149,-2.106914475,-0.845192205,1.573349574,0.901786293,0.048697631,0.031108314,3.96E-05,0.018368197
Poecile gambeli,0.701124233,0.964035964,0.8001998,0.8001998,0.962037962,0.961038961,0.791208791,0.791208791,0.976023976,0.030969031,0.181818182,0.181818182,0.03996004,0.036963037,0.202797203,0.202797203,0.026973027,0.983638245,0.016361755,0.15709382,0.983638245,0.016361755,0.142310027,0.355989611,0.352839786,0.360565047,-0.318415493,0.671270873,0.831251346,0.137923265,0.013826964,0.016998424,0
Polioptila caerulea,0.705472683,0.993006993,0.959040959,0.959040959,0.999000999,0.992007992,1,1,1,0.023976024,0.053946054,0.053946054,0.003996004,0.013986014,0.000999001,0.000999001,0.003996004,0.934674174,0.065325826,0.003388867,0.954348709,0.045651291,0.003388867,-0.406994966,0.292833082,-1.316004908,0.910612031,1.099067744,0.931712951,0.003168188,0.044568509,4.34E-19,0.020550352
Pooecetes gramineus,0.806275703,0.979020979,0.838161838,0.838161838,0.968031968,0.992007992,0.89010989,0.89010989,0.989010989,0.017982018,0.156843157,0.156843157,0.016983017,0.016983017,0.122877123,0.122877123,0.013986014,0.96163244,0.03836756,0.015452068,0.967431754,0.032568246,0.013349563,-1.83565005,-0.525393058,-1.406868996,-0.442164635,0.436783885,0.947334866,0.012817616,0.031891692,0.002050408,0.005905418
Porzana carolina,0.716395798,0.98001998,0.952047952,0.952047952,0.981018981,0.98001998,0.948051948,0.948051948,0.979020979,0.014985015,0.040959041,0.040959041,0.017982018,0.014985015,0.047952048,0.047952048,0.017982018,0.927675995,0.072324005,0.049496932,0.927675995,0.072324005,0.048822957,2.41642862,-0.427705694,1.599625616,-1.241002697,1.152657435,0.884926755,0.045422397,0.068991164,0.000659684,0
Progne subis,0.764996809,0.983016983,0.915084915,0.915084915,0.901098901,0.982017982,0.948051948,0.948051948,0.913086913,0.016983017,0.082917083,0.082917083,0.08991009,0.022977023,0.060939061,0.060939061,0.080919081,0.976141361,0.023858639,0.049641093,0.97998282,0.02001718,0.047510007,0.046470995,0.055096905,-1.645893014,0.505936551,1.75138583,0.928784661,0.04632759,0.018971403,0.002186593,0.003729753
Protonotaria citrea,0.708122076,1,0.954045954,0.954045954,0.981018981,0.998001998,0.997002997,0.997002997,0.985014985,0.001998002,0.03996004,0.03996004,0.01998002,0.000999001,0.003996004,0.003996004,0.016983017,0.910500554,0.089499446,0.041216562,0.934686011,0.065313989,0.041216562,-2.815890409,0.50672675,-2.286202452,-0.282702816,0.95066733,0.876205049,0.037666649,0.061227457,6.94E-18,0.024900845
Psaltriparus minimus,0.507989477,0.952047952,0.724275724,0.724275724,0.918081918,0.941058941,0.734265734,0.734265734,1,0.058941059,0.245754246,0.245754246,0.091908092,0.065934066,0.251748252,0.251748252,0.000999001,0.787088006,0.212911994,0.418974748,0.788971127,0.211028873,0.216206713,2.77902392,-1.404009147,1.867577524,0.508776979,2.118840555,0.502108466,0.138504913,0.134300711,0.223563289,0.00152262
Quiscalus mexicanus,0.657662908,0.992007992,0.954045954,0.954045954,1,0.981018981,1,1,1,0.018981019,0.040959041,0.040959041,0.000999001,0.015984016,0.000999001,0.000999001,0.001998002,0.78797373,0.21202627,0,0.827406843,0.172593157,0,-2.613590219,-0.09942003,-2.372679714,-0.016040672,0.254931342,0.78797373,0,0.164367596,0,0.047658674
Quiscalus quiscula,0.832166756,0.993006993,0.525474525,0.525474525,0.977022977,0.994005994,0.881118881,0.881118881,1,0.00999001,0.473526474,0.473526474,0.020979021,0.006993007,0.131868132,0.131868132,0.000999001,0.967055282,0.032944718,0.008485335,0.99057968,0.00942032,0.005503844,0.551814334,0.132246343,-0.774983924,0.542514294,1.388781267,0.959117613,0.005308048,0.009121119,0.002900034,0.023553186
Regulus satrapa,0.627871356,0.993006993,0.686313686,0.686313686,1,0.992007992,1,1,1,0.007992008,0.283716284,0.283716284,0.001998002,0.007992008,0.000999001,0.000999001,0.000999001,0.953248612,0.046751388,0.100229066,0.99856036,0.00143964,0.004318088,-3.157976232,-0.849858068,0.687596038,-0.385018004,3.873564556,0.861743392,0.003737221,0.001242389,0.092255806,0.041021192
Riparia riparia,0.690931332,0.962037962,0.882117882,0.882117882,0.976023976,0.976023976,0.888111888,0.888111888,0.988011988,0.031968032,0.115884116,0.115884116,0.016983017,0.031968032,0.118881119,0.118881119,0.01998002,0.955964559,0.044035441,0.047615095,0.957070324,0.042929676,0.044991752,-2.084798044,0.737317047,-1.734008638,0.464109607,0.444629636,0.912359207,0.042982497,0.040924145,0.002631487,0.001102664
Salpinctes obsoletus,0.549340471,0.945054945,0.864135864,0.864135864,0.989010989,0.949050949,0.854145854,0.854145854,1,0.048951049,0.150849151,0.150849151,0.015984016,0.054945055,0.177822178,0.177822178,0.000999001,0.995535369,0.004464631,0.220897482,0.995535369,0.004464631,0.193090737,-0.688728494,-0.361831073,-1.295253199,0.298243202,0.896420808,0.776389808,0.185787531,0.003481839,0.034340821,0
Sayornis nigricans,0.722988139,0.996003996,0.829170829,0.829170829,1,0.998001998,0.845154845,0.845154845,1,0.004995005,0.164835165,0.164835165,0.000999001,0.004995005,0.111888112,0.111888112,0.000999001,0.878420081,0.121579919,0.135978812,0.905342045,0.094657955,0.034621484,-2.021652002,0.595512334,-2.620563472,-0.388089812,1.151593735,0.771732062,0.027676718,0.080688376,0.093777721,0.026125123
Sayornis phoebe,0.762570513,0.978021978,0.797202797,0.797202797,0.963036963,0.982017982,0.878121878,0.878121878,0.989010989,0.023976024,0.184815185,0.184815185,0.042957043,0.023976024,0.126873127,0.126873127,0.008991009,0.933934967,0.066065033,0.010189284,0.949737309,0.050262691,0.006613794,0.395507618,0.318097687,-0.841802321,0.674097746,1.287506088,0.925041536,0.006158767,0.048955723,0.003363771,0.016480203
Sayornis saya,0.738646357,0.986013986,0.997002997,0.997002997,1,0.993006993,0.999000999,0.999000999,1,0.018981019,0.005994006,0.005994006,0.001998002,0.011988012,0.002997003,0.002997003,0.000999001,0.995683118,0.004316882,0.066030412,0.995683118,0.004316882,0.057136448,0.955147711,-0.963964841,0.915897356,-1.038022196,0.083815763,0.930202901,0.056369227,0.004032987,0.009394885,0
Seiurus aurocapilla,0.777682138,0.994005994,0.802197802,0.802197802,0.982017982,0.995004995,1,1,1,0.004995005,0.190809191,0.190809191,0.015984016,0.006993007,0.000999001,0.000999001,0.000999001,0.960213154,0.039786846,0.022196626,0.993505268,0.006494732,0.013974071,0.571393579,1.007326017,-0.983800909,1.345038612,1.591439503,0.939729569,0.013317954,0.006143191,0.008014377,0.032794909
Setophaga americana,0.673669591,0.991008991,0.769230769,0.769230769,0.989010989,0.99000999,1,1,1,0.008991009,0.226773227,0.226773227,0.013986014,0.006993007,0.001998002,0.001998002,0.000999001,0.92414542,0.07585458,0.015449676,0.980970361,0.019029639,0.000307175,-0.086995651,-0.003513231,-1.888688023,-0.420526261,1.849322922,0.910935224,0.000279903,0.017671042,0.014014597,0.057099235
Setophaga caerulescens,0.627227678,0.896103896,0.77022977,0.77022977,0.892107892,0.891108891,0.845154845,0.845154845,1,0.130869131,0.282717283,0.282717283,0.138861139,0.097902098,0.145854146,0.145854146,0.000999001,0.771620492,0.228379508,0.101673992,0.844599884,0.155400116,0.052287047,-1.061947683,-2.060505178,0.717142744,-2.192275422,1.783963605,0.709644892,0.0391524,0.130569398,0.041166358,0.079466952
Setophaga cerulea,0.378251103,0.896103896,0.892107892,0.892107892,0.869130869,0.888111888,0.903096903,0.903096903,0.867132867,0.103896104,0.108891109,0.108891109,0.136863137,0.095904096,0.081918082,0.081918082,0.12987013,0.549768988,0.450231012,0.084193452,0.582093506,0.417906494,0.084193452,0.576076584,-0.374503227,-1.155091527,-0.656175239,1.753933338,0.523319241,0.048110656,0.375710272,0,0.052859831
Setophaga citrina,0.618901336,0.963036963,0.907092907,0.907092907,0.882117882,0.97002997,1,1,0.892107892,0.028971029,0.082917083,0.082917083,0.098901099,0.025974026,0.000999001,0.000999001,0.130869131,0.909964538,0.090035462,0.051498153,0.974901558,0.025098442,0.051498153,-1.271900125,-0.290064571,-1.722774212,-1.333056445,1.136274391,0.867123602,0.047079786,0.022323742,0,0.063472869
Setophaga coronata audoboni,0.526920322,0.945054945,0.646353646,0.646353646,0.97002997,0.935064935,0.667332667,0.667332667,1,0.044955045,0.344655345,0.344655345,0.01998002,0.045954046,0.328671329,0.328671329,0.000999001,0.984692348,0.015307652,0.210236208,0.984692348,0.015307652,0.091130394,-0.167779466,1.705896804,-0.220739856,-0.095625288,1.802300377,0.780185172,0.078227483,0.012128462,0.129458883,0
Setophaga discolor,0.744546961,0.986013986,0.887112887,0.887112887,0.871128871,0.984015984,0.967032967,0.967032967,0.889110889,0.021978022,0.111888112,0.111888112,0.131868132,0.020979021,0.043956044,0.043956044,0.130869131,0.963622823,0.036377177,0.135844243,0.986170844,0.013829156,0.135844243,0.13654296,-0.375650789,-1.788279619,-1.11726054,2.062747435,0.836855641,0.131552698,0.011735296,0,0.019856365
Setophaga dominica,0.575096631,0.936063936,0.902097902,0.902097902,0.864135864,0.923076923,1,1,0.863136863,0.061938062,0.085914086,0.085914086,0.111888112,0.072927073,0.000999001,0.000999001,0.125874126,0.875822654,0.124177346,0.078997283,0.940616231,0.059383769,0.078997283,-1.621656041,0.108701403,-1.92271335,-1.179858201,1.323261635,0.814626262,0.069873041,0.051429665,0,0.064071032
Setophaga fusca,0.603338779,0.855144855,0.712287712,0.712287712,0.962037962,0.87012987,0.849150849,0.849150849,1,0.131868132,0.244755245,0.244755245,0.035964036,0.13986014,0.145854146,0.145854146,0.000999001,0.671835983,0.328164017,0.037354295,0.753437253,0.246562747,0.001447202,-0.963774293,-2.12725166,0.666657731,-1.604556276,1.712167939,0.654766369,0.000948952,0.214272647,0.02445846,0.105553571
Setophaga magnolia,0.648643892,0.942057942,0.844155844,0.844155844,0.99000999,0.958041958,0.939060939,0.939060939,1,0.05994006,0.154845155,0.154845155,0.013986014,0.03996004,0.066933067,0.066933067,0.000999001,0.729955773,0.270044227,0.033127321,0.834252022,0.165747978,0.00159157,-1.104084305,-2.113096055,-0.127954555,-2.106309556,0.976153341,0.71214503,0.001135235,0.141487938,0.023264521,0.121967275
Setophaga nigrescens,0.611273957,1,0.777222777,0.777222777,1,1,0.777222777,0.777222777,1,0.001998002,0.230769231,0.230769231,0.001998002,0.000999001,0.223776224,0.223776224,0.000999001,0.970995017,0.029004983,0.178196876,0.971309517,0.028690483,0.01376867,0.698628586,2.374338513,-0.455512786,1.319917863,1.563280274,0.802112535,0.011198208,0.023692753,0.162729031,0.000267473
Setophaga pensylvanica,0.781805954,0.999000999,0.844155844,0.844155844,1,0.998001998,0.954045954,0.954045954,1,0.001998002,0.161838162,0.161838162,0.001998002,0.001998002,0.03996004,0.03996004,0.000999001,0.948622828,0.051377172,0.034638227,0.984232544,0.015767456,0.003328972,1.137061802,-1.589089104,-0.031672199,-1.396521277,1.1844921,0.917396828,0.003064189,0.014696744,0.029853004,0.034989235
Setophaga petechia,0.786819747,0.999000999,0.841158841,0.841158841,0.999000999,0.999000999,1,1,1,0.005994006,0.176823177,0.176823177,0.005994006,0.002997003,0.000999001,0.000999001,0.000999001,0.967943233,0.032056767,0.028923708,0.984867571,0.015132429,0.023722921,1.250266444,0.661180155,0.472274527,1.077783311,0.882513236,0.940819054,0.022861313,0.014455626,0.005161177,0.01670283
Setophaga pinus,0.585183464,0.98001998,0.917082917,0.917082917,0.974025974,0.977022977,1,1,0.974025974,0.017982018,0.072927073,0.072927073,0.024975025,0.018981019,0.000999001,0.000999001,0.018981019,0.896155946,0.103844054,0.006839501,0.946026831,0.053973169,0.00579726,-1.237014911,0.08126641,-1.673516005,-0.708781022,0.902611849,0.89065927,0.005193491,0.050814313,0.000940125,0.052392801
Setophaga ruticilla,0.743898852,0.983016983,0.853146853,0.853146853,0.959040959,0.987012987,0.908091908,0.908091908,0.994005994,0.017982018,0.112887113,0.112887113,0.036963037,0.014985015,0.093906094,0.093906094,0.005994006,0.958959499,0.041040501,0.033420706,0.970469939,0.029530061,0.02350688,-1.098081434,-1.339342078,0.41624516,-1.209755968,1.519861044,0.928183495,0.022343934,0.028243343,0.009749188,0.01148004
Setophaga virens,0.717177356,0.997002997,0.887112887,0.887112887,0.996003996,0.997002997,0.939060939,0.939060939,1,0.005994006,0.108891109,0.108891109,0.008991009,0.004995005,0.065934066,0.065934066,0.000999001,0.884600879,0.115399121,0.058202949,0.939312648,0.060687352,0.013532507,1.493662302,1.870984325,0.44391166,1.585227391,1.087949188,0.838748008,0.011506069,0.054190046,0.040328461,0.055227416
Sialia currucoides,0.856220736,0.998001998,0.995004995,0.995004995,0.992007992,0.999000999,0.997002997,0.997002997,0.995004995,0.005994006,0.004995005,0.004995005,0.004995005,0.000999001,0.00999001,0.00999001,0.012987013,0.965202139,0.034797861,0.042098881,0.965202139,0.034797861,0.041530519,1.685268579,-0.616613654,1.624504705,-0.111221361,0.50903204,0.925924643,0.04012035,0.033381813,0.000573194,0
Sialia mexicana,0.635943281,0.952047952,0.78021978,0.78021978,0.909090909,0.96003996,0.805194805,0.805194805,0.974025974,0.031968032,0.195804196,0.195804196,0.06993007,0.02997003,0.188811189,0.188811189,0.023976024,0.875163066,0.124836934,0.279739288,0.875163066,0.124836934,0.215642309,-2.403645773,0.774722833,-2.604879775,-0.78983338,1.577444537,0.653154915,0.179570923,0.093168759,0.074105403,0
Sialia sialis,0.760864559,0.997002997,0.872127872,0.872127872,0.966033966,0.992007992,1,1,0.964035964,0.007992008,0.131868132,0.131868132,0.032967033,0.011988012,0.000999001,0.000999001,0.035964036,0.949419055,0.050580945,0.012237852,0.967187305,0.032812695,0.011553084,-0.133854631,0.082946232,-0.930398253,0.594258444,0.94653152,0.938381065,0.010967909,0.031835418,0.000658138,0.01815747
Sitta canadensis,0.574752218,0.993006993,0.919080919,0.919080919,1,0.994005994,0.992007992,0.992007992,1,0.007992008,0.080919081,0.080919081,0.000999001,0.005994006,0.015984016,0.015984016,0.000999001,0.969758596,0.030241404,0.106605174,0.984650388,0.015349612,0.038940876,1.042042204,0.641783302,0.270220913,0.839552442,0.796756385,0.869179451,0.03521803,0.013549548,0.068497622,0.013555349
Sitta carolinensis,0.749438035,0.992007992,0.85014985,0.85014985,0.979020979,0.983016983,0.889110889,0.889110889,0.983016983,0.016983017,0.185814186,0.185814186,0.01998002,0.015984016,0.131868132,0.131868132,0.013986014,0.930315444,0.069684556,0.014283764,0.938378604,0.061621396,0.013917307,0.92627929,0.545653152,-0.295739895,1.034757425,1.316265125,0.917940717,0.01295557,0.060279282,0.000346077,0.008478355
Sitta pusilla,0.644687217,0.965034965,0.927072927,0.927072927,0.895104895,0.962037962,0.949050949,0.949050949,0.884115884,0.02997003,0.073926074,0.073926074,0.0999001,0.034965035,0.057942058,0.057942058,0.118881119,0.848404699,0.151595301,0.206282012,0.881041661,0.118958339,0.206282012,-2.865383599,-0.60633907,-3.530487201,-1.407810594,1.041498634,0.695131804,0.18066012,0.093856771,2.78E-17,0.030351305
Spatula clypeata,0.378916165,0.946053946,1,1,0.956043956,0.951048951,1,1,0.956043956,0.044955045,0.112887113,0.112887113,0.050949051,0.047952048,0.082917083,0.082917083,0.043956044,1,0,0.408402009,1,0,0.399114137,1.622323354,1.772484253,1.096353076,1.859475631,0.533115591,0.591597991,0.392945044,0,0.015456964,0
Spatula discors,0.73919453,0.987012987,0.971028971,0.971028971,0.986013986,0.993006993,0.975024975,0.975024975,0.991008991,0.012987013,0.034965035,0.034965035,0.013986014,0.010989011,0.036963037,0.036963037,0.012987013,0.932033539,0.067966461,0.062391193,0.932403329,0.067596671,0.06231659,2.873593235,-0.146582934,2.574297705,-1.024016762,0.927074936,0.877604343,0.058323854,0.063623896,7.45E-05,0.000373438
Sphyrapicus varius,0.596417004,0.926073926,0.793206793,0.793206793,0.973026973,0.93006993,0.798201798,0.798201798,1,0.080919081,0.220779221,0.220779221,0.020979021,0.077922078,0.221778222,0.221778222,0.000999001,0.626289315,0.373710685,0.078181672,0.645101174,0.354898826,0.000855672,-1.968590012,-2.225204427,-0.047892205,-1.167818763,2.192520128,0.594700529,0.000509305,0.327171191,0.049928705,0.027690271
Spinus pinus,0.482773623,0.923076923,0.959040959,0.959040959,1,0.927072927,1,1,1,0.083916084,0.051948052,0.051948052,0.000999001,0.067932068,0.000999001,0.000999001,0.000999001,0.992913169,0.007086831,0.162186154,1,0,0.065565813,-0.578518904,-0.58553811,0.830341792,-1.2397037,1.553325813,0.832833648,0.058436877,0,0.102785198,0.005944278
Spinus psaltria,0.60955814,0.941058941,0.943056943,0.943056943,0.957042957,0.953046953,0.953046953,0.953046953,0.972027972,0.035964036,0.037962038,0.037962038,0.024975025,0.050949051,0.051948052,0.051948052,0.032967033,0.964688793,0.035311207,0.268133605,0.964688793,0.035311207,0.261617228,-2.219706821,-0.04789416,-1.385729138,-0.321432154,0.877691182,0.712771921,0.252543018,0.02609011,0.008594951,0
Spinus tristis,0.804473307,0.997002997,0.745254745,0.745254745,0.966033966,0.994005994,0.81018981,0.81018981,1,0.006993007,0.296703297,0.296703297,0.028971029,0.010989011,0.198801199,0.198801199,0.000999001,0.959515028,0.040484972,0.011238252,0.969972172,0.030027828,0.008570422,1.025922653,0.516810267,-0.097910586,0.887018334,1.183239267,0.949163607,0.008205054,0.029383649,0.002583127,0.010664565
Spiza americana,0.829704101,0.993006993,0.879120879,0.879120879,0.995004995,0.996003996,0.881118881,0.881118881,0.997002997,0.006993007,0.122877123,0.122877123,0.005994006,0.006993007,0.116883117,0.116883117,0.005994006,0.9217355,0.0782645,0.001940529,0.923831493,0.076168507,0.001940529,1.081115482,-0.59334459,0.260789567,-0.282127454,0.877377178,0.920086583,0.001788927,0.075859744,2.17E-19,0.002264746
Spizella breweri,0.721407879,0.992007992,0.988011988,0.988011988,0.977022977,0.994005994,0.986013986,0.986013986,0.981018981,0.006993007,0.020979021,0.020979021,0.021978022,0.006993007,0.010989011,0.010989011,0.022977023,0.894680736,0.105319264,0.02626472,0.894680736,0.105319264,0.025561866,1.999829985,-0.509960895,1.999047006,0.754411621,1.264372759,0.873598729,0.022916605,0.102837551,0.000647116,0
Spizella pallida,0.712964257,0.966033966,0.847152847,0.847152847,0.999000999,0.974025974,0.844155844,0.844155844,1,0.027972028,0.147852148,0.147852148,0.001998002,0.02997003,0.155844156,0.155844156,0.000999001,0.816223359,0.183776641,0.043066866,0.816223359,0.183776641,0.001835704,-2.70691618,2.078364046,-1.472196747,1.236598363,1.494356565,0.787302427,0.001447912,0.177264954,0.033984708,2.78E-17
Spizella passerina,0.833358661,0.999000999,0.895104895,0.895104895,0.979020979,0.999000999,0.99000999,0.99000999,0.993006993,0.004995005,0.096903097,0.096903097,0.023976024,0.004995005,0.007992008,0.007992008,0.015984016,0.987095735,0.012904265,0.02312564,0.993432921,0.006567079,0.020236176,0.926200439,0.462297873,-0.09062654,0.858702849,1.091363372,0.964556357,0.019922079,0.006376191,0.002911956,0.006233418
Spizella pusilla,0.783260391,0.974025974,0.81018981,0.81018981,0.913086913,0.984015984,0.946053946,0.946053946,0.913086913,0.023976024,0.207792208,0.207792208,0.097902098,0.023976024,0.062937063,0.062937063,0.084915085,0.964826656,0.035173344,0.041151912,0.980598686,0.019401314,0.040091264,0.313752401,0.203688605,-1.105218522,0.578859279,1.467730055,0.926463204,0.038694388,0.018330234,0.001067627,0.015444547
Stelgidopteryx serripennis,0.778303265,1,0.714285714,0.714285714,0.977022977,0.998001998,0.994005994,0.994005994,0.985014985,0.003996004,0.274725275,0.274725275,0.027972028,0.001998002,0.012987013,0.012987013,0.024975025,0.968635077,0.031364923,0.015468898,0.984742558,0.015257442,0.01419125,0.864722571,0.358341095,-0.668119351,0.734614732,1.578349204,0.954114277,0.01373499,0.014782893,0.001256,0.016111839
Strix varia,0.661307089,0.982017982,0.928071928,0.928071928,0.966033966,0.987012987,1,1,0.974025974,0.013986014,0.068931069,0.068931069,0.025974026,0.013986014,0.000999001,0.000999001,0.031968032,0.917590119,0.082409881,0.011452471,0.958498172,0.041501828,0.01068027,-0.585180646,0.40106426,-1.389483548,-0.218995424,1.015567413,0.907938354,0.009801711,0.039312648,0.000716891,0.042230396
Sturnella magna,0.811029893,0.992007992,0.93006993,0.93006993,0.929070929,0.996003996,1,1,0.939060939,0.007992008,0.080919081,0.080919081,0.05994006,0.008991009,0.000999001,0.000999001,0.057942058,0.969500273,0.030499727,0.019644578,0.987260397,0.012739603,0.018479346,0.254220316,-0.197960651,-1.122304218,-0.514119682,1.412365507,0.951024659,0.01790519,0.012272017,0.001151651,0.017646482
Sturnella neglecta,0.786554065,0.993006993,0.973026973,0.973026973,0.935064935,0.993006993,0.98001998,0.98001998,0.941058941,0.006993007,0.024975025,0.024975025,0.082917083,0.007992008,0.022977023,0.022977023,0.056943057,0.989143003,0.010856997,0.086967956,0.989438528,0.010561472,0.080660576,1.821997045,0.415710257,0.82907829,1.57353948,1.525272488,0.903972798,0.079312346,0.009649193,0.006792701,0.000272962
Tachycineta bicolor,0.642669227,0.976023976,0.641358641,0.641358641,0.973026973,0.984015984,0.81018981,0.81018981,1,0.025974026,0.34965035,0.34965035,0.024975025,0.026973027,0.173826174,0.173826174,0.000999001,0.955382217,0.044617783,0.050783608,0.975046767,0.024953233,0.038004882,1.6763063,0.858238382,0.015785315,1.058594327,1.672564632,0.908923948,0.035908235,0.023261029,0.012719704,0.019187083
Tachycineta thalassina,0.696307682,1,0.609390609,0.609390609,1,1,0.602397602,0.602397602,1,0.000999001,0.398601399,0.398601399,0.000999001,0.000999001,0.412587413,0.412587413,0.000999001,0.99094215,0.00905785,0.102621788,0.991355334,0.008644666,0,-1.844614559,1.232032492,-0.095256107,-0.16266774,2.237284901,0.89007725,0,0.007761516,0.10178687,0.000374364
Thryomanes bewickii,0.771298285,0.999000999,0.985014985,0.985014985,0.996003996,1,1,1,1,0.002997003,0.013986014,0.013986014,0.006993007,0.001998002,0.000999001,0.000999001,0.000999001,0.974725425,0.025274575,0.07673722,0.989504794,0.010495206,0.052711891,2.137138575,-2.018227837,2.369372275,-2.650699448,0.673760218,0.901676507,0.050173831,0.009563653,0.024769241,0.013816768
Thryothorus ludovicianus,0.632747883,0.984015984,0.964035964,0.964035964,1,0.975024975,1,1,1,0.027972028,0.03996004,0.03996004,0.034965035,0.02997003,0.000999001,0.000999001,0.030969031,0.886885853,0.113114147,0,0.916762227,0.083237773,0,-1.068634124,0.236450045,-1.444864361,-0.607493333,0.924007368,0.886885853,0,0.080525136,0,0.032589011
Toxostoma rufum,0.793679932,0.987012987,0.611388611,0.611388611,0.913086913,0.986013986,0.994005994,0.994005994,0.92007992,0.012987013,0.387612388,0.387612388,0.096903097,0.018981019,0.005994006,0.005994006,0.078921079,0.960247322,0.039752678,0.015407714,0.991798635,0.008201365,0.013368832,0.658249531,0.126362224,-0.900281183,0.351687788,1.57473477,0.946031547,0.012818708,0.007822908,0.001985576,0.03134126
Tringa semipalmata,0.647994452,0.994005994,0.966033966,0.966033966,1,0.978021978,1,1,0.998001998,0.017982018,0.03996004,0.03996004,0.002997003,0.018981019,0.000999001,0.000999001,0.001998002,0.900995654,0.099004346,0.070921836,0.987419702,0.012580298,0.070629243,-2.860264598,1.16101046,-0.957155172,1.673739991,1.970968559,0.843014675,0.064066454,0.010740495,0.000285665,0.081892712
Troglodytes hiemalis,0.657626628,0.959040959,0.83016983,0.83016983,0.987012987,0.956043956,0.865134865,0.865134865,1,0.038961039,0.14985015,0.14985015,0.014985015,0.041958042,0.13986014,0.13986014,0.000999001,0.693015751,0.306984249,0.079777644,0.746169198,0.253830802,0.004832542,-2.949939692,-1.988025877,-0.362355177,-1.612160468,2.614740605,0.653738969,0.003174562,0.222388015,0.053500604,0.067197851
Tyrannus forficatus,0.830719032,0.996003996,0.852147852,0.852147852,1,0.996003996,0.896103896,0.896103896,1,0.000999001,0.135864136,0.135864136,0.000999001,0.003996004,0.128871129,0.128871129,0.000999001,0.85488975,0.14511025,0.00548018,0.874669904,0.125330096,0.002362182,0.02015773,-2.129013029,-0.853594194,-1.06870965,1.373930741,0.850881447,0.002014696,0.121921485,0.002673982,0.02250839
Tyrannus tyrannus,0.839498496,0.997002997,0.688311688,0.688311688,0.971028971,0.999000999,0.731268731,0.731268731,1,0.000999001,0.341658342,0.341658342,0.016983017,0.001998002,0.251748252,0.251748252,0.000999001,0.97692744,0.02307256,0.014825971,0.984031837,0.015968163,0.011080611,0.722030931,-0.153253136,-0.485738091,-0.537928521,1.267549274,0.96277288,0.010787646,0.015623188,0.003701208,0.007115078
Tyrannus verticalis,0.837639707,0.999000999,0.998001998,0.998001998,0.997002997,1,0.999000999,0.999000999,0.999000999,0.001998002,0.002997003,0.002997003,0.007992008,0.000999001,0.001998002,0.001998002,0.004995005,0.93952614,0.06047386,0.068765825,0.93952614,0.06047386,0.066423862,0.440875811,0.862524648,-0.165315498,0.893805863,0.606997873,0.878572423,0.062510352,0.056550493,0.002366732,0
Vermivora chrysoptera,0.468660407,0.988011988,0.959040959,0.959040959,0.998001998,0.993006993,0.966033966,0.966033966,1,0.004995005,0.033966034,0.033966034,0.002997003,0.011988012,0.028971029,0.028971029,0.000999001,0.968376298,0.031623702,0.216716137,0.968466929,0.031533071,0.18130387,1.167729897,-0.697373285,3.720059831,-0.135027946,2.613545556,0.763747771,0.169135313,0.02486746,0.042175649,7.38E-05
Vermivora cyanoptera,0.693282861,0.983016983,0.976023976,0.976023976,0.979020979,0.977022977,0.977022977,0.977022977,0.963036963,0.01998002,0.028971029,0.028971029,0.030969031,0.025974026,0.01998002,0.01998002,0.038961039,0.894557376,0.105442624,0.0356675,0.909169513,0.090830487,0.0356675,0.309457031,-0.546662298,-0.721163106,-0.848349427,1.073868238,0.865907319,0.032027075,0.086508382,0,0.015557223
Vireo bellii,0.642627151,0.969030969,0.94005994,0.94005994,0.965034965,0.966033966,0.938061938,0.938061938,0.965034965,0.034965035,0.065934066,0.065934066,0.038961039,0.035964036,0.058941059,0.058941059,0.037962038,0.783066398,0.216933602,0.028565393,0.783066398,0.216933602,0.028565393,0.606642685,-0.68314707,-1.092879025,-0.67205595,1.6995579,0.765441079,0.022508077,0.212050843,0,0
Vireo cassinii,0.682324325,0.96003996,0.865134865,0.865134865,0.927072927,0.96003996,0.857142857,0.857142857,0.957042957,0.040959041,0.144855145,0.144855145,0.085914086,0.026973027,0.136863137,0.136863137,0.031968032,0.847442432,0.152557568,0.197819294,0.847442432,0.152557568,0.147242148,-1.065779483,0.669027479,-1.244621323,-0.161585269,0.849648128,0.700956001,0.121031154,0.126186911,0.051825935,0
Vireo flavifrons,0.710380797,0.984015984,0.882117882,0.882117882,0.896103896,0.985014985,0.994005994,0.994005994,0.885114885,0.020979021,0.13986014,0.13986014,0.125874126,0.011988012,0.007992008,0.007992008,0.115884116,0.924227935,0.075772065,0.027994531,0.955376611,0.044623389,0.027111546,0.070004958,0.268772271,-1.199802399,0.546432412,1.299809939,0.900264251,0.025087722,0.042049221,0.000840604,0.031758202
Vireo gilvus,0.735456911,0.985014985,0.926073926,0.926073926,0.947052947,0.982017982,0.931068931,0.931068931,0.983016983,0.023976024,0.121878122,0.121878122,0.04995005,0.023976024,0.074925075,0.074925075,0.015984016,0.96197986,0.03802014,0.027278118,0.966828722,0.033171278,0.022301936,1.421652563,0.479134534,0.195199291,0.716063713,1.249128922,0.936710339,0.021366979,0.032137935,0.004901264,0.004883482
Vireo griseus,0.691864011,0.971028971,0.957042957,0.957042957,0.867132867,0.974025974,1,1,0.871128871,0.025974026,0.043956044,0.043956044,0.135864136,0.031968032,0.000999001,0.000999001,0.136863137,0.938533487,0.061466513,0.043557636,0.974198392,0.025801608,0.042727254,-0.691498072,-0.012229166,-2.388883462,-0.784843869,1.864953254,0.900062958,0.040173732,0.023838134,0.000816313,0.035108864
Vireo olivaceus,0.800550188,0.998001998,0.806193806,0.806193806,0.975024975,0.996003996,0.878121878,0.878121878,1,0.004995005,0.224775225,0.224775225,0.044955045,0.006993007,0.128871129,0.128871129,0.000999001,0.97078425,0.02921575,0.015257367,0.980342835,0.019657165,0.01011363,0.162729167,-0.430277679,-0.92995712,-0.741402616,1.136117093,0.956398958,0.00977149,0.019177059,0.005046727,0.009605766
Vireo solitarius,0.687348014,0.978021978,0.878121878,0.878121878,0.965034965,0.976023976,0.938061938,0.938061938,1,0.020979021,0.107892108,0.107892108,0.03996004,0.01998002,0.070929071,0.070929071,0.000999001,0.84008082,0.15991918,0.051191597,0.893948954,0.106051046,0.021147463,1.36323536,2.023830266,-0.287732169,1.456919122,1.745589307,0.803654877,0.017362433,0.095339269,0.025997614,0.057645807
Xanthocephalus xanthocephalus,0.828127028,1,0.887112887,0.887112887,0.986013986,1,0.883116883,0.883116883,0.994005994,0.000999001,0.110889111,0.110889111,0.014985015,0.001998002,0.104895105,0.104895105,0.012987013,0.995443264,0.004556736,0.078313583,0.995443264,0.004556736,0.072995115,2.237596486,-1.724353652,1.892112116,-2.018567265,0.453785301,0.917814061,0.072271402,0.004201381,0.005713156,0
