species,centroid_hist_X,centroid_hist_Y,centroid_rec_X,centroid_rec_Y,Eucl_distance,NS_shift,EW_shift,shift_direction,n_routes_hist,n_routes_rec,D,shift_p_D_NA,shift_p_E_NA,shift_p_S_NA,shift_p_U_NA,shift_p_D_A,shift_p_E_A,shift_p_S_A,shift_p_U_A,cons_p_D_NA,cons_p_E_NA,cons_p_S_NA,cons_p_U_NA,cons_p_D_A,cons_p_E_A,cons_p_S_A,cons_p_U_A,rS_NA,rE_NA,rU_NA,rS_A,rE_A,rU_A,range_stability_std,range_unfilling_std,range_expansion_std
Accipiter cooperii,302462.0808,351270.2194,533371.8608,206680.9085,272443.38,-144589.3109,230909.78,123.6822784,49,140,0.662240774,0.982017982,0.878121878,0.878121878,1,0.985014985,0.998001998,0.998001998,1,0.013986014,0.127872128,0.127872128,0.001998002,0.020979021,0.002997003,0.002997003,0.000999001,0.931545482,0.068454518,0.025114543,0.958268071,0.041731929,0.023892767,0.909714127,0.02343563,0.066850243
Accipiter striatus,359622.4742,626141.1944,1081573.288,388565.2665,760036.3796,-237575.9279,721950.8133,110.2900732,30,24,0.350038553,0.895104895,0.724275724,0.724275724,0.989010989,0.852147852,0.72027972,0.72027972,1,0.126873127,0.308691309,0.308691309,0.013986014,0.140859141,0.260739261,0.260739261,0.000999001,0.947135472,0.052864528,0.378934121,0.952871869,0.047128131,0.288093372,0.600257997,0.3662385,0.033503502
Actitis macularius,-156745.2059,769143.2348,-383140.2555,822543.236,232607.5636,53400.00127,-226395.0496,-77.8281376,76,49,0.731798732,1,0.507492507,0.507492507,1,1,0.516483516,0.516483516,1,0.000999001,0.452547453,0.452547453,0.000999001,0.000999001,0.505494505,0.505494505,0.000999001,0.994084144,0.005915856,0.046105508,0.994084144,0.005915856,0.036760654,0.948510098,0.045845259,0.005644642
Aix sponsa,824642.1019,348332.1474,748185.8256,415030.0739,101460.2168,66697.92649,-76456.27632,-43.47103668,144,196,0.854893324,0.996003996,0.543456543,0.543456543,1,0.996003996,0.577422577,0.577422577,1,0.005994006,0.451548452,0.451548452,0.000999001,0.003996004,0.418581419,0.418581419,0.000999001,0.969723007,0.030276993,0.0001033,0.971712563,0.028287437,0.0001033,0.969625867,0.000100173,0.03027396
Ammodramus savannarum,598838.9252,374485.1136,479070.2651,305547.4624,138191.6484,-68937.65122,-119768.6601,-115.1853489,265,187,0.801640879,0.983016983,0.967032967,0.967032967,1,0.981018981,0.966033966,0.966033966,1,0.018981019,0.031968032,0.031968032,0.002997003,0.014985015,0.021978022,0.021978022,0.000999001,0.983265235,0.016734765,0.00813235,0.983307216,0.016692784,0.007957191,0.975401724,0.007997345,0.016600931
Anas platyrhynchos,350545.169,612816.2653,431987.795,584796.1603,86127.9723,-28020.10498,81442.626,111.3165231,251,259,0.896294687,0.999000999,0.605394605,0.605394605,1,1,0.598401598,0.598401598,1,0.001998002,0.397602398,0.397602398,0.000999001,0.001998002,0.407592408,0.407592408,0.001998002,0.989244491,0.010755509,0.002669833,0.989325592,0.010674408,0.002669833,0.986631704,0.002641193,0.010727102
Antrostomus carolinensis,732863.1868,-262831.9642,733389.56,-308143.8177,45314.91081,-45311.85356,526.3731694,-175.7177446,97,63,0.87240661,1,0.984015984,0.984015984,1,1,0.977022977,0.977022977,1,0.001998002,0.021978022,0.021978022,0.000999001,0.001998002,0.012987013,0.012987013,0.001998002,0.976279075,0.023720925,0.031194159,0.976279075,0.023720925,0.031194159,0.946525256,0.030476756,0.022997988
Antrostomus vociferus,964509.5806,245521.376,1073601.591,136786.539,154027.048,-108734.837,109092.0105,141.1654947,94,37,0.764892551,0.987012987,0.948051948,0.948051948,0.999000999,0.985014985,0.92007992,0.92007992,0.997002997,0.01998002,0.072927073,0.072927073,0.005994006,0.011988012,0.065934066,0.065934066,0.002997003,0.940336345,0.059663655,0.127022249,0.940336345,0.059663655,0.127022249,0.827161443,0.120355767,0.05248279
Aphelocoma californica,-2136499.948,458687.0885,-2138459.356,441185.5737,17610.85741,-17501.51476,-1959.408083,171.0199016,27,26,0.960099923,1,0.957042957,0.957042957,1,1,0.963036963,0.963036963,1,0.000999001,0.033966034,0.033966034,0.000999001,0.000999001,0.048951049,0.048951049,0.000999001,0.99733094,0.00266906,0.001857104,0.99733094,0.00266906,0.001857104,0.995483727,0.001852156,0.002664117
Archilochus alexandri,-1022418.688,-328668.9965,-749538.9291,-278141.9028,277518.198,50527.09378,272879.7593,73.07032307,20,24,0.799248962,1,0.802197802,0.802197802,1,1,0.898101898,0.898101898,1,0.000999001,0.200799201,0.200799201,0.000999001,0.000999001,0.130869131,0.130869131,0.000999001,0.893547111,0.106452889,0.042223962,0.922414546,0.077585454,0.033242781,0.859682166,0.037899452,0.102418383
Archilochus colubris,997990.681,242971.8352,944266.4414,269975.6053,60129.00732,27003.77012,-53724.2396,-56.76133772,193,272,0.851594015,0.999000999,0.96003996,0.96003996,1,0.999000999,0.946053946,0.946053946,1,0.000999001,0.037962038,0.037962038,0.000999001,0.000999001,0.038961039,0.038961039,0.000999001,0.997132913,0.002867087,0.032539961,0.997132913,0.002867087,0.032539961,0.964776256,0.032449693,0.002774051
Ardea herodias,389444.6906,352532.9075,602990.3404,301152.4482,219639.9239,-51380.45934,213545.6498,105.9867216,265,353,0.795125117,0.995004995,0.693306693,0.693306693,1,0.993006993,0.707292707,0.707292707,1,0.004995005,0.286713287,0.286713287,0.000999001,0.012987013,0.284715285,0.284715285,0.000999001,0.998185915,0.001814085,0.012840435,0.998266884,0.001733116,0.012547035,0.985391727,0.01281744,0.001790833
Baeolophus bicolor,971304.0596,127213.5225,1033775.131,193785.337,91293.16087,66571.81457,62471.07112,50.47842822,294,325,0.894217176,0.997002997,0.947052947,0.947052947,1,0.991008991,0.928071928,0.928071928,1,0.008991009,0.06993007,0.06993007,0.001998002,0.003996004,0.060939061,0.060939061,0.000999001,0.978890725,0.021109275,0.002147094,0.978890725,0.021109275,0.002147094,0.976833228,0.002101865,0.021064906
Bartramia longicauda,206689.723,592622.5766,-77956.34301,604613.1152,284898.5011,11990.53868,-284646.066,-85.95528677,86,63,0.771486654,0.993006993,0.917082917,0.917082917,0.961038961,0.994005994,0.938061938,0.938061938,1,0.007992008,0.077922078,0.077922078,0.047952048,0.006993007,0.072927073,0.072927073,0.000999001,0.99474191,0.00525809,0.170018157,0.99474191,0.00525809,0.11053459,0.826356463,0.169275513,0.004368024
Bombycilla cedrorum,890949.197,663685.2564,821417.9724,564648.2447,121007.9372,-99037.01167,-69531.22458,-137.8996657,231,316,0.7630103,0.983016983,0.904095904,0.904095904,1,0.984015984,0.902097902,0.902097902,1,0.014985015,0.101898102,0.101898102,0.002997003,0.015984016,0.085914086,0.085914086,0.001998002,0.923043786,0.076956214,0,0.928175985,0.071824015,0,0.923043786,0,0.076956214
Bonasa umbellus,781554.2494,783893.1734,691975.0997,895962.5185,143471.1197,112069.3451,-89579.14969,-32.77711901,55,36,0.771571948,1,0.789210789,0.789210789,1,1,0.804195804,0.804195804,1,0.003996004,0.215784216,0.215784216,0.003996004,0.001998002,0.234765235,0.234765235,0.000999001,0.975328559,0.024671441,0.0850446,0.975328559,0.024671441,0.083131229,0.894258441,0.083120829,0.02262073
Botaurus lentiginosus,416225.6849,884388.3709,160888.4724,888687.1682,255373.3966,4298.7973,-255337.2124,-85.65812843,57,37,0.842561136,0.994005994,0.865134865,0.865134865,1,0.988011988,1,1,0.996003996,0.00999001,0.107892108,0.107892108,0.001998002,0.011988012,0.000999001,0.000999001,0.000999001,0.973504816,0.026495184,0.024410415,0.984618277,0.015381723,0.024313219,0.95035581,0.023779036,0.025865154
Branta canadensis,476309.1113,654981.1697,653156.7697,446273.1761,273558.2586,-208707.9936,176847.6584,142.8396661,63,331,0.65373628,0.993006993,0.848151848,0.848151848,1,0.99000999,0.879120879,0.879120879,1,0.01998002,0.187812188,0.187812188,0.001998002,0.013986014,0.140859141,0.140859141,0.001998002,0.857934978,0.142065022,0.005446773,0.87487605,0.12512395,0.005446773,0.853922763,0.004676596,0.141400641
Bubo virginianus,185559.038,259999.2852,-31958.3057,271637.0883,217828.4492,11637.80317,-217517.3437,-85.63579691,164,110,0.851177934,0.993006993,0.699300699,0.699300699,1,0.996003996,0.894105894,0.894105894,1,0.011988012,0.292707293,0.292707293,0.002997003,0.008991009,0.121878122,0.121878122,0.000999001,0.990525084,0.009474916,0.003893195,0.995348903,0.004651097,0.003776477,0.986705173,0.00385645,0.009438377
Buteo jamaicensis,253439.6261,322390.1286,375914.8157,316618.0096,122611.1308,-5772.119021,122475.1895,94.39436629,339,416,0.922729358,1,0.943056943,0.943056943,1,1,0.949050949,0.949050949,1,0.000999001,0.047952048,0.047952048,0.000999001,0.000999001,0.043956044,0.043956044,0.000999001,0.998410436,0.001589564,0.002962349,0.998410436,0.001589564,0.002962349,0.995457483,0.002957654,0.001584862
Buteo lineatus,782466.999,-48767.18573,701077.6113,34859.81016,116694.9307,83626.99589,-81389.38763,-39.42497552,100,218,0.816380044,0.994005994,0.737262737,0.737262737,1,0.99000999,0.747252747,0.747252747,1,0.013986014,0.232767233,0.232767233,0.000999001,0.015984016,0.245754246,0.245754246,0.000999001,0.950173423,0.049826577,0,0.950924867,0.049075133,0,0.950173423,0,0.049826577
Buteo platypterus,1125868.611,432739.8901,1111747.266,359563.0541,74526.91931,-73176.83598,-14121.34475,-160.636314,97,108,0.825139036,1,0.964035964,0.964035964,1,0.997002997,0.962037962,0.962037962,1,0.000999001,0.037962038,0.037962038,0.000999001,0.001998002,0.038961039,0.038961039,0.000999001,0.9335842,0.0664158,0.013827025,0.93474618,0.06525382,0.013827025,0.921521772,0.012920557,0.065557671
Buteo swainsoni,-543892.2746,425303.2506,-735958.5203,344368.8723,208422.2069,-80934.37834,-192066.2457,-116.3357712,54,53,0.883204363,0.999000999,0.95004995,0.95004995,0.991008991,0.999000999,0.958041958,0.958041958,0.994005994,0.002997003,0.050949051,0.050949051,0.011988012,0.002997003,0.036963037,0.036963037,0.003996004,0.955461861,0.044538139,0.046345066,0.955461861,0.044538139,0.043958776,0.913065597,0.044372534,0.042561869
Calamospiza melanocorys,-508762.334,684122.8599,-653793.1096,596731.9347,169325.4253,-87390.92515,-145030.7756,-124.5161986,30,23,0.766654489,0.976023976,0.945054945,0.945054945,0.959040959,0.972027972,0.948051948,0.948051948,0.964035964,0.020979021,0.063936064,0.063936064,0.045954046,0.01998002,0.057942058,0.057942058,0.034965035,0.919798406,0.080201594,0.179246558,0.919798406,0.080201594,0.176732144,0.765938735,0.167275427,0.066785839
Callipepla californica,-2075872.072,546223.4426,-2050811.795,597886.0526,57419.88117,51662.61002,25060.27692,11.11988006,31,33,0.908801791,1,0.955044955,0.955044955,1,1,0.949050949,0.949050949,1,0.004995005,0.055944056,0.055944056,0.003996004,0.001998002,0.054945055,0.054945055,0.000999001,0.958917648,0.041082352,0.008983347,0.958917648,0.041082352,0.008983347,0.950654204,0.008617471,0.040728326
Cardellina canadensis,1440934.86,835079.6861,1286290.328,828938.6864,154766.415,-6140.999726,-154644.5322,-81.35807273,48,33,0.812999246,1,1,1,1,1,1,1,1,0.002997003,0.015984016,0.015984016,0.000999001,0.001998002,0.014985015,0.014985015,0.000999001,1,0,0.080995324,1,0,0.080995324,0.919004676,0.080995324,0
Cardinalis cardinalis,867710.8737,192860.2185,873424.5609,230113.3141,37688.71659,37253.09568,5713.68714,15.08489921,387,408,0.934750305,0.997002997,0.909090909,0.909090909,1,0.999000999,0.917082917,0.917082917,1,0.001998002,0.084915085,0.084915085,0.000999001,0.001998002,0.094905095,0.094905095,0.000999001,0.995490552,0.004509448,0,0.995507663,0.004492337,0,0.995490552,0,0.004509448
Cathartes aura,504434.0453,76455.58758,538007.4728,253270.1743,179973.8123,176814.5867,33573.42748,14.51365368,239,419,0.774235656,0.961038961,0.734265734,0.734265734,1,0.969030969,0.76023976,0.76023976,1,0.034965035,0.233766234,0.233766234,0.001998002,0.038961039,0.257742258,0.257742258,0.001998002,0.970902151,0.029097849,0.008530007,0.970902151,0.029097849,0.008530007,0.962859335,0.008283858,0.028856807
Catharus fuscescens,1080643.678,796827.4594,1173660.669,791700.5776,93158.17539,-5126.881851,93016.99159,101.1858392,133,121,0.887013668,1,0.994005994,0.994005994,1,1,0.994005994,0.994005994,1,0.002997003,0.00999001,0.00999001,0.002997003,0.000999001,0.005994006,0.005994006,0.000999001,0.997190611,0.002809389,0.020597078,0.997190611,0.002809389,0.020032249,0.976707915,0.020540402,0.002751684
Catharus guttatus,391079.3456,819099.9599,599027.5102,806163.9289,208350.1381,-12936.03097,207948.1646,96.38005494,94,89,0.857164576,1,0.872127872,0.872127872,1,1,0.863136863,0.863136863,1,0.000999001,0.123876124,0.123876124,0.000999001,0.000999001,0.136863137,0.136863137,0.000999001,0.999087348,0.000912652,0.018036803,0.999087348,0.000912652,0.012910579,0.981083156,0.018020639,0.000896206
Catharus ustulatus,-629542.1247,985250.1742,-726980.1386,1010219.147,100586.3616,24968.97245,-97438.01389,-80.42231649,35,27,0.625917875,0.989010989,0.987012987,0.987012987,1,0.983016983,1,1,1,0.011988012,0.020979021,0.020979021,0.000999001,0.016983017,0.000999001,0.000999001,0.000999001,0.814112307,0.185887693,0,0.897741146,0.102258854,0,0.814112307,0,0.185887693
Centronyx henslowii,940765.7948,563915.6085,482211.7426,391030.9342,490062.169,-172884.6743,-458554.0523,-103.3396531,23,22,0.349255133,0.847152847,0.834165834,0.834165834,0.86013986,0.862137862,0.845154845,0.845154845,0.945054945,0.146853147,0.14985015,0.14985015,0.138861139,0.134865135,0.140859141,0.140859141,0.047952048,0.679849019,0.320150981,0.602386245,0.679849019,0.320150981,0.509855863,0.334905339,0.507382773,0.157711888
Certhia americana,-46677.34889,696657.7733,299075.8411,798242.7469,360367.5558,101584.9736,345753.19,73.17284045,55,74,0.726907865,0.998001998,0.871128871,0.871128871,1,0.999000999,0.904095904,0.904095904,1,0.003996004,0.127872128,0.127872128,0.000999001,0.002997003,0.096903097,0.096903097,0.000999001,0.926652684,0.073347316,0.05028765,0.932418332,0.067581668,0.004370212,0.883311562,0.046771701,0.069916737
Chaetura pelagica,862886.8042,251749.1362,881447.0943,246707.2487,19232.91446,-5041.887467,18560.29012,110.9325032,405,378,0.928439985,1,0.933066933,0.933066933,1,1,0.955044955,0.955044955,1,0.001998002,0.061938062,0.061938062,0.001998002,0.001998002,0.041958042,0.041958042,0.001998002,0.990960656,0.009039344,0,0.993257856,0.006742144,0,0.990960656,0,0.009039344
Chamaea fasciata,-2155911.336,407158.5324,-2166246.058,391175.541,19033.19459,-15982.99144,-10334.72211,-162.0259525,22,20,0.870348732,0.994005994,0.913086913,0.913086913,1,1,0.929070929,0.929070929,1,0.004995005,0.085914086,0.085914086,0.000999001,0.001998002,0.062937063,0.062937063,0.001998002,0.933168176,0.066831824,0.013486755,0.933168176,0.066831824,0.013486755,0.921413277,0.012596764,0.065989959
Chondestes grammacus,-493526.4685,112165.2639,-423073.8535,168966.541,90498.37585,56801.27711,70452.61493,48.22505684,119,131,0.91795391,1,0.71028971,0.71028971,1,1,0.709290709,0.709290709,1,0.003996004,0.278721279,0.278721279,0.000999001,0.000999001,0.314685315,0.314685315,0.000999001,0.982789212,0.017210788,0.019403248,0.982789212,0.017210788,0.018319021,0.964041846,0.019075673,0.016882481
Chordeiles minor,-125348.0116,161092.6444,-441233.7811,210051.3984,319657.2836,48958.75408,-315885.7695,-82.14713888,155,121,0.875218545,1,0.834165834,0.834165834,1,1,0.98001998,0.98001998,1,0.000999001,0.170829171,0.170829171,0.000999001,0.000999001,0.015984016,0.015984016,0.000999001,0.988330855,0.011669145,0.034441282,0.996982806,0.003017194,0.027143986,0.954675158,0.034053068,0.011271774
Circus hudsonius,-186332.4418,748094.743,-298691.9604,792565.8063,120840.1294,44471.06332,-112359.5185,-69.85235448,90,79,0.857877326,0.999000999,0.955044955,0.955044955,1,0.996003996,0.943056943,0.943056943,1,0.003996004,0.057942058,0.057942058,0.000999001,0.002997003,0.062937063,0.062937063,0.000999001,0.999285811,0.000714189,0.050085205,0.999285811,0.000714189,0.033859885,0.949270332,0.050051225,0.000678443
Cistothorus palustris,63086.46336,771449.3452,2204.845676,819680.8627,77671.42751,48231.51749,-60881.61768,-51.22333882,50,55,0.751824489,0.999000999,0.843156843,0.843156843,1,0.999000999,0.839160839,0.839160839,1,0.001998002,0.171828172,0.171828172,0.001998002,0.000999001,0.183816184,0.183816184,0.000999001,0.997095975,0.002904025,0.063273862,0.997095975,0.002904025,0.031855722,0.934177516,0.063101708,0.002720776
Coccyzus americanus,816868.839,160811.5715,797199.7291,140430.6864,28324.09507,-20380.88507,-19669.10992,-129.7528173,361,339,0.923339873,1,1,1,1,1,1,1,1,0.002997003,0.104895105,0.104895105,0.002997003,0.001998002,0.118881119,0.118881119,0.000999001,1,0,0.017542841,1,0,0.016504294,0.982457159,0.017542841,0
Coccyzus erythropthalmus,847261.4111,636268.746,891411.2761,684529.1669,65408.55294,48260.42084,44149.86498,49.03868999,205,93,0.810619691,0.998001998,0.998001998,0.998001998,1,0.995004995,1,1,1,0.002997003,0.001998002,0.001998002,0.001998002,0.003996004,0.000999001,0.000999001,0.000999001,0.999644151,0.000355849,0.036822883,1,0,0.036789639,0.962846988,0.036810262,0.00034275
Colaptes auratus auratus,893851.7681,365694.8935,915760.1391,422218.5516,60620.95879,56523.65811,21908.37096,27.99839478,406,365,0.866250347,1,1,1,1,1,1,1,1,0.000999001,0.023976024,0.023976024,0.000999001,0.000999001,0.026973027,0.026973027,0.000999001,1,0,0.023992378,1,0,0.023992378,0.976007622,0.023992378,0
Colaptes auratus cafer,-1662642.173,662315.2472,-1696738.569,666733.5969,34381.47883,4418.349782,-34096.39676,-94.77763737,68,62,0.93450374,1,0.982017982,0.982017982,1,1,1,1,1,0.001998002,0.026973027,0.026973027,0.001998002,0.000999001,0.018981019,0.018981019,0.000999001,0.999763453,0.000236547,0.03715994,1,0,0.034686862,0.962620765,0.037151476,0.000227759
Colinus virginianus,691522.4955,34964.26147,569173.2834,-63443.60725,157014.1342,-98407.86872,-122349.2121,-123.524468,287,209,0.895414468,1,0.92007992,0.92007992,0.996003996,1,0.92007992,0.92007992,0.995004995,0.002997003,0.066933067,0.066933067,0.003996004,0.001998002,0.073926074,0.073926074,0.002997003,0.998162015,0.001837985,0.042226059,0.998162015,0.001837985,0.042226059,0.95608777,0.04215172,0.001760511
Contopus cooperi,-909333.2745,765870.6141,-1452358.299,797685.0982,543956.1918,31814.48408,-543025.0244,-93.16230827,50,29,0.762351352,1,0.984015984,0.984015984,1,0.999000999,0.999000999,0.999000999,1,0.000999001,0.015984016,0.015984016,0.000999001,0.001998002,0.002997003,0.002997003,0.000999001,0.983161893,0.016838107,0.17881685,0.999456647,0.000543353,0.17881685,0.809794219,0.176336852,0.013868928
Contopus sordidulus,-1707845.19,660070.5703,-1754449.377,656602.5151,46733.04736,-3468.055243,-46604.18767,-106.5651816,57,57,0.920012929,1,0.977022977,0.977022977,1,1,0.98001998,0.98001998,1,0.000999001,0.020979021,0.020979021,0.000999001,0.000999001,0.021978022,0.021978022,0.000999001,0.987472252,0.012527748,0.034256436,0.988285836,0.011714164,0.034256436,0.954054411,0.033841803,0.012103786
Contopus virens,951420.3234,319410.9485,922260.4908,328690.8377,30600.85262,9279.889197,-29159.8326,-65.95113838,372,382,0.957097103,1,0.969030969,0.969030969,1,1,0.959040959,0.959040959,1,0.001998002,0.03996004,0.03996004,0.001998002,0.000999001,0.043956044,0.043956044,0.000999001,0.995131169,0.004868831,0.002545943,0.995131169,0.004868831,0.002545943,0.992609926,0.002533579,0.004856495
Corvus corax,-244357.8297,673761.2757,210178.3689,622835.5169,457380.1359,-50925.75877,454536.1986,94.26400954,99,183,0.867757803,1,0.773226773,0.773226773,1,1,0.761238761,0.761238761,1,0.001998002,0.246753247,0.246753247,0.001998002,0.000999001,0.21978022,0.21978022,0.000999001,0.99215235,0.00784765,0.018485524,0.992205532,0.007794468,0.013323749,0.973953184,0.018343117,0.007703699
Corvus ossifragus,1329596.472,-6805.163814,1150804.18,14640.66734,180073.8933,21445.83115,-178792.2911,-74.3716771,54,109,0.779033005,0.985014985,0.949050949,0.949050949,1,0.986013986,0.94005994,0.94005994,1,0.014985015,0.068931069,0.068931069,0.001998002,0.013986014,0.055944056,0.055944056,0.000999001,0.844034103,0.155965897,0.004101747,0.844034103,0.155965897,0.004101747,0.841110175,0.00346423,0.155425595
Cyanocitta cristata,862843.0984,327370.2419,872638.8431,298779.4277,30222.36377,-28590.81421,9795.744731,167.0186779,423,423,0.931732136,1,0.846153846,0.846153846,1,1,0.843156843,0.843156843,1,0.000999001,0.154845155,0.154845155,0.000999001,0.001998002,0.14985015,0.14985015,0.000999001,0.998866709,0.001133291,0.010901108,0.998866709,0.001133291,0.010187762,0.987990161,0.010888888,0.001120951
Cyanocitta stelleri,-1967614.367,686512.8086,-1962173.003,699901.1279,14451.83495,13388.31924,5441.363921,7.785773355,37,35,0.947003201,1,0.995004995,0.995004995,1,1,0.993006993,0.993006993,1,0.002997003,0.006993007,0.006993007,0.002997003,0.000999001,0.004995005,0.004995005,0.000999001,0.987356519,0.012643481,0.006423952,0.987356519,0.012643481,0.006423952,0.981093474,0.006343246,0.01256328
Dolichonyx oryzivorus,723633.5318,717051.2071,751112.2434,717938.2278,27493.02459,887.0207451,27478.71167,93.53902356,200,173,0.899680635,1,1,1,1,0.999000999,1,1,1,0.001998002,0.002997003,0.002997003,0.001998002,0.001998002,0.000999001,0.000999001,0.000999001,0.988449147,0.011550853,0.010516387,0.99309786,0.00690214,0.010516387,0.978173055,0.010396177,0.011430768
Dryobates pubescens,761925.0301,341006.5879,746312.5841,322687.9225,24069.10826,-18318.66538,-15612.44604,-133.5886705,398,414,0.92969797,1,0.955044955,0.955044955,1,1,0.953046953,0.953046953,1,0.000999001,0.050949051,0.050949051,0.000999001,0.000999001,0.034965035,0.034965035,0.000999001,0.99153825,0.00846175,0.002039279,0.99153825,0.00846175,0.001561148,0.989533302,0.002022058,0.00844464
Dryobates villosus,632042.1285,420537.5692,692159.867,461628.564,72819.03831,41090.99483,60117.73851,60.59384409,257,282,0.89904947,1,0.945054945,0.945054945,1,1,0.954045954,0.954045954,1,0.001998002,0.040959041,0.040959041,0.001998002,0.001998002,0.057942058,0.057942058,0.000999001,0.994710206,0.005289794,0.005711099,0.994710206,0.005289794,0.005568698,0.989059198,0.00568106,0.005259742
Dryocopus pileatus,820449.398,251417.0786,850976.0278,314055.8797,69681.37859,62638.80105,30526.62977,32.25869473,233,325,0.900105752,0.998001998,0.99000999,0.99000999,1,0.998001998,0.989010989,0.989010989,1,0.001998002,0.00999001,0.00999001,0.000999001,0.007992008,0.016983017,0.016983017,0.004995005,0.992055184,0.007944816,0.007639993,0.992055184,0.007944816,0.007639993,0.984535648,0.007579755,0.007884597
Dumetella carolinensis,861499.6364,414722.6835,855849.1229,452882.1597,38575.56123,38159.47617,-5650.513479,-2.241660638,392,369,0.932109285,1,0.872127872,0.872127872,1,1,0.898101898,0.898101898,1,0.000999001,0.115884116,0.115884116,0.000999001,0.000999001,0.114885115,0.114885115,0.000999001,0.997041581,0.002958419,0.001376299,0.997041581,0.002958419,0.001376299,0.995673408,0.001372233,0.002954359
Empidonax difficilis,-2110993.988,758744.8769,-2100020.857,739554.4943,22106.11663,-19190.38265,10973.13111,134.2050624,21,25,0.919396443,0.998001998,0.893106893,0.893106893,1,0.997002997,0.894105894,0.894105894,1,0.000999001,0.116883117,0.116883117,0.000999001,0.001998002,0.110889111,0.110889111,0.000999001,0.978932485,0.021067515,0.004929783,0.978932485,0.021067515,0.004929783,0.97420774,0.004826426,0.020965834
Empidonax hammondii,-1774341.912,856840.6276,-1674107.744,956188.4916,141127.1995,99347.86399,100234.1677,32.04875287,20,20,0.755209659,1,0.495504496,0.495504496,1,1,0.492507493,0.492507493,1,0.000999001,0.505494505,0.505494505,0.000999001,0.001998002,0.518481518,0.518481518,0.000999001,0.87513983,0.12486017,0.04722513,0.87513983,0.12486017,0.025605174,0.838757001,0.041573733,0.119669266
Empidonax minimus,997482.9165,790132.9261,976870.287,823394.9967,39131.13638,33262.07063,-20612.62943,-24.3776355,142,122,0.89326266,1,0.943056943,0.943056943,1,1,0.977022977,0.977022977,1,0.001998002,0.052947053,0.052947053,0.001998002,0.001998002,0.032967033,0.032967033,0.000999001,0.995352758,0.004647242,0.029168591,0.99554634,0.00445366,0.023680888,0.966450726,0.029036974,0.0045123
Empidonax oberholseri,-1711429.014,786475.9679,-1667516.136,714377.7398,84418.57269,-72098.22812,43912.87871,135.4728453,23,26,0.792099681,0.989010989,0.966033966,0.966033966,1,0.985014985,0.953046953,0.953046953,0.998001998,0.010989011,0.053946054,0.053946054,0.002997003,0.016983017,0.045954046,0.045954046,0.008991009,0.928313857,0.071686143,0.043309782,0.928842508,0.071157492,0.043309782,0.890874695,0.040330285,0.068795021
Empidonax traillii,594348.4404,643018.6912,641525.5305,633604.4963,48107.22287,-9414.194852,47177.09007,105.5206885,171,174,0.903204103,1,0.952047952,0.952047952,1,1,0.947052947,0.947052947,1,0.001998002,0.061938062,0.061938062,0.001998002,0.000999001,0.038961039,0.038961039,0.000999001,0.999788517,0.000211483,0.028112576,0.999788517,0.000211483,0.02683593,0.971687663,0.028106798,0.000205539
Empidonax virescens,1078702.223,66395.11943,1046536.822,61637.58925,32515.33663,-4757.530184,-32165.40102,-90.947615,148,187,0.930902983,1,0.986013986,0.986013986,1,1,0.989010989,0.989010989,1,0.000999001,0.023976024,0.023976024,0.000999001,0.001998002,0.018981019,0.018981019,0.001998002,0.995463448,0.004536552,0.011108227,0.995463448,0.004536552,0.011108227,0.984455224,0.011058391,0.004486385
Eremophila alpestris,269184.9188,430708.0461,165082.7648,444568.7861,105020.8482,13860.73996,-104102.1539,-80.56652,265,223,0.891686787,0.996003996,0.998001998,0.998001998,1,0.999000999,0.994005994,0.994005994,1,0.002997003,0.004995005,0.004995005,0.002997003,0.003996004,0.002997003,0.002997003,0.000999001,0.983042344,0.016957656,0.003113047,0.983042344,0.016957656,0.003113047,0.980033823,0.003060419,0.016905759
Euphagus cyanocephalus,-986986.2337,786336.1488,-1108536.07,794278.1093,121809.0206,7941.960547,-121549.8365,-93.62269602,101,83,0.890508042,1,0.816183816,0.816183816,1,1,0.856143856,0.856143856,1,0.000999001,0.148851149,0.148851149,0.000999001,0.001998002,0.144855145,0.144855145,0.000999001,0.999652634,0.000347366,0.038336184,0.999869485,0.000130515,0.038294244,0.961342569,0.038323377,0.000334054
Falco sparverius,320085.0621,481098.8186,280273.2547,415433.6593,76791.23102,-65665.15933,-39811.80745,-146.0090556,302,254,0.914067719,0.998001998,0.679320679,0.679320679,1,0.995004995,0.664335664,0.664335664,1,0.005994006,0.344655345,0.344655345,0.002997003,0.004995005,0.312687313,0.312687313,0.000999001,0.9996509,0.0003491,0.003063421,0.9996509,0.0003491,0.003063421,0.996589614,0.003062355,0.000348031
Fulica americana,-676700.6778,746081.9541,-861516.9223,812173.523,196278.2201,66091.56891,-184816.2444,-75.40714126,52,38,0.807939531,1,1,1,1,1,1,1,1,0.000999001,0.095904096,0.095904096,0.000999001,0.001998002,0.085914086,0.085914086,0.000999001,1,0,0.085415141,1,0,0.065837687,0.914584859,0.085415141,0
Gallinago delicata,-88361.46667,924257.4224,-306149.0502,926989.0893,217804.7143,2731.666942,-217787.5836,-89.8080622,83,62,0.819950359,0.995004995,0.923076923,0.923076923,0.992007992,0.994005994,0.989010989,0.989010989,0.992007992,0.006993007,0.076923077,0.076923077,0.00999001,0.005994006,0.012987013,0.012987013,0.011988012,0.954745385,0.045254615,0.040731518,0.983123347,0.016876653,0.040731518,0.917548464,0.038960043,0.043491493
Geococcyx californianus,-646737.5594,-486376.6305,-351468.1755,-505468.4538,295885.9692,-19091.82331,295269.3839,89.58879964,31,36,0.608856188,1,0.893106893,0.893106893,1,0.999000999,0.846153846,0.846153846,1,0.001998002,0.117882118,0.117882118,0.000999001,0.002997003,0.128871129,0.128871129,0.000999001,0.985121432,0.014878568,0.221084321,0.985491222,0.014508778,0.186807208,0.769858917,0.218513686,0.011627397
Geothlypis formosa,998046.283,20802.59277,853869.2596,-68885.15289,169796.6602,-89687.74567,-144177.0235,-114.6072163,140,117,0.842142618,1,0.994005994,0.994005994,1,1,0.998001998,0.998001998,1,0.001998002,0.001998002,0.001998002,0.000999001,0.000999001,0.000999001,0.000999001,0.000999001,0.999575574,0.000424426,0.052522673,0.999575574,0.000424426,0.052522673,0.947096306,0.052501551,0.000402143
Geothlypis philadelphia,904868.9262,864413.4097,1029224.118,873701.2756,124701.5565,9287.865947,124355.1918,92.55467266,49,50,0.899028849,1,0.887112887,0.887112887,1,1,0.899100899,0.899100899,1,0.001998002,0.087912088,0.087912088,0.001998002,0.000999001,0.0999001,0.0999001,0.000999001,0.975362793,0.024637207,0,0.975362793,0.024637207,0,0.975362793,0,0.024637207
Geothlypis tolmiei,-1696926.383,912805.6387,-1766924.943,873160.446,80445.88116,-39645.19268,-69998.56066,-132.15025,28,29,0.932216045,1,0.973026973,0.973026973,1,1,0.967032967,0.967032967,1,0.000999001,0.024975025,0.024975025,0.000999001,0.001998002,0.027972028,0.027972028,0.000999001,0.987814535,0.012185465,0.031150401,0.987814535,0.012185465,0.030056338,0.95740713,0.030782504,0.011810366
Geothlypis trichas,727468.1706,379643.3801,688210.7892,406546.0908,47590.94271,26902.71065,-39257.38132,-50.81137276,443,430,0.938388603,1,0.889110889,0.889110889,1,1,0.881118881,0.881118881,1,0.000999001,0.12987013,0.12987013,0.000999001,0.000999001,0.105894106,0.105894106,0.000999001,0.991564414,0.008435586,0.001798137,0.992107759,0.007892241,0.001798137,0.989796459,0.001782996,0.008420545
Haemorhous cassinii,-1700703.977,833054.8178,-1698901.504,766020.6874,67058.35925,-67034.13037,1802.473597,165.5022677,21,21,0.855109983,0.997002997,0.99000999,0.99000999,1,0.997002997,0.991008991,0.991008991,1,0.002997003,0.013986014,0.013986014,0.000999001,0.005994006,0.025974026,0.025974026,0.000999001,0.970560209,0.029439791,0.037351708,0.970560209,0.029439791,0.037351708,0.935336649,0.036291989,0.028371362
Haemorhous mexicanus,441946.6966,465427.9826,593031.9193,289661.1446,231777.3195,-175766.838,151085.2227,142.0257304,135,364,0.622347128,0.978021978,0.749250749,0.749250749,1,0.974025974,0.798201798,0.798201798,1,0.022977023,0.26973027,0.26973027,0.001998002,0.015984016,0.204795205,0.204795205,0.000999001,0.688077244,0.311922756,0.038231294,0.728446309,0.271553691,0.030933166,0.669758168,0.026623575,0.303618257
Haemorhous purpureus,526862.8391,795054.7659,476393.5134,789389.9463,50786.24829,-5664.819657,-50469.32567,-92.35539894,109,99,0.909036297,1,0.982017982,0.982017982,1,1,0.982017982,0.982017982,1,0.000999001,0.013986014,0.013986014,0.000999001,0.001998002,0.025974026,0.025974026,0.000999001,0.99991765,8.24E-05,0.025714236,0.99991765,8.24E-05,0.019855875,0.974207595,0.025712173,8.02E-05
Helmitheros vermivorum,1277154.346,173657.9166,1308197.238,201265.7208,41543.3749,27607.80415,31042.89207,57.76019705,53,77,0.88447253,1,0.988011988,0.988011988,1,1,0.976023976,0.976023976,1,0.000999001,0.012987013,0.012987013,0.000999001,0.002997003,0.026973027,0.026973027,0.002997003,0.99160399,0.00839601,0.023957957,0.99160399,0.00839601,0.023957957,0.968041907,0.023761586,0.008196508
Hylocichla mustelina,1118998.639,318735.3345,1084974.132,327955.1531,35251.55533,9219.818609,-34024.50731,-67.25105787,312,315,0.939919322,1,0.991008991,0.991008991,1,1,0.982017982,0.982017982,1,0.000999001,0.023976024,0.023976024,0.000999001,0.000999001,0.018981019,0.018981019,0.000999001,0.995427945,0.004572055,0.008527076,0.995427945,0.004572055,0.008527076,0.986978334,0.00848842,0.004533246
Icteria virens,671074.2456,96824.62235,563244.6416,21344.90616,131622.2286,-75479.71619,-107829.604,-119.8323988,233,195,0.83378036,0.999000999,0.981018981,0.981018981,1,0.999000999,0.982017982,0.982017982,1,0.002997003,0.016983017,0.016983017,0.001998002,0.000999001,0.015984016,0.015984016,0.000999001,0.983282549,0.016717451,0.019180753,0.984666785,0.015333215,0.019138391,0.964731794,0.018866149,0.016402057
Icterus bullockii,-1436003.257,289476.5661,-1466703.142,374474.7604,90372.42942,84998.19431,-30699.8854,-30.45924124,60,58,0.905387619,0.998001998,0.937062937,0.937062937,1,0.997002997,0.937062937,0.937062937,1,0.005994006,0.057942058,0.057942058,0.000999001,0.005994006,0.05994006,0.05994006,0.000999001,0.975362906,0.024637094,0.018287776,0.975362906,0.024637094,0.018287776,0.957957303,0.017845258,0.024197439
Icterus galbula,864302.7336,474962.9524,857840.912,467833.4448,9622.11082,-7129.507618,-6461.821551,-131.0728757,336,304,0.911660795,1,0.992007992,0.992007992,1,0.997002997,0.995004995,0.995004995,1,0.006993007,0.012987013,0.012987013,0.003996004,0.002997003,0.011988012,0.011988012,0.001998002,0.997241532,0.002758468,0.007515671,0.997241532,0.002758468,0.007515671,0.989767113,0.007495094,0.002737793
Icterus spurius,682370.7457,64673.45604,705328.7452,156711.6281,94858.28833,92038.17211,22957.99949,19.07045094,245,292,0.864798627,0.99000999,0.948051948,0.948051948,1,0.992007992,0.96003996,0.96003996,1,0.011988012,0.04995005,0.04995005,0.001998002,0.008991009,0.043956044,0.043956044,0.001998002,0.945869404,0.054130596,0.000233285,0.945869404,0.054130596,0.000233285,0.945660688,0.00022066,0.054118651
Junco hyemalis hyemalis,1475362.626,752883.5319,1630731.397,717225.463,159408.1327,-35658.06893,155368.7706,113.624423,42,39,0.751208439,1,0.901098901,0.901098901,1,1,0.881118881,0.881118881,1,0.000999001,0.11988012,0.11988012,0.000999001,0.001998002,0.113886114,0.113886114,0.000999001,0.998446478,0.001553522,0.144420773,0.998446478,0.001553522,0.112224481,0.854441769,0.144228771,0.00132946
Junco hyemalis oreganus,-1895839.815,772121.2134,-1937583.443,796170.75,48175.83015,24049.53658,-41743.62708,-74.32332197,42,41,0.929007766,1,0.974025974,0.974025974,1,0.999000999,0.969030969,0.969030969,1,0.002997003,0.026973027,0.026973027,0.001998002,0.000999001,0.024975025,0.024975025,0.000999001,0.987245562,0.012754438,0.025333302,0.987245562,0.012754438,0.025333302,0.962546382,0.025018274,0.012435344
Lanius ludovicianus,152586.9926,-21693.09107,-238361.4558,-39129.15842,391337.0744,-17436.06736,-390948.4484,-91.44630121,190,80,0.741806714,0.996003996,0.9000999,0.9000999,1,0.997002997,0.924075924,0.924075924,1,0.001998002,0.105894106,0.105894106,0.000999001,0.003996004,0.092907093,0.092907093,0.000999001,0.992882991,0.007117009,0.027256485,0.995233418,0.004766582,0.027011975,0.966007881,0.027067751,0.006924368
Larus delawarensis,118159.2448,741461.7807,311154.0637,822895.7879,209471.9495,81434.00725,192994.8188,67.99890768,46,46,0.726298878,1,1,1,1,1,1,1,1,0.000999001,0.322677323,0.322677323,0.000999001,0.003996004,0.35964036,0.35964036,0.000999001,1,0,0.128274076,1,0,0.091181704,0.871725924,0.128274076,0
Leiothlypis celata,-1871513.636,686557.0521,-1912105.101,722548.1196,54249.64545,35991.06753,-40591.46572,-62.54017398,28,32,0.812316504,1,0.955044955,0.955044955,1,1,0.957042957,0.957042957,1,0.000999001,0.046953047,0.046953047,0.000999001,0.000999001,0.04995005,0.04995005,0.000999001,0.998102316,0.001897684,0.089851873,0.998232411,0.001767589,0.08359033,0.908575875,0.089696657,0.001727468
Leiothlypis ruficapilla,296816.2936,880840.2908,33883.57402,897988.0825,263491.2936,17147.79167,-262932.7196,-83.80353147,78,61,0.837515382,1,1,1,1,1,1,1,1,0.000999001,0.022977023,0.022977023,0.000999001,0.001998002,0.020979021,0.020979021,0.000999001,1,0,0.065067821,1,0,0.036698884,0.934932179,0.065067821,0
Loxia curvirostra,-1229338.387,910233.4197,-678500.3617,915951.6054,550867.7045,5718.18576,550838.0254,79.64553175,22,29,0.72436708,0.997002997,0.693306693,0.693306693,1,1,0.705294705,0.705294705,1,0.000999001,0.284715285,0.284715285,0.000999001,0.002997003,0.306693307,0.306693307,0.000999001,0.873753316,0.126246684,0.040111656,0.873753316,0.126246684,0.0260305,0.842974416,0.035226076,0.121799508
Mareca strepera,-849384.3861,915900.6041,-943408.5688,845934.5834,117199.7909,-69966.02073,-94024.18265,-133.0499031,25,31,0.568316875,0.992007992,0.982017982,0.982017982,1,0.994005994,1,1,1,0.007992008,0.011988012,0.011988012,0.010989011,0.012987013,0.000999001,0.000999001,0.007992008,0.711773673,0.288226327,0,0.765794483,0.234205517,0,0.711773673,0,0.288226327
Megaceryle alcyon,627738.4731,370346.6745,657121.165,443145.6031,78504.94631,72798.92864,29382.69191,26.86776662,274,176,0.842834861,1,1,1,1,1,1,1,1,0.000999001,0.081918082,0.081918082,0.000999001,0.001998002,0.081918082,0.081918082,0.000999001,1,0,0.0239156,1,0,0.021195099,0.9760844,0.0239156,0
Megascops asio,890926.4116,-11906.12611,871939.4394,44024.25681,59065.32695,55930.38292,-18986.97223,-12.88853086,24,20,0.713407217,0.958041958,0.909090909,0.909090909,1,0.977022977,0.931068931,0.931068931,1,0.04995005,0.086913087,0.086913087,0.000999001,0.046953047,0.090909091,0.090909091,0.000999001,0.899402288,0.100597712,0.086341024,0.899756075,0.100243925,0.082360147,0.828946967,0.078335716,0.092717318
Melanerpes carolinus,813440.8529,85503.48393,873146.2765,230028.853,156372.3758,144525.3691,59705.42367,28.54433496,278,380,0.81636504,0.976023976,0.906093906,0.906093906,1,0.974025974,0.914085914,0.914085914,1,0.025974026,0.102897103,0.102897103,0.001998002,0.024975025,0.091908092,0.091908092,0.000999001,0.950855339,0.049144661,0,0.950878339,0.049121661,0,0.950855339,0,0.049144661
Melanerpes erythrocephalus,555755.4883,247737.5708,591009.199,119812.1314,132694.1678,-127925.4394,35253.71071,168.3121872,252,219,0.825727153,1,0.935064935,0.935064935,0.999000999,0.994005994,0.937062937,0.937062937,0.998001998,0.004995005,0.075924076,0.075924076,0.003996004,0.005994006,0.070929071,0.070929071,0.005994006,0.98982217,0.01017783,0.041303833,0.98982217,0.01017783,0.041303833,0.949337807,0.040900643,0.00976155
Meleagris gallopavo,658227.3106,50222.6358,674469.0555,327829.23,278081.3108,277606.5942,16241.74487,8.045500557,52,329,0.610461334,0.898101898,0.846153846,0.846153846,1,0.892107892,0.946053946,0.946053946,1,0.104895105,0.177822178,0.177822178,0.000999001,0.0999001,0.044955045,0.044955045,0.001998002,0.888795593,0.111204407,0,0.932417602,0.067582398,0,0.888795593,0,0.111204407
Melospiza georgiana,1091239.936,765892.9375,1046289.92,808914.3288,62220.12599,43021.39127,-44950.01637,-38.23541827,112,103,0.853912632,0.996003996,0.969030969,0.969030969,1,0.993006993,0.972027972,0.972027972,0.997002997,0.00999001,0.025974026,0.025974026,0.001998002,0.007992008,0.032967033,0.032967033,0.004995005,0.960982062,0.039017938,0.013126098,0.960982062,0.039017938,0.013126098,0.948854076,0.012620408,0.038525516
Melospiza melodia,639098.9629,561662.1855,610906.7029,550396.9625,30359.65699,-11265.22301,-28192.25999,-106.84384,358,370,0.944333587,1,0.741258741,0.741258741,1,1,0.705294705,0.705294705,1,0.000999001,0.282717283,0.282717283,0.000999001,0.000999001,0.291708292,0.291708292,0.000999001,0.99980539,0.00019461,0.001492879,0.99980539,0.00019461,0.001327622,0.998313092,0.001492589,0.00019432
Mimus polyglottos,728744.1095,52569.0846,693994.9024,40826.32889,36679.69069,-11742.7557,-34749.20715,-103.3786189,304,303,0.92813012,1,0.781218781,0.781218781,1,1,0.77022977,0.77022977,1,0.002997003,0.233766234,0.233766234,0.001998002,0.003996004,0.247752248,0.247752248,0.001998002,0.986418264,0.013581736,0.000267062,0.986418264,0.013581736,0.000267062,0.986158405,0.000263436,0.013578158
Mniotilta varia,1171894.921,439835.7062,1106958.534,407688.3753,72458.1627,-32147.33094,-64936.38776,-107.5706856,158,148,0.872279825,1,0.957042957,0.957042957,1,1,0.964035964,0.964035964,1,0.000999001,0.042957043,0.042957043,0.000999001,0.000999001,0.03996004,0.03996004,0.000999001,0.995465162,0.004534838,0.020394274,0.995465162,0.004534838,0.006554615,0.975253569,0.020303667,0.004442765
Myiarchus cinerascens,-1378405.078,-55556.06271,-1374258.163,-8391.606013,47346.41363,47164.45669,4146.915475,-4.39972951,45,51,0.964535367,1,0.847152847,0.847152847,1,1,0.869130869,0.869130869,1,0.000999001,0.142857143,0.142857143,0.000999001,0.000999001,0.120879121,0.120879121,0.000999001,0.987944177,0.012055823,0.003742405,0.988091118,0.011908882,0.003742405,0.984291298,0.003697454,0.012011247
Myiarchus crinitus,897608.153,287583.3418,864787.3405,275131.7841,35103.37626,-12451.55769,-32820.81254,-104.1372328,401,387,0.959319731,1,0.968031968,0.968031968,1,1,0.974025974,0.974025974,1,0.000999001,0.030969031,0.030969031,0.000999001,0.000999001,0.033966034,0.033966034,0.000999001,0.996892141,0.003107859,0.00188036,0.996892141,0.003107859,0.00188036,0.99502344,0.001874527,0.003102034
Pandion haliaetus,472570.3124,529660.3811,416489.4,529012.7298,56084.65203,-647.6513106,-56080.91245,-87.20394216,24,70,0.830479088,1,0.798201798,0.798201798,1,1,0.917082917,0.917082917,1,0.001998002,0.186813187,0.186813187,0.001998002,0.000999001,0.078921079,0.078921079,0.000999001,0.956352765,0.043647235,0.004645112,0.977606379,0.022393621,0,0.952103435,0.004443267,0.043453299
Parkesia motacilla,1224493.394,237507.0708,1181475.11,196844.4559,59194.77155,-40662.61496,-43018.2836,-124.2507449,94,131,0.878778127,1,0.998001998,0.998001998,1,1,1,1,1,0.001998002,0.001998002,0.001998002,0.001998002,0.000999001,0.000999001,0.000999001,0.000999001,0.997868479,0.002131521,0.022711432,0.997940725,0.002059275,0.022711432,0.975252669,0.022664119,0.002083212
Passerculus sandwichensis,439772.4971,762219.4062,461031.1442,775071.9793,24841.87416,12852.57309,21258.6471,62.30566433,192,167,0.927864241,1,0.749250749,0.749250749,1,1,0.754245754,0.754245754,1,0.000999001,0.260739261,0.260739261,0.000999001,0.001998002,0.266733267,0.266733267,0.000999001,0.993108037,0.006891963,0.002447112,0.993108037,0.006891963,0.002111166,0.990694499,0.002430287,0.006875213
Passerina amoena,-1597735.706,752031.6457,-1715890.989,746297.4348,118294.3447,-5734.210809,-118155.2827,-104.4655325,46,46,0.867201759,1,1,1,1,1,1,1,1,0.000999001,0.000999001,0.000999001,0.000999001,0.000999001,0.000999001,0.000999001,0.000999001,0.998156625,0.001843375,0.045103192,0.998156625,0.001843375,0.045103192,0.953215828,0.045023793,0.001760379
Passerina caerulea,612376.5955,-112588.2204,528135.3184,-59640.69202,99498.91217,52947.52839,-84241.27706,-54.21483486,179,222,0.874418398,0.992007992,0.864135864,0.864135864,1,0.996003996,0.872127872,0.872127872,1,0.004995005,0.147852148,0.147852148,0.000999001,0.006993007,0.103896104,0.103896104,0.001998002,0.969126747,0.030873253,0.000212994,0.974100053,0.025899947,0.000212994,0.9689267,0.00020642,0.03086688
Passerina ciris,-89498.37156,-531772.2181,-1507.353949,-457786.3114,114962.3136,73985.90662,87991.01761,49.74999799,38,49,0.861234784,0.998001998,0.958041958,0.958041958,1,0.997002997,0.968031968,0.968031968,1,0.004995005,0.043956044,0.043956044,0.001998002,0.002997003,0.047952048,0.047952048,0.000999001,0.914960219,0.085039781,0,0.915737723,0.084262277,0,0.914960219,0,0.085039781
Passerina cyanea,903460.8742,311994.8848,896294.0491,305471.5154,9691.116082,-6523.369444,-7166.8251,-125.373163,396,397,0.952574766,1,0.969030969,0.969030969,1,1,0.972027972,0.972027972,1,0.000999001,0.036963037,0.036963037,0.000999001,0.000999001,0.041958042,0.041958042,0.000999001,0.996397634,0.003602366,0.002337653,0.99650758,0.00349242,0.002223584,0.994076773,0.002329252,0.003593975
Patagioenas fasciata,-2069373.805,563070.809,-2029400.295,620200.851,69726.0583,57130.04196,39973.51013,20.36798268,22,22,0.843563758,0.998001998,0.894105894,0.894105894,1,0.998001998,0.922077922,0.922077922,1,0.000999001,0.084915085,0.084915085,0.000999001,0.002997003,0.066933067,0.066933067,0.000999001,0.954884214,0.045115786,0.021015832,0.969021309,0.030978691,0.021015832,0.935703712,0.020086731,0.044209557
Petrochelidon pyrrhonota,-71369.77018,577523.3343,46364.96403,345949.9794,259783.9224,-231573.3549,117734.7342,152.1257658,188,278,0.779745626,0.985014985,0.606393606,0.606393606,1,0.986013986,0.615384615,0.615384615,1,0.018981019,0.422577423,0.422577423,0.000999001,0.018981019,0.392607393,0.392607393,0.000999001,0.967586417,0.032413583,0.01961289,0.967648393,0.032351607,0.01961289,0.949212688,0.018989238,0.031798074
Peucaea cassinii,-401630.6953,-504194.6653,-396525.6184,-485233.1883,19636.68561,18961.47703,5105.076953,12.61699769,20,20,0.95740322,0.999000999,1,1,1,1,1,1,1,0.000999001,0.000999001,0.000999001,0.000999001,0.002997003,0.001998002,0.001998002,0.001998002,0.988146884,0.011853116,0.005604057,0.988146884,0.011853116,0.005604057,0.982674527,0.005538,0.011787474
Phalacrocorax auritus,193675.4101,605518.1366,400532.537,473404.8077,245446.1298,-132113.3289,206857.1269,123.555083,27,71,0.689742367,0.993006993,0.722277722,0.722277722,1,0.991008991,0.846153846,0.846153846,1,0.01998002,0.298701299,0.298701299,0.000999001,0.026973027,0.147852148,0.147852148,0.000999001,0.974294558,0.025705442,0.121774118,0.984886474,0.015113526,0.104773356,0.858337515,0.119016412,0.022646073
Pheucticus ludovicianus,930349.6827,641963.6652,923836.7712,635821.6996,8952.192894,-6141.965661,-6512.91144,-126.0808467,216,209,0.92728016,1,1,1,1,1,1,1,1,0.000999001,0.060939061,0.060939061,0.000999001,0.000999001,0.054945055,0.054945055,0.000999001,1,0,0.016645184,1,0,0.016065169,0.983354816,0.016645184,0
Pheucticus melanocephalus,-1752448.919,629396.9396,-1685486.973,665605.0304,76124.42483,36208.09086,66961.946,49.17609239,52,60,0.903032209,1,0.984015984,0.984015984,1,1,0.987012987,0.987012987,1,0.000999001,0.018981019,0.018981019,0.000999001,0.000999001,0.008991009,0.008991009,0.000999001,0.952331205,0.047668795,0.015705837,0.952331205,0.047668795,0.015412053,0.938076363,0.014968365,0.046955271
Pica hudsonia,-1066338.4,767148.9114,-1179277.89,861694.8501,147289.7241,94545.93872,-112939.4896,-58.2101322,44,39,0.886366916,1,1,1,0.998001998,0.999000999,1,1,1,0.000999001,0.000999001,0.000999001,0.002997003,0.000999001,0.000999001,0.000999001,0.000999001,0.955744179,0.044255821,0.139554708,0.967376416,0.032623584,0.13319567,0.827476161,0.134207479,0.038316359
Pipilo chlorurus,-1486950.05,603687.3065,-1496172.633,602799.1832,9265.246632,-888.1232666,-9222.58273,-106.1674089,23,22,0.906822944,1,1,1,1,1,1,1,1,0.001998002,0.001998002,0.001998002,0.001998002,0.000999001,0.000999001,0.000999001,0.000999001,0.989575349,0.010424651,0.059157426,0.989575349,0.010424651,0.059157426,0.931609138,0.058576854,0.009814008
Pipilo erythrophthalmus,1105049.6,284695.8387,1014897.488,256266.9938,94528.31651,-28428.84495,-90152.11255,-99.47354004,309,322,0.9023872,0.999000999,0.952047952,0.952047952,1,0.997002997,0.946053946,0.946053946,1,0.001998002,0.032967033,0.032967033,0.000999001,0.001998002,0.043956044,0.043956044,0.001998002,0.980745638,0.019254362,0.002921832,0.980745638,0.019254362,0.002921832,0.977935081,0.002865735,0.019199184
Pipilo maculatus,-1731548.387,636458.6543,-1637972.315,648442.6556,94340.32852,11984.00129,93576.07225,70.24705921,50,61,0.912255086,1,0.982017982,0.982017982,1,1,0.975024975,0.975024975,1,0.000999001,0.027972028,0.027972028,0.000999001,0.000999001,0.020979021,0.020979021,0.000999001,0.962335733,0.037664267,0.00213618,0.962335733,0.037664267,0.0008611,0.960357279,0.002055887,0.037586834
Piranga ludoviciana,-1822058.665,734589.3238,-1811347.455,719286.9566,18678.66358,-15302.36721,10711.21053,131.103732,49,49,0.891217989,1,0.962037962,0.962037962,1,0.999000999,0.965034965,0.965034965,1,0.002997003,0.042957043,0.042957043,0.000999001,0.000999001,0.050949051,0.050949051,0.000999001,0.96040346,0.03959654,0.015423823,0.96040346,0.03959654,0.014901254,0.94616822,0.014822146,0.039009635
Piranga olivacea,1167607.254,476335.2586,1161901.194,450780.2987,26184.25295,-25554.95986,-5706.060713,-158.6223423,249,259,0.940857979,1,0.85014985,0.85014985,1,1,0.876123876,0.876123876,1,0.000999001,0.152847153,0.152847153,0.000999001,0.002997003,0.145854146,0.145854146,0.000999001,0.993720933,0.006279067,0.010057758,0.993720933,0.006279067,0.010008031,0.983788458,0.009995236,0.006216306
Piranga rubra,745255.6214,-186845.0619,639852.8855,-183172.9312,105466.6832,3672.130677,-105402.7358,-83.12824686,160,170,0.897221304,0.994005994,0.813186813,0.813186813,1,0.998001998,0.822177822,0.822177822,1,0.003996004,0.172827173,0.172827173,0.000999001,0.003996004,0.17982018,0.17982018,0.000999001,0.985810665,0.014189335,0.002344641,0.985810665,0.014189335,0.00220581,0.983532013,0.002311449,0.014156537
Podilymbus podiceps,-355475.6281,746133.3742,-496535.6599,724995.7221,142634.9638,-21137.65212,-141060.0318,-101.0439881,48,36,0.796834346,0.998001998,0.958041958,0.958041958,1,0.996003996,1,1,1,0.003996004,0.036963037,0.036963037,0.000999001,0.006993007,0.000999001,0.000999001,0.000999001,0.95266032,0.04733968,0.071118323,0.983797847,0.016202153,0.066338123,0.887898018,0.067980475,0.044121506
Poecile atricapillus,698617.4564,669643.7943,711017.9507,688651.7217,22695.23215,19007.92737,12400.49432,38.61129505,245,233,0.911302847,1,0.942057942,0.942057942,1,1,0.968031968,0.968031968,1,0.000999001,0.040959041,0.040959041,0.000999001,0.001998002,0.037962038,0.037962038,0.001998002,0.984807313,0.015192687,0.001331925,0.985365298,0.014634702,0.001331925,0.983515525,0.001311716,0.015172758
Poecile carolinensis,872257.1507,-107518.2071,854531.1273,-96497.07586,20872.88287,11021.1312,-17726.02342,-52.73628798,188,197,0.960421732,0.998001998,0.984015984,0.984015984,1,1,0.991008991,0.991008991,1,0.000999001,0.018981019,0.018981019,0.000999001,0.002997003,0.016983017,0.016983017,0.001998002,0.992807847,0.007192153,0.00065679,0.992807847,0.007192153,0.00065679,0.992160467,0.00065207,0.007187464
Poecile gambeli,-1785820.802,630735.5513,-1735255.76,636500.2482,50892.5845,5764.696837,50565.04155,70.68785899,31,26,0.906495797,1,0.992007992,0.992007992,1,1,0.998001998,0.998001998,1,0.001998002,0.004995005,0.004995005,0.001998002,0.002997003,0.005994006,0.005994006,0.002997003,0.975939649,0.024060351,0.006639786,0.975939649,0.024060351,0.006639786,0.96961452,0.006481066,0.023904415
Polioptila caerulea,807891.2055,65550.65843,724746.6555,98208.29834,89328.25779,32657.63991,-83144.55,-63.40854663,216,293,0.840620586,0.993006993,0.982017982,0.982017982,1,0.994005994,0.983016983,0.983016983,1,0.008991009,0.021978022,0.021978022,0.001998002,0.004995005,0.006993007,0.006993007,0.000999001,0.99170171,0.00829829,0.007655008,0.991908428,0.008091572,0.007655008,0.984172744,0.007591966,0.00823529
Pooecetes gramineus,418622.2505,642998.9083,191151.2693,671882.9927,229297.4872,28884.08437,-227470.9812,-79.6206049,207,152,0.761301682,0.996003996,1,1,1,0.998001998,1,1,1,0.007992008,0.286713287,0.286713287,0.000999001,0.005994006,0.267732268,0.267732268,0.000999001,1,0,0.066739179,1,0,0.055722873,0.933260821,0.066739179,0
Porzana carolina,-365252.1467,936002.3989,-515677.1292,979301.1317,156532.6024,43298.73284,-150424.9825,-76.6287807,41,38,0.833198946,0.999000999,0.983016983,0.983016983,0.991008991,0.999000999,0.983016983,0.983016983,1,0.001998002,0.021978022,0.021978022,0.008991009,0.001998002,0.007992008,0.007992008,0.000999001,0.999864506,0.000135494,0.1042034,0.999864506,0.000135494,0.093935724,0.895687871,0.104190752,0.000121377
Progne subis,670629.759,180564.7771,629225.5591,34694.00104,151633.0805,-145870.7761,-41404.19989,-159.0736543,308,236,0.789654299,0.998001998,0.952047952,0.952047952,1,0.996003996,0.943056943,0.943056943,1,0.003996004,0.051948052,0.051948052,0.000999001,0.003996004,0.055944056,0.055944056,0.000999001,0.998699532,0.001300468,0.036769967,0.998699532,0.001300468,0.034618493,0.962023385,0.036723905,0.00125271
Protonotaria citrea,914146.9151,-254474.0714,862894.7408,-99649.1709,163087.5078,154824.9005,-51252.17428,-12.45078943,58,60,0.744298388,0.951048951,0.816183816,0.816183816,0.998001998,0.953046953,0.802197802,0.802197802,0.998001998,0.048951049,0.207792208,0.207792208,0.002997003,0.055944056,0.183816184,0.183816184,0.000999001,0.959648437,0.040351563,0.026514923,0.959648437,0.040351563,0.026514923,0.935204025,0.025472258,0.039323718
Psaltriparus minimus,-2009094.725,340261.7514,-1900595.362,215989.3027,164971.9772,-124272.4487,108499.3628,124.2145517,28,24,0.674258267,0.978021978,0.966033966,0.966033966,0.996003996,0.985014985,1,1,1,0.018981019,0.025974026,0.025974026,0.002997003,0.018981019,0.000999001,0.000999001,0.000999001,0.796168944,0.203831056,0.011040679,0.843218876,0.156781124,0.010591195,0.789154638,0.008810072,0.20203529
Quiscalus mexicanus,-350811.9306,-489859.0619,-518275.1281,-311926.8904,244343.57,177932.1716,-167463.1975,-46.00779361,27,38,0.474565201,0.95004995,0.951048951,0.951048951,1,0.95004995,0.982017982,0.982017982,1,0.057942058,0.057942058,0.057942058,0.015984016,0.057942058,0.015984016,0.015984016,0.000999001,0.619305309,0.380694691,0.000344573,0.699014993,0.300985007,0,0.619173134,0.000213424,0.380613442
Quiscalus quiscula,778416.7471,317684.7063,774467.696,326970.8863,10090.99319,9286.180023,-3949.05104,-17.78241083,451,440,0.961702682,1,0.858141858,0.858141858,1,1,0.892107892,0.892107892,1,0.000999001,0.13986014,0.13986014,0.000999001,0.000999001,0.111888112,0.111888112,0.000999001,0.995970776,0.004029224,0.000554207,0.995970776,0.004029224,0.000554207,0.995421025,0.000551975,0.004026999
Regulus satrapa,-781663.4617,907625.0054,-76773.72984,893508.4114,705031.0719,-14116.59403,704889.7319,84.64106332,29,43,0.697991835,0.996003996,0.839160839,0.839160839,1,0.997002997,0.855144855,0.855144855,1,0.004995005,0.144855145,0.144855145,0.000999001,0.004995005,0.162837163,0.162837163,0.000999001,0.941890909,0.058109091,0.070977604,0.942500151,0.057499849,0.065266444,0.878661741,0.067130034,0.054208226
Riparia riparia,676255.5919,716320.6226,257927.484,716887.9533,418328.4926,567.3306675,-418328.1079,-84.64126622,139,78,0.76027304,0.995004995,0.882117882,0.882117882,1,0.992007992,0.884115884,0.884115884,1,0.008991009,0.112887113,0.112887113,0.001998002,0.004995005,0.101898102,0.101898102,0.000999001,0.99861142,0.00138858,0.034545462,0.99861142,0.00138858,0.031447503,0.964160177,0.034499147,0.001340676
Salpinctes obsoletus,-1554620.292,575089.5603,-1565596.464,536693.6631,39933.96122,-38395.89716,-10976.17146,-175.3169765,39,31,0.907424361,1,0.979020979,0.979020979,1,1,0.991008991,0.991008991,1,0.000999001,0.017982018,0.017982018,0.000999001,0.000999001,0.010989011,0.010989011,0.000999001,0.997989001,0.002010999,0.053805196,0.997989001,0.002010999,0.053805196,0.944394192,0.053702805,0.001903003
Sayornis nigricans,-2100636.159,292431.7339,-2090366.738,332547.0143,41408.89681,40115.28042,10269.42122,-0.307173376,21,20,0.795250223,0.999000999,0.933066933,0.933066933,1,0.999000999,0.96003996,0.96003996,1,0.004995005,0.067932068,0.067932068,0.002997003,0.001998002,0.053946054,0.053946054,0.000999001,0.923529011,0.076470989,0.027793398,0.931482021,0.068517979,0.027793398,0.89977337,0.02572268,0.07450395
Sayornis phoebe,937361.7392,333858.5838,889153.6458,312787.0257,52612.07872,-21071.55807,-48208.09339,-106.6141849,324,389,0.828909371,0.999000999,0.979020979,0.979020979,1,1,0.969030969,0.969030969,1,0.001998002,0.033966034,0.033966034,0.001998002,0.002997003,0.020979021,0.020979021,0.000999001,0.954950999,0.045049001,0,0.954950999,0.045049001,0,0.954950999,0,0.045049001
Sayornis saya,-1018181.252,455114.4028,-1058137.594,550878.2145,103765.2008,95763.81172,-39956.342,-30.39675156,30,44,0.874380646,0.998001998,0.873126873,0.873126873,0.998001998,0.999000999,0.867132867,0.867132867,0.998001998,0.003996004,0.124875125,0.124875125,0.002997003,0.000999001,0.128871129,0.128871129,0.001998002,0.970752017,0.029247983,0.055965974,0.970752017,0.029247983,0.055965974,0.917925479,0.054418159,0.027656362
Seiurus aurocapilla,1246437.41,511855.3094,1235184.778,516943.9717,12349.74559,5088.662216,-11252.63227,-57.01691754,205,219,0.946138148,1,0.944055944,0.944055944,1,1,0.94005994,0.94005994,1,0.000999001,0.06993007,0.06993007,0.000999001,0.001998002,0.064935065,0.064935065,0.001998002,0.996264678,0.003735322,0.003882017,0.996498133,0.003501867,0.003882017,0.992411552,0.003867572,0.003720875
Setophaga americana,1033298.853,159552.3547,935439.8562,147171.9378,98639.02844,-12380.41689,-97858.99657,-89.97921659,112,210,0.815080004,0.993006993,0.91008991,0.91008991,1,0.987012987,0.91008991,0.91008991,1,0.015984016,0.087912088,0.087912088,0.000999001,0.014985015,0.094905095,0.094905095,0.000999001,0.94243145,0.05756855,0,0.943288579,0.056711421,0,0.94243145,0,0.05756855
Setophaga caerulescens,1512107.357,796330.0479,1563482.956,755008.2367,65931.35954,-41321.81115,51375.59824,139.8413891,35,55,0.877869378,0.996003996,0.979020979,0.979020979,1,0.999000999,0.969030969,0.969030969,1,0.007992008,0.032967033,0.032967033,0.002997003,0.002997003,0.025974026,0.025974026,0.000999001,0.982571834,0.017428166,0.01685246,0.982571834,0.017428166,0.01685246,0.96629689,0.016563618,0.017139492
Setophaga cerulea,1257152.161,334534.1535,1119203.8,299711.6607,142275.635,-34822.49279,-137948.3611,-95.08944939,39,26,0.672979072,0.992007992,0.989010989,0.989010989,0.997002997,0.993006993,1,1,0.994005994,0.00999001,0.00999001,0.00999001,0.002997003,0.003996004,0.000999001,0.000999001,0.003996004,0.741864958,0.258135042,0.000357514,0.754620775,0.245379225,0.000357514,0.741668177,0.000265252,0.258066572
Setophaga citrina,1128761.364,-42659.68802,1153413.061,61618.17528,107152.1299,104277.8633,24651.69721,21.35794797,88,130,0.844833454,0.995004995,0.875124875,0.875124875,1,0.991008991,0.895104895,0.895104895,1,0.00999001,0.116883117,0.116883117,0.000999001,0.010989011,0.116883117,0.116883117,0.000999001,0.95114451,0.04885549,0.000130244,0.951190425,0.048809575,0.000130244,0.951026681,0.000123882,0.048849437
Setophaga coronata audoboni,-1715383.564,836334.0077,-1656989.661,809023.5955,64464.76936,-27310.41214,58393.90274,102.001529,39,34,0.908253372,0.995004995,0.965034965,0.965034965,1,0.998001998,0.966033966,0.966033966,1,0.003996004,0.025974026,0.025974026,0.002997003,0.001998002,0.032967033,0.032967033,0.000999001,0.970330335,0.029669665,0,0.970330335,0.029669665,0,0.970330335,0,0.029669665
Setophaga discolor,1216276.049,128506.6143,1198813.173,116541.5765,21168.70744,-11965.03788,-17462.87615,-115.53583,149,137,0.88722149,1,1,1,1,1,1,1,1,0.000999001,0.00999001,0.00999001,0.000999001,0.000999001,0.013986014,0.013986014,0.000999001,1,0,0.02926111,1,0,0.02926111,0.97073889,0.02926111,0
Setophaga dominica,952202.4626,-176428.2204,967370.2668,-37358.68839,139894.2351,139069.532,15167.8041,12.84866216,64,95,0.773567547,0.974025974,0.87012987,0.87012987,0.996003996,0.972027972,0.875124875,0.875124875,0.992007992,0.026973027,0.126873127,0.126873127,0.008991009,0.021978022,0.140859141,0.140859141,0.006993007,0.903575068,0.096424932,0.003779311,0.903575068,0.096424932,0.003779311,0.900488332,0.003416136,0.096095532
Setophaga fusca,1373452.381,827889.9485,1335410.06,778686.0381,62195.20045,-49203.91039,-38042.32065,-131.6262642,45,60,0.812369935,0.996003996,0.969030969,0.969030969,1,0.997002997,0.974025974,0.974025974,1,0.007992008,0.034965035,0.034965035,0.000999001,0.00999001,0.028971029,0.028971029,0.000999001,0.870297765,0.129702235,0,0.880550281,0.119449719,0,0.870297765,0,0.129702235
Setophaga magnolia,1355104.947,827597.8005,1254095.45,789258.9817,108040.6571,-38338.81884,-101009.4973,-100.3873399,48,48,0.852281177,0.993006993,0.955044955,0.955044955,1,0.996003996,0.991008991,0.991008991,1,0.002997003,0.046953047,0.046953047,0.000999001,0.004995005,0.021978022,0.021978022,0.000999001,0.960486136,0.039513864,0.016591421,0.969984318,0.030015682,0.016591421,0.945169952,0.015946284,0.038883764
Setophaga nigrescens,-2015976.077,608204.0585,-1994583.795,624689.4252,27007.35191,16485.36672,21392.28228,38.20423282,28,26,0.860694698,1,0.961038961,0.961038961,1,1,0.953046953,0.953046953,1,0.000999001,0.057942058,0.057942058,0.000999001,0.001998002,0.038961039,0.038961039,0.001998002,0.962516525,0.037483475,0.010278311,0.962516525,0.037483475,0.010278311,0.952990637,0.009896857,0.037112506
Setophaga pensylvanica,1307032.991,743433.2118,1282510.216,779058.8054,43249.84841,35625.59359,-24522.77449,-24.96542784,113,112,0.875145775,1,1,1,1,1,1,1,1,0.000999001,0.0999001,0.0999001,0.000999001,0.001998002,0.078921079,0.078921079,0.000999001,1,0,0.092785309,1,0,0.088398514,0.907214691,0.092785309,0
Setophaga petechia,581729.3343,574742.1306,500618.1654,607289.314,87397.60221,32547.18335,-81111.16894,-64.08413579,332,313,0.91568895,1,0.628371628,0.628371628,1,1,0.607392607,0.607392607,1,0.000999001,0.383616384,0.383616384,0.000999001,0.000999001,0.376623377,0.376623377,0.000999001,0.99926426,0.00073574,0.011027021,0.99926426,0.00073574,0.010812539,0.98825337,0.011018998,0.000727632
Setophaga pinus,1124354.578,76606.57723,1163591.132,239341.3364,167398.0556,162734.7592,39236.55397,21.6985946,117,178,0.769941337,0.976023976,0.976023976,0.976023976,1,0.982017982,0.98001998,0.98001998,1,0.016983017,0.025974026,0.025974026,0.000999001,0.021978022,0.025974026,0.025974026,0.000999001,0.921522435,0.078477565,0,0.921929172,0.078070828,0,0.921522435,0,0.078477565
Setophaga ruticilla,1102279.942,653570.3939,1084555.198,593614.5678,62520.9375,-59955.82602,-17724.74405,-155.0550912,156,199,0.870702638,0.993006993,0.934065934,0.934065934,1,0.997002997,0.943056943,0.943056943,1,0.005994006,0.057942058,0.057942058,0.001998002,0.004995005,0.068931069,0.068931069,0.001998002,0.987285714,0.012714286,0.004337145,0.98763203,0.01236797,0.004337145,0.983057922,0.004282238,0.01265984
Setophaga virens,1331723.576,718534.0115,1359975.421,691284.4086,39251.84814,-27249.60291,28251.8446,143.5623754,74,83,0.878713605,1,0.971028971,0.971028971,1,0.999000999,1,1,1,0.000999001,0.027972028,0.027972028,0.000999001,0.000999001,0.000999001,0.000999001,0.000999001,0.940125087,0.059874913,0,0.95371196,0.04628804,0,0.940125087,0,0.059874913
Sialia currucoides,-1311247.254,716031.2913,-1347060.299,753495.1244,51827.72385,37463.83316,-35813.04461,-53.77056493,23,26,0.78118575,0.999000999,0.993006993,0.993006993,1,0.999000999,0.996003996,0.996003996,1,0.001998002,0.006993007,0.006993007,0.005994006,0.000999001,0.013986014,0.013986014,0.001998002,0.822237133,0.177762867,0,0.822237133,0.177762867,0,0.822237133,0,0.177762867
Sialia mexicana,-1978544.874,426014.5308,-1950114.812,381035.7635,53210.50616,-44978.76729,28430.06259,133.0830543,24,30,0.792345773,1,0.991008991,0.991008991,1,1,0.998001998,0.998001998,1,0.001998002,0.008991009,0.008991009,0.001998002,0.000999001,0.006993007,0.006993007,0.000999001,0.924565124,0.075434876,0.117829945,0.924565124,0.075434876,0.115129121,0.822938343,0.109918467,0.06714319
Sialia sialis,857214.5192,177611.9838,859442.6859,269520.4627,91935.48399,91908.47888,2228.166682,7.536654384,306,393,0.876936431,0.996003996,0.955044955,0.955044955,1,0.995004995,0.944055944,0.944055944,1,0.007992008,0.072927073,0.072927073,0.001998002,0.008991009,0.067932068,0.067932068,0.002997003,0.987873084,0.012126916,0.001175528,0.987951336,0.012048664,0.001175528,0.986725877,0.001161289,0.012112833
Sitta canadensis,34012.82998,851411.15,246381.1711,829520.5265,213493.587,-21890.62352,212368.3411,95.98673854,78,102,0.911028721,1,0.758241758,0.758241758,1,1,0.774225774,0.774225774,1,0.001998002,0.243756244,0.243756244,0.001998002,0.000999001,0.253746254,0.253746254,0.000999001,0.993654008,0.006345992,0.006418667,0.993654008,0.006345992,0.002069651,0.98731629,0.006378194,0.006305516
Sitta carolinensis,727515.9756,441870.2973,741864.7901,397357.0128,46768.80349,-44513.28455,14348.81453,167.2012609,307,366,0.917374851,1,0.994005994,0.994005994,1,1,0.988011988,0.988011988,1,0.000999001,0.014985015,0.014985015,0.000999001,0.000999001,0.014985015,0.014985015,0.000999001,0.997379206,0.002620794,0.007742194,0.997415698,0.002584302,0.007742194,0.989677383,0.00772206,0.002600556
Sitta pusilla,973503.6812,-401686.3364,1047523.929,-353088.2858,88548.10917,48598.05061,74020.248,63.42448256,41,44,0.87567314,0.998001998,0.987012987,0.987012987,0.999000999,0.998001998,0.986013986,0.986013986,0.999000999,0.002997003,0.014985015,0.014985015,0.001998002,0.000999001,0.014985015,0.014985015,0.000999001,0.980567429,0.019432571,0.037232754,0.980567429,0.019432571,0.037232754,0.94474175,0.036535661,0.018722589
Spatula clypeata,-735321.7433,842045.5461,-706993.1322,918988.9403,81992.65893,76943.3942,28328.6111,14.61684421,28,25,0.684417082,1,1,1,0.999000999,1,1,1,1,0.000999001,0.047952048,0.047952048,0.000999001,0.000999001,0.058941059,0.058941059,0.000999001,1,0,0.238440494,1,0,0.219241995,0.761559506,0.238440494,0
Spatula discors,-53420.80591,778041.803,-218236.1012,688517.3237,187559.8943,-89524.47935,-164815.2953,-118.6455406,75,49,0.7408453,0.997002997,0.972027972,0.972027972,0.977022977,0.997002997,1,1,0.987012987,0.003996004,0.018981019,0.018981019,0.023976024,0.003996004,0.000999001,0.000999001,0.011988012,0.950989106,0.049010894,0.16587701,0.989595819,0.010404181,0.154315223,0.799743617,0.159040191,0.041216192
Sphyrapicus varius,1128402.033,910358.6547,1154922.342,833528.3024,81278.71681,-76830.35227,26520.30877,169.553386,57,100,0.812389826,0.987012987,0.929070929,0.929070929,1,0.983016983,0.946053946,0.946053946,1,0.018981019,0.070929071,0.070929071,0.000999001,0.015984016,0.054945055,0.054945055,0.001998002,0.842601302,0.157398698,0,0.84471249,0.15528751,0,0.842601302,0,0.157398698
Spinus pinus,-1174538.678,862023.6436,-717174.7164,839655.8759,457910.5918,-22367.76772,457363.9613,83.59165377,43,32,0.840131097,0.997002997,0.957042957,0.957042957,1,0.998001998,0.972027972,0.972027972,1,0.003996004,0.037962038,0.037962038,0.000999001,0.004995005,0.040959041,0.040959041,0.000999001,0.964978315,0.035021685,0.000233678,0.969325592,0.030674408,0.000233678,0.964760716,0.000225496,0.035013788
Spinus psaltria,-1644298.364,84794.62329,-1668656.979,134491.6603,55345.61968,49697.037,-24358.61512,-37.93353375,34,35,0.899294061,1,0.904095904,0.904095904,1,1,0.899100899,0.899100899,1,0.000999001,0.112887113,0.112887113,0.000999001,0.001998002,0.111888112,0.111888112,0.000999001,0.99318909,0.00681091,0.053668217,0.99318909,0.00681091,0.053504834,0.940230084,0.053322178,0.006447738
Spinus tristis,684606.4165,490092.3032,699646.1634,466854.5539,27680.08266,-23237.74927,15039.74683,151.712757,406,417,0.95611845,1,0.849150849,0.849150849,1,1,0.851148851,0.851148851,1,0.000999001,0.142857143,0.142857143,0.000999001,0.000999001,0.146853147,0.146853147,0.000999001,0.999140747,0.000859253,0.002800296,0.999140747,0.000859253,0.00121837,0.996345255,0.002797896,0.000856848
Spiza americana,264837.9529,165022.6442,308701.188,250839.7591,96377.17879,85817.11488,43863.23502,29.38619998,176,231,0.806083356,0.988011988,0.951048951,0.951048951,0.999000999,0.978021978,0.952047952,0.952047952,0.994005994,0.012987013,0.042957043,0.042957043,0.005994006,0.01998002,0.048951049,0.048951049,0.004995005,0.944858515,0.055141485,3.55E-05,0.944858515,0.055141485,3.55E-05,0.944826864,3.35E-05,0.055139638
Spizella breweri,-1305773.477,701558.8412,-1399670.372,751142.4664,106184.5694,49583.62521,-93896.89495,-72.0262015,27,26,0.874826282,0.997002997,0.993006993,0.993006993,0.999000999,0.997002997,0.998001998,0.998001998,1,0.004995005,0.001998002,0.001998002,0.001998002,0.004995005,0.008991009,0.008991009,0.000999001,0.978760482,0.021239518,0.038125117,0.979683308,0.020316692,0.038125117,0.942208086,0.037345599,0.020446316
Spizella pallida,45500.49268,987962.1883,64923.38768,946671.2119,45631.05942,-41290.97642,19422.895,155.2309936,50,56,0.86232676,0.999000999,0.959040959,0.959040959,1,0.999000999,0.946053946,0.946053946,0.995004995,0.003996004,0.055944056,0.055944056,0.004995005,0.000999001,0.048951049,0.048951049,0.002997003,0.923346934,0.076653066,0.00760041,0.923515711,0.076484289,0.00760041,0.916863279,0.007021906,0.076114815
Spizella passerina,610389.3821,447259.4985,617676.3627,423449.1949,24900.41452,-23810.30362,7286.980501,167.2161315,412,442,0.925186119,1,0.867132867,0.867132867,1,1,0.846153846,0.846153846,1,0.002997003,0.144855145,0.144855145,0.001998002,0.001998002,0.136863137,0.136863137,0.001998002,0.997310179,0.002689821,0.002075203,0.997310179,0.002689821,0.002075203,0.995246113,0.002069633,0.002684254
Spizella pusilla,919342.0762,290843.6408,860040.267,264512.5349,64884.75712,-26331.10587,-59301.80917,-107.0929589,368,325,0.889674127,1,0.978021978,0.978021978,1,1,0.978021978,0.978021978,1,0.000999001,0.020979021,0.020979021,0.000999001,0.000999001,0.01998002,0.01998002,0.000999001,0.986858968,0.013141032,0.010417294,0.986858968,0.013141032,0.010417294,0.976712274,0.010281808,0.013005918
Stelgidopteryx serripennis,456511.8243,343909.4926,506423.2328,315276.3673,57541.32924,-28633.12531,49911.40857,122.6403898,318,296,0.834598258,0.998001998,0.958041958,0.958041958,1,0.998001998,0.946053946,0.946053946,1,0.004995005,0.057942058,0.057942058,0.000999001,0.003996004,0.063936064,0.063936064,0.000999001,0.994776714,0.005223286,0.021733079,0.994776714,0.005223286,0.021571365,0.973267637,0.021622016,0.005110348
Strix varia,854212.9286,93910.89056,838405.9102,208771.4153,115943.098,114860.5248,-15807.01841,-1.946049424,82,140,0.812328504,0.987012987,0.808191808,0.808191808,1,0.984015984,0.813186813,0.813186813,1,0.018981019,0.231768232,0.231768232,0.000999001,0.021978022,0.197802198,0.197802198,0.000999001,0.961978306,0.038021694,0,0.967040396,0.032959604,0,0.961978306,0,0.038021694
Sturnella magna,867604.1516,224785.023,758669.0491,170764.4127,121593.9262,-54020.61028,-108935.1025,-109.8834619,387,328,0.843934679,1,0.947052947,0.947052947,1,1,0.955044955,0.955044955,1,0.000999001,0.05994006,0.05994006,0.000999001,0.001998002,0.03996004,0.03996004,0.001998002,0.99906057,0.00093943,0.0187948,0.999331293,0.000668707,0.0187948,0.980300735,0.018777475,0.000921789
Sturnella neglecta,-408790.4121,563482.0054,-654156.0293,560797.1658,245380.3058,-2684.839643,-245365.6172,-93.47725072,188,127,0.857451776,0.997002997,0.997002997,0.997002997,1,0.997002997,0.995004995,0.995004995,1,0.001998002,0.003996004,0.003996004,0.000999001,0.003996004,0.008991009,0.008991009,0.000999001,0.990443697,0.009556303,0.027979374,0.990443697,0.009556303,0.027979374,0.962989186,0.027719406,0.009291408
Tachycineta bicolor,532506.165,731118.9382,633420.9751,568251.6682,191597.3552,-162867.27,100914.8101,151.9334912,218,326,0.831283567,0.98001998,0.657342657,0.657342657,1,0.981018981,0.677322677,0.677322677,1,0.014985015,0.324675325,0.324675325,0.001998002,0.017982018,0.293706294,0.293706294,0.000999001,0.976839003,0.023160997,0.000673617,0.978169638,0.021830362,0.000461931,0.976196218,0.000658026,0.023145757
Tachycineta thalassina,-1775296.599,650332.0307,-1693487.552,710909.7317,101795.7668,60577.701,81809.04763,40.83962366,44,44,0.858182957,1,0.958041958,0.958041958,1,1,0.973026973,0.973026973,1,0.000999001,0.034965035,0.034965035,0.000999001,0.003996004,0.040959041,0.040959041,0.003996004,0.972098887,0.027901113,0.045986866,0.972576545,0.027423455,0.045986866,0.928586561,0.044761214,0.026652225
Thryomanes bewickii,-844096.9855,-7073.356894,-1093230.92,12787.78726,249924.3529,19861.14416,-249133.9342,-91.1898971,76,64,0.908750852,1,0.982017982,0.982017982,1,1,0.997002997,0.997002997,1,0.000999001,0.020979021,0.020979021,0.000999001,0.000999001,0.006993007,0.006993007,0.000999001,0.998793856,0.001206144,0.122903142,0.999786074,0.000213926,0.107842152,0.876168835,0.122773103,0.001058062
Thryothorus ludovicianus,967561.3903,-79663.97529,921298.4798,70308.82507,156946.1619,149972.8004,-46262.91049,-10.77673738,187,293,0.760421574,0.955044955,0.828171828,0.828171828,1,0.942057942,0.806193806,0.806193806,1,0.045954046,0.190809191,0.190809191,0.002997003,0.042957043,0.165834166,0.165834166,0.000999001,0.890846983,0.109153017,0,0.891057361,0.108942639,0,0.890846983,0,0.109153017
Toxostoma rufum,853208.6485,347354.9295,788682.4464,310149.2953,74484.15922,-37205.63418,-64526.20212,-113.4607381,405,374,0.89745785,1,0.968031968,0.968031968,1,0.999000999,0.957042957,0.957042957,1,0.000999001,0.028971029,0.028971029,0.000999001,0.004995005,0.030969031,0.030969031,0.000999001,0.996339726,0.003660274,0.010865548,0.996339726,0.003660274,0.010469176,0.985553145,0.010826207,0.003620647
Tringa semipalmata,-358874.9449,794603.1145,-319796.5813,739647.1102,67433.52955,-54956.00429,39078.36359,141.6620739,24,26,0.877602811,1,0.991008991,0.991008991,1,1,0.996003996,0.996003996,1,0.000999001,0.010989011,0.010989011,0.000999001,0.000999001,0.00999001,0.00999001,0.000999001,0.963014096,0.036985904,0.046219688,0.967104761,0.032895239,0.018539339,0.920076735,0.044586431,0.035336834
Troglodytes hiemalis,1166086.465,918680.7422,1308198.755,859754.4533,153844.7613,-58926.28895,142112.2903,121.2638388,33,49,0.812749482,1,0.958041958,0.958041958,1,1,0.958041958,0.958041958,1,0.000999001,0.03996004,0.03996004,0.000999001,0.001998002,0.050949051,0.050949051,0.000999001,0.896034769,0.103965231,0.118892417,0.896034769,0.103965231,0.118629842,0.799383957,0.107865024,0.092751019
Tyrannus forficatus,-55069.1787,-364625.5205,-45770.30823,-337182.8093,28975.35831,27442.71118,9298.870472,18.62992959,56,65,0.832211726,0.996003996,0.908091908,0.908091908,1,0.998001998,0.933066933,0.933066933,1,0.002997003,0.084915085,0.084915085,0.000999001,0.006993007,0.088911089,0.088911089,0.003996004,0.904422356,0.095577644,0,0.904550605,0.095449395,0,0.904422356,0,0.095577644
Tyrannus tyrannus,743419.9434,358751.9817,733807.4507,373971.1019,18000.60089,15219.12014,-9612.492635,-27.34775767,434,416,0.947530238,1,0.979020979,0.979020979,1,1,0.986013986,0.986013986,1,0.001998002,0.025974026,0.025974026,0.001998002,0.001998002,0.023976024,0.023976024,0.000999001,0.998021603,0.001978397,0.00395737,0.998021603,0.001978397,0.003932659,0.994079846,0.003949571,0.001970583
Tyrannus verticalis,-758720.1865,335773.8979,-820676.5499,310819.0341,66793.23461,-24954.86376,-61956.36339,-116.9280132,108,115,0.888559492,1,0.977022977,0.977022977,1,1,0.977022977,0.977022977,1,0.000999001,0.021978022,0.021978022,0.000999001,0.000999001,0.01998002,0.01998002,0.000999001,0.975548149,0.024451851,0.014607461,0.975548149,0.024451851,0.014490058,0.961641346,0.014255373,0.024103281
Vermivora chrysoptera,988666.9208,661063.568,609793.1644,861597.1331,428671.2424,200533.5651,-378873.7564,-54.76292519,52,21,0.635987957,0.997002997,0.733266733,0.733266733,1,0.997002997,0.743256743,0.743256743,1,0.003996004,0.264735265,0.264735265,0.000999001,0.005994006,0.27972028,0.27972028,0.000999001,0.95928723,0.04071277,0.224024363,0.95928723,0.04071277,0.221673199,0.751235275,0.216881814,0.03188291
Vermivora cyanoptera,1242738.146,421365.5488,1118885.656,462802.2762,130600.3135,41436.72737,-123852.4909,-62.92490662,80,70,0.833323064,0.999000999,0.987012987,0.987012987,1,0.996003996,0.982017982,0.982017982,1,0.00999001,0.020979021,0.020979021,0.001998002,0.003996004,0.015984016,0.015984016,0.001998002,0.903518135,0.096481865,0.00935445,0.903518135,0.096481865,0.00935445,0.895874778,0.00845955,0.095665672
Vireo bellii,45003.12619,36211.62163,-7134.153063,-45653.58365,97057.75458,-81865.20528,-52137.27925,-146.6883968,47,71,0.738277735,0.997002997,0.995004995,0.995004995,1,0.997002997,0.997002997,0.997002997,1,0.002997003,0.010989011,0.010989011,0.003996004,0.003996004,0.001998002,0.001998002,0.001998002,0.927636185,0.072363815,0,0.932023566,0.067976434,0,0.927636185,0,0.072363815
Vireo cassinii,-2021416.744,704452.8097,-2032852.43,757341.4772,54110.86826,52888.66752,-11435.68588,-27.404921,26,28,0.705751314,1,0.941058941,0.941058941,1,1,0.954045954,0.954045954,0.999000999,0.001998002,0.055944056,0.055944056,0.002997003,0.002997003,0.065934066,0.065934066,0.002997003,0.985457273,0.014542727,0.189463096,0.985457273,0.014542727,0.189463096,0.80095637,0.187223646,0.011819985
Vireo flavifrons,1049692.31,282435.1567,966449.9068,248662.3784,89832.61274,-33772.77823,-83242.40363,-104.3611294,207,266,0.880819405,1,0.948051948,0.948051948,1,1,0.938061938,0.938061938,1,0.002997003,0.052947053,0.052947053,0.000999001,0.000999001,0.053946054,0.053946054,0.000999001,0.959444718,0.040555282,0.000119137,0.959444718,0.040555282,0.000119137,0.959335047,0.000114306,0.040550647
Vireo gilvus,367584.1021,573218.2753,393028.9853,543403.749,39196.27606,-29814.52627,25444.88319,141.8652341,295,304,0.927454131,1,0.635364635,0.635364635,1,1,0.622377622,0.622377622,1,0.005994006,0.386613387,0.386613387,0.001998002,0.001998002,0.381618382,0.381618382,0.000999001,0.998597843,0.001402157,0.004025414,0.998597843,0.001402157,0.004025414,0.994583686,0.004019792,0.001396521
Vireo griseus,997160.2475,-52230.69071,831063.8168,-126413.5364,181909.6448,-74182.84569,-166096.4306,-106.9769892,179,189,0.859419339,0.997002997,0.81018981,0.81018981,1,0.998001998,0.816183816,0.816183816,1,0.006993007,0.214785215,0.214785215,0.000999001,0.001998002,0.191808192,0.191808192,0.000999001,0.973788437,0.026211563,0.011866553,0.973788437,0.026211563,0.011866553,0.962532312,0.011559107,0.02590858
Vireo olivaceus,941991.0901,363880.4912,900961.2152,336625.2257,49257.48809,-27255.26548,-41029.87492,-116.4201793,357,385,0.910550373,1,0.885114885,0.885114885,1,1,0.886113886,0.886113886,1,0.001998002,0.096903097,0.096903097,0.001998002,0.001998002,0.112887113,0.112887113,0.000999001,0.995873398,0.004126602,0.011708188,0.995873398,0.004126602,0.011590833,0.98426108,0.011660436,0.004078484
Vireo solitarius,1381278.782,749123.2033,1396917.088,640495.2904,109747.8021,-108627.9129,15638.30567,-177.8268169,65,91,0.86226877,0.997002997,0.882117882,0.882117882,1,0.997002997,0.883116883,0.883116883,1,0.003996004,0.136863137,0.136863137,0.000999001,0.000999001,0.135864136,0.135864136,0.000999001,0.960820839,0.039179161,0.037970134,0.960820839,0.039179161,0.027553701,0.925715472,0.03653685,0.037747678
Xanthocephalus xanthocephalus,-527277.6567,805302.9489,-658659.291,814812.0078,131725.3052,9509.058866,-131381.6343,-89.78923884,66,54,0.925389903,1,0.997002997,0.997002997,1,0.999000999,0.995004995,0.995004995,1,0.001998002,0.007992008,0.007992008,0.000999001,0.001998002,0.004995005,0.004995005,0.000999001,0.997424388,0.002575612,0.027211839,0.997424388,0.002575612,0.027036918,0.970350645,0.027143654,0.0025057
