"species","D","shift_p_D_NA","shift_p_E_NA","shift_p_S_NA","shift_p_U_NA","shift_p_D_A","shift_p_E_A","shift_p_S_A","shift_p_U_A","cons_p_D_NA","cons_p_E_NA","cons_p_S_NA","cons_p_U_NA","cons_p_D_A","cons_p_E_A","cons_p_S_A","cons_p_U_A","niche_stability_NA","niche_expansion_NA","niche_unfilling_NA","niche_stability_A","niche_expansion_A","niche_unfilling_A","n_cells_hist","n_cells_rec","niche_centroid_hist_X","niche_centroid_hist_Y","niche_centroid_rec_X","niche_centroid_rec_Y","niche_centroids_dist","std_niche_stability","std_niche_unfilling","std_niche_expansion","std_niche_abandonment","std_niche_pioneering"
"Accipiter gentilis",0.817576821524806,0.994005994005994,0.985014985014985,0.985014985014985,0.986013986013986,0.989010989010989,0.991008991008991,0.991008991008991,0.983016983016983,0.00899100899100899,0.016983016983017,0.016983016983017,0.024975024975025,0.00699300699300699,0.011988011988012,0.011988011988012,0.014985014985015,0.99594591023797,0.00405408976202972,0.012052748071348,0.996115148120933,0.00388485187906726,0.0110662884198276,NA,NA,-0.0775183904384693,1.06348652562437,-0.410808180108258,0.740549557954219,0.464080132074326,0.983990105721519,0.0110109688694622,0.00383756417961003,0.000993502852897536,0.000167858376511493
"Accipiter nisus",0.851502509327608,0.994005994005994,0.963036963036963,0.963036963036963,0.99000999000999,0.996003996003996,0.988011988011988,0.988011988011988,0.997002997002997,0.001998001998002,0.032967032967033,0.032967032967033,0.013986013986014,0.00899100899100899,0.00999000999000999,0.00999000999000999,0.00699300699300699,0.998328095826974,0.00167190417302653,0.00663149427856854,0.998720071298774,0.00127992870122654,0.00511468125619557,NA,NA,-0.0600771032628282,0.64236796969369,-0.417816900723752,0.38501138011873,0.440692837342562,0.991718684177526,0.0050984016648133,0.00127095594040756,0.00152207879354044,0.00038987942371321
"Acrocephalus melanopogon",0.724146220330652,0.979020979020979,0.993006993006993,0.993006993006993,1,0.99000999000999,0.994005994005994,0.994005994005994,1,0.017982017982018,0.00799200799200799,0.00799200799200799,0.002997002997003,0.018981018981019,0.001998001998002,0.001998001998002,0.000999000999000999,0.990300650297893,0.00969934970210728,0.042086551776637,0.990300650297893,0.00969934970210728,0.042086551776637,NA,NA,-2.50315200583479,-0.935148516604026,-2.12540349072963,0.493805183053032,1.47804012679891,0.949009708029711,0.0416953601472045,0.00929493182308424,0,0
"Acrocephalus palustris",0.809034966550342,0.997002997002997,0.986013986013986,0.986013986013986,0.955044955044955,0.997002997002997,0.989010989010989,0.989010989010989,0.965034965034965,0.00699300699300699,0.017982017982018,0.017982017982018,0.036963036963037,0.00999000999000999,0.013986013986014,0.013986013986014,0.043956043956044,0.987859574807511,0.0121404251924894,0.00946120343388273,0.987859574807511,0.0121404251924894,0.00946120343388273,NA,NA,-0.212081685390811,1.4324275267496,-0.436188308804068,1.15922512667828,0.353360057253812,0.978625642315126,0.00934741407368948,0.0120269436111845,0,0
"Acrocephalus schoenobaenus",0.875588967381175,1,0.99000999000999,0.99000999000999,0.986013986013986,1,1,1,1,0.000999000999000999,0.017982017982018,0.017982017982018,0.01998001998002,0.00699300699300699,0.000999000999000999,0.000999000999000999,0.000999000999000999,0.997329485561803,0.00267051443819672,0.00981576413050758,0.998079458726007,0.00192054127399344,0.00793644146482466,NA,NA,0.0215499646799605,1.46911707367139,-0.208149095734212,1.17236895210515,0.375261383582492,0.987565821772108,0.00790045987449492,0.00190031054633622,0.00188934773777607,0.000744060069284755
"Acrocephalus scirpaceus",0.84819533965564,0.999000999000999,0.984015984015984,0.984015984015984,0.99000999000999,0.998001998001998,0.985014985014985,0.985014985014985,0.988011988011988,0.001998001998002,0.014985014985015,0.014985014985015,0.00699300699300699,0.002997002997003,0.016983016983017,0.016983016983017,0.010989010989011,0.99298851569371,0.0070114843062897,0.00368014471746929,0.99298851569371,0.0070114843062897,0.00368014471746929,NA,NA,-0.483774119511522,0.532677720280769,-0.719565766573092,0.43148182854754,0.256589768556136,0.989359702975573,0.00365443573695523,0.0069858612874717,0,0
"Aegithalos caudatus",0.866853382630785,0.998001998001998,0.999000999000999,0.999000999000999,0.999000999000999,0.999000999000999,1,1,0.997002997002997,0.003996003996004,0.00699300699300699,0.00699300699300699,0.003996003996004,0.002997002997003,0.000999000999000999,0.000999000999000999,0.001998001998002,0.995365006311977,0.004634993688023,0.0024257922552687,0.996077444642566,0.00392255535743377,0.0024257922552687,NA,NA,-0.312716989628722,0.411915232427983,-0.493677042757186,0.307053632453126,0.209147067819617,0.992961621984065,0.00241457587183765,0.00391028524035839,0,0.000713516903739396
"Alectoris graeca",0.735288505166946,0.943056943056943,0.843156843156843,0.843156843156843,0.963036963036963,0.956043956043956,0.843156843156843,0.843156843156843,0.975024975024975,0.047952047952048,0.162837162837163,0.162837162837163,0.036963036963037,0.043956043956044,0.151848151848152,0.151848151848152,0.01998001998002,0.959686395566336,0.0403136044336638,0.0090472757144269,0.959821816736762,0.0401781832632384,0.00756085146352786,NA,NA,-0.774137328057102,-0.974273151207795,0.164639030511314,-1.02573941706028,0.940186060270931,0.95135083271281,0.00724782204173675,0.0398235875011922,0.00143789330447991,0.000139864439780805
"Alectoris rufa",0.852995675707788,1,0.998001998001998,0.998001998001998,1,1,0.994005994005994,0.994005994005994,1,0.000999000999000999,0.00699300699300699,0.00699300699300699,0.000999000999000999,0.000999000999000999,0.00699300699300699,0.00699300699300699,0.000999000999000999,0.993913963172662,0.0060860368273385,0.0077974525227369,0.993954020902241,0.00604597909775869,0.00771492137021098,NA,NA,-1.13326441260651,-1.49236691019312,-0.943341766311464,-1.54123676925463,0.196109343735593,0.986210767440277,0.0076676941829696,0.00599887878165233,8.26705546332369e-05,3.9989040467806e-05
"Anas crecca",0.864034781256396,1,0.857142857142857,0.857142857142857,0.998001998001998,1,0.981018981018981,0.981018981018981,1,0.001998001998002,0.142857142857143,0.142857142857143,0.002997002997003,0.002997002997003,0.020979020979021,0.020979020979021,0.000999000999000999,0.99493639300323,0.00506360699676975,0.0083358753020847,0.998051034259051,0.00194896574094928,0.00433641312408366,NA,NA,0.539158843348743,1.12375549936398,0.127447425902306,0.935009560481175,0.45291425314347,0.986684374846988,0.00429730596640568,0.00192676925096759,0.00399670982623518,0.00309484010940323
"Anser brachyrhynchus",0.624659459288163,0.995004995004995,0.932067932067932,0.932067932067932,0.994005994005994,0.992007992007992,0.937062937062937,0.937062937062937,1,0.013986013986014,0.0759240759240759,0.0759240759240759,0.00799200799200799,0.012987012987013,0.0679320679320679,0.0679320679320679,0.000999000999000999,0.941643807959293,0.0583561920407064,0.106071799589868,0.946632240067754,0.0533677599322456,0.0168817493465701,NA,NA,3.65774845719515,0.971397016489378,3.63123591157272,0.0801986199164023,0.891592674448161,0.847004869339347,0.0145444598246523,0.0477511229969412,0.0859595076203684,0.00474004021869065
"Anthus campestris",0.796038916246075,0.99000999000999,0.993006993006993,0.993006993006993,0.997002997002997,0.983016983016983,0.988011988011988,0.988011988011988,0.999000999000999,0.00799200799200799,0.011988011988012,0.011988011988012,0.00799200799200799,0.012987012987013,0.00599400599400599,0.00599400599400599,0.001998001998002,0.98789923612993,0.0121007638700701,0.00200958664065302,0.987948140402292,0.0120518595977085,0.00198407250835157,NA,NA,-1.2600076493816,0.292408570173363,-1.60021752821046,0.501577645621945,0.399367579776783,0.985937942601556,0.00196006127053802,0.0120273374384298,2.52561147218657e-05,4.9402574754184e-05
"Anthus petrosus",0.871364227638685,1,0.999000999000999,0.999000999000999,0.999000999000999,1,1,1,0.999000999000999,0.000999000999000999,0.000999000999000999,0.000999000999000999,0.000999000999000999,0.000999000999000999,0.000999000999000999,0.000999000999000999,0.000999000999000999,0.978320973079578,0.0216790269204222,0.00598797012873201,0.983848150269992,0.016151849730008,0.00536193527100429,NA,NA,1.83420985912971,-2.21666752188317,1.997717361353,-2.4431277235901,0.279318682225946,0.972589071377185,0.00524307266224678,0.0159670092642054,0.000615844666643114,0.00558500202971927
"Anthus pratensis",0.9059895418199,1,0.939060939060939,0.939060939060939,0.999000999000999,1,1,1,1,0.001998001998002,0.0749250749250749,0.0749250749250749,0.001998001998002,0.004995004995005,0.000999000999000999,0.000999000999000999,0.000999000999000999,0.996919791537747,0.00308020846225296,0.00532201945355305,0.999788461219924,0.000211538780075789,0.00158620302265663,NA,NA,0.553353080175433,1.11737979400352,0.251537388620612,0.849525673992509,0.403532577712863,0.991630420740987,0.00157542611640543,0.000209812673006482,0.00373028738397711,0.00285405308562431
"Anthus trivialis",0.862533558795028,0.996003996003996,0.97002997002997,0.97002997002997,0.954045954045954,1,0.99000999000999,0.99000999000999,0.978021978021978,0.002997002997003,0.028971028971029,0.028971028971029,0.042957042957043,0.00599400599400599,0.014985014985015,0.014985014985015,0.027972027972028,0.994705095576292,0.00529490442370803,0.0107975945361062,0.995228328369185,0.00477167163081543,0.00960351000259712,NA,NA,0.123757394023662,1.13142451135537,-0.201684890563269,0.897167451554178,0.400985100301571,0.984020931943364,0.00954168856425149,0.0047179372122343,0.00119934782979475,0.000520094450355686
"Apus apus",0.890760826707043,1,0.994005994005994,0.994005994005994,0.993006993006993,1,1,1,1,0.001998001998002,0.004995004995005,0.004995004995005,0.00899100899100899,0.00599400599400599,0.000999000999000999,0.000999000999000999,0.000999000999000999,0.998560676256533,0.00143932374346672,0.00480702583424705,0.998866232040835,0.00113376795916477,0.00333838865937333,NA,NA,-0.316229494474766,0.537042862938353,-0.564433328278554,0.38076088437522,0.293307347228988,0.993767445032908,0.00332869444433576,0.00112798055625259,0.00147144573502129,0.000304434231482015
"Apus pallidus",0.632372604674511,1,0.986013986013986,0.986013986013986,1,1,0.985014985014985,0.985014985014985,1,0.002997002997003,0.015984015984016,0.015984015984016,0.000999000999000999,0.003996003996004,0.013986013986014,0.013986013986014,0.001998001998002,0.918351540822646,0.0816484591773544,0.00070215183375981,0.918571420686895,0.0814285793131049,0.00070215183375981,NA,NA,-3.63431953908784,-2.24966505946009,-3.11746233906099,-2.06634444716267,0.548404788557408,0.917759333393774,0.000644859187953959,0.0813565902297655,0,0.000239217188506086
"Aquila adalberti",0.673288266812449,0.992007992007992,0.99000999000999,0.99000999000999,0.998001998001998,0.992007992007992,0.988011988011988,0.988011988011988,0.994005994005994,0.00599400599400599,0.00599400599400599,0.00599400599400599,0.001998001998002,0.00899100899100899,0.01998001998002,0.01998001998002,0.002997002997003,0.899995917057871,0.100004082942129,0.0663774490286412,0.899995917057871,0.100004082942129,0.0663774490286412,NA,NA,-4.25128308700844,-1.49965209757683,-4.50410989589339,-0.856879928973906,0.690707938293357,0.845871391710255,0.0601386343224219,0.0939899739673233,0,0
"Aquila chrysaetos",0.816473976994035,1,0.974025974025974,0.974025974025974,1,1,1,1,1,0.001998001998002,0.024975024975025,0.024975024975025,0.001998001998002,0.000999000999000999,0.000999000999000999,0.000999000999000999,0.000999000999000999,0.996029193313216,0.00397080668678432,0.014326034169311,0.99852319074474,0.00147680925526048,0.0010594769464117,NA,NA,0.926977387951525,0.0225190961602438,0.823227572545788,-0.0567561143527878,0.130570223246382,0.98181589654914,0.00104131455678122,0.00145209927663693,0.0132286454599489,0.00246204415749281
"Asio otus",0.848734154673553,0.995004995004995,0.988011988011988,0.988011988011988,0.985014985014985,0.996003996003996,0.984015984015984,0.984015984015984,0.983016983016983,0.00799200799200799,0.021978021978022,0.021978021978022,0.025974025974026,0.00599400599400599,0.015984015984016,0.015984015984016,0.020979020979021,0.996681670420561,0.00331832957943899,0.00525700637329151,0.996815773515444,0.00318422648455619,0.00509388719605364,NA,NA,-0.223913393753581,0.971631402671483,-0.513295506572666,0.618601733831089,0.45647776977767,0.991459404020511,0.00507624015829348,0.003167116107634,0.000163413138276057,0.000133826575284973
"Branta leucopsis",0.383808166902164,0.894105894105894,0.962037962037962,0.962037962037962,0.988011988011988,0.884115884115884,1,1,1,0.117882117882118,0.036963036963037,0.036963036963037,0.00999000999000999,0.112887112887113,0.000999000999000999,0.000999000999000999,0.000999000999000999,0.981771256647075,0.0182287433529247,0.0807139833276006,0.985738260342496,0.014261739657504,0.0345228826088779,NA,NA,1.87573848174522,2.16197454710809,0.263148702371887,0.967338321842943,2.00688851390781,0.903858447835107,0.0323195635894217,0.0130770960090167,0.0470398679323915,0.00370502463406283
"Buteo buteo",0.879802491648026,0.997002997002997,0.992007992007992,0.992007992007992,0.991008991008991,0.998001998001998,1,1,0.999000999000999,0.002997002997003,0.001998001998002,0.001998001998002,0.00699300699300699,0.002997002997003,0.000999000999000999,0.000999000999000999,0.00599400599400599,0.998002356554241,0.0019976434457593,0.0053950201140482,0.998225765341447,0.00177423465855309,0.00445647340213241,NA,NA,-0.396185573497527,0.700672242570493,-0.601085656353304,0.355257075533037,0.401616336288526,0.99262881165163,0.00444342590668327,0.00176428669932025,0.000940874909162615,0.000222600833204273
"Caprimulgus europaeus",0.838697135411891,0.994005994005994,0.977022977022977,0.977022977022977,0.996003996003996,0.994005994005994,0.978021978021978,0.978021978021978,0.991008991008991,0.003996003996004,0.021978021978022,0.021978021978022,0.013986013986014,0.012987012987013,0.028971028971029,0.028971028971029,0.018981018981019,0.994001886355305,0.00599811364469552,0.00374511325170808,0.994016086270798,0.00598391372920167,0.00374511325170808,NA,NA,-0.531701822599828,0.634393928917969,-0.745290877777681,0.492629731222043,0.256353997901608,0.990301482469625,0.00372273326285846,0.00596155205015906,0,1.42322173569444e-05
"Caprimulgus ruficollis",0.756327698571439,0.995004995004995,0.996003996003996,0.996003996003996,0.997002997002997,1,0.999000999000999,0.999000999000999,1,0.002997002997003,0.002997002997003,0.002997002997003,0.001998001998002,0.000999000999000999,0.001998001998002,0.001998001998002,0.000999000999000999,0.994419323512065,0.00558067648793537,0.0534466757854809,0.994419323512065,0.00558067648793537,0.0534466757854809,NA,NA,-3.74577868305898,-1.51986839552967,-4.33968735778431,-1.15434955377221,0.697374746885569,0.941551751662804,0.0531642644096496,0.00528398392754606,0,0
"Carduelis carduelis",0.874974050777718,1,0.993006993006993,0.993006993006993,0.999000999000999,1,1,1,1,0.003996003996004,0.00999000999000999,0.00999000999000999,0.004995004995005,0.001998001998002,0.000999000999000999,0.000999000999000999,0.000999000999000999,0.994125087617545,0.0058749123824549,0.000722026953866122,0.994815632370056,0.00518436762994392,0.000520124139970882,NA,NA,-0.614747992775116,0.179181558152362,-0.693955463494614,0.109552165236561,0.105461252484518,0.993411516406536,0.000516966197206835,0.00517705024055729,0.000200821956313708,0.000693645199386517
"Carduelis citrinella",0.813674204659988,0.997002997002997,0.985014985014985,0.985014985014985,0.995004995004995,1,0.993006993006993,0.993006993006993,0.993006993006993,0.004995004995005,0.012987012987013,0.012987012987013,0.00699300699300699,0.002997002997003,0.016983016983017,0.016983016983017,0.001998001998002,0.970636202689479,0.0293637973105208,0.0532861777677973,0.970636202689479,0.0293637973105208,0.0517224472110446,NA,NA,1.04707083304648,-0.705603925669364,1.46383933569099,-0.594025956303826,0.431445973494114,0.920354774316542,0.0501994390671974,0.02784267779413,0.00160310882213042,0
"Certhia brachydactyla",0.879723902026464,1,0.982017982017982,0.982017982017982,0.995004995004995,1,0.983016983016983,0.983016983016983,0.997002997002997,0.003996003996004,0.022977022977023,0.022977022977023,0.00799200799200799,0.001998001998002,0.024975024975025,0.024975024975025,0.00699300699300699,0.996421096282713,0.00357890371728696,0.00472697163739343,0.996421096282713,0.00357890371728696,0.00464842102466898,NA,NA,-0.854689917748478,-0.4656035281086,-0.862930697265191,-0.480477788050818,0.0170045304513754,0.991727819454457,0.00463149759750918,0.00356204660140537,7.86363466283259e-05,0
"Cettia cetti",0.84100249458982,0.998001998001998,0.987012987012987,0.987012987012987,0.989010989010989,1,0.989010989010989,0.989010989010989,0.987012987012987,0.002997002997003,0.015984015984016,0.015984015984016,0.012987012987013,0.004995004995005,0.015984015984016,0.015984015984016,0.01998001998002,0.978450903487874,0.0215490965121262,0.00426752453437626,0.978480396032278,0.0215196039677224,0.00426752453437626,NA,NA,-2.06855712571908,-1.63018564439641,-1.71921440801723,-1.69933063869766,0.356119873986598,0.974364944116601,0.00417594726184794,0.0214290933190342,8.67361737988404e-19,3.00153025168913e-05
"Charadrius hiaticula",0.822065821629282,1,0.8001998001998,0.8001998001998,1,1,0.998001998001998,0.998001998001998,1,0.002997002997003,0.203796203796204,0.203796203796204,0.002997002997003,0.003996003996004,0.004995004995005,0.004995004995005,0.000999000999000999,0.994103012811141,0.00589698718885938,0.0196527911162684,0.999985285912574,1.47140874258729e-05,0.00223608307247413,NA,NA,1.81970293819584,0.423077095398553,1.36671953603467,0.365942147547707,0.456572409262132,0.974679071710208,0.00218434775638845,1.43417240986948e-05,0.0173548155401848,0.00576742326911976
"Ciconia ciconia",0.794056092725231,0.998001998001998,0.996003996003996,0.996003996003996,0.999000999000999,0.999000999000999,0.997002997002997,0.997002997002997,0.999000999000999,0.003996003996004,0.00599400599400599,0.00599400599400599,0.002997002997003,0.001998001998002,0.002997002997003,0.002997002997003,0.001998001998002,0.984933519799853,0.0150664802001474,0.00102268777099278,0.984933519799853,0.0150664802001474,0.00102268777099278,NA,NA,-0.921017653100665,1.4155642949494,-0.898467238615982,0.845626330652934,0.570383909608109,0.983941401203176,0.00100729498664861,0.0150513038101753,0,0
"Cinclus cinclus",0.864991552777069,1,0.968031968031968,0.968031968031968,0.99000999000999,1,0.995004995004995,0.995004995004995,1,0.001998001998002,0.041958041958042,0.041958041958042,0.00999000999000999,0.000999000999000999,0.00599400599400599,0.00599400599400599,0.000999000999000999,0.991086786761225,0.00891321323877544,0.00445449317993696,0.9926279058219,0.00737209417810003,0.00290274808518017,NA,NA,0.906976749958789,-0.0538225839924809,0.615630744088856,-0.0793570905956132,0.292462828687388,0.986711173658919,0.00287251214910477,0.0073281515219685,0.00154245247433123,0.0015457101956766
"Circus aeruginosus",0.831446992379485,0.998001998001998,0.988011988011988,0.988011988011988,0.983016983016983,0.997002997002997,0.984015984015984,0.984015984015984,0.981018981018981,0.00599400599400599,0.012987012987013,0.012987012987013,0.014985014985015,0.00799200799200799,0.013986013986014,0.013986013986014,0.017982017982018,0.988681613238419,0.0113183867615814,0.00232240542986164,0.988681613238419,0.0113183867615814,0.00232240542986164,NA,NA,-0.609574859531391,1.3131086107299,-0.725760832230115,0.962163330172243,0.369677927658173,0.986411422386542,0.00229617990410528,0.0112923977093525,0,0
"Circus pygargus",0.842085686824467,0.998001998001998,0.998001998001998,0.998001998001998,0.998001998001998,0.999000999000999,1,1,1,0.00799200799200799,0.004995004995005,0.004995004995005,0.004995004995005,0.010989010989011,0.00599400599400599,0.00599400599400599,0.00599400599400599,0.996817672197078,0.00318232780292234,0.01248482774331,0.996817672197078,0.00318232780292234,0.01248482774331,NA,NA,-0.775734185903119,-0.0434977062762159,-0.857715943420715,0.738582841021221,0.786365685305973,0.984411686746271,0.0124455914023504,0.00314272185137883,0,0
"Coccothraustes coccothraustes",0.789385313644361,0.998001998001998,1,1,1,0.997002997002997,0.999000999000999,0.999000999000999,1,0.003996003996004,0.004995004995005,0.004995004995005,0.001998001998002,0.004995004995005,0.002997002997003,0.002997002997003,0.001998001998002,0.987336906653134,0.0126630933468662,0.00290164597099381,0.987375398707099,0.0126246012929005,0.00290164597099381,NA,NA,-0.455052607865039,0.940795601666294,-0.591379652087172,0.714018343682549,0.264599674461193,0.984508179081137,0.00286500742850302,0.0125879409662969,0,3.88725240626359e-05
"Columba livia",0.861544442176709,1,0.984015984015984,0.984015984015984,0.99000999000999,1,1,1,0.999000999000999,0.002997002997003,0.017982017982018,0.017982017982018,0.00999000999000999,0.002997002997003,0.000999000999000999,0.000999000999000999,0.003996003996004,0.998366159354788,0.00163384064521182,0.00515376463460588,0.99865745317379,0.00134254682621027,0.0044872967726498,NA,NA,-0.381417383762887,0.444480053848446,-0.627035668076115,0.329073497680439,0.271379834909547,0.993229178567225,0.00447700373188355,0.00133524931611641,0.000668383798962681,0.000290184585812151
"Columba oenas",0.825821018634281,0.999000999000999,0.995004995004995,0.995004995004995,1,0.999000999000999,0.994005994005994,0.994005994005994,1,0.004995004995005,0.00999000999000999,0.00999000999000999,0.002997002997003,0.001998001998002,0.00899100899100899,0.00899100899100899,0.000999000999000999,0.997913426976674,0.00208657302332655,0.0131558558421232,0.997913426976674,0.00208657302332655,0.0131558558421232,NA,NA,-0.186144890079128,0.741631284108038,-0.3583124870519,0.641265667594253,0.199286071830349,0.984812055523341,0.0131287655814244,0.00205917889523477,0,0
"Columba palumbus",0.897247452609525,1,0.996003996003996,0.996003996003996,0.993006993006993,1,1,1,0.996003996003996,0.002997002997003,0.00599400599400599,0.00599400599400599,0.00899100899100899,0.001998001998002,0.000999000999000999,0.000999000999000999,0.004995004995005,0.996033380774005,0.00396661922599467,0.00486597443526685,0.996532953418506,0.00346704658149405,0.00405557357336357,NA,NA,-0.176064938806891,0.629349176310751,-0.433358379614904,0.475302495244978,0.299883801880339,0.99120583953403,0.00403627762946669,0.00344851297262638,0.000810488887759646,0.000498880976117156
"Coracias garrulus",0.734495270514933,0.993006993006993,0.998001998001998,0.998001998001998,0.993006993006993,0.999000999000999,0.999000999000999,0.999000999000999,0.993006993006993,0.010989010989011,0.00799200799200799,0.00799200799200799,0.00899100899100899,0.00999000999000999,0.001998001998002,0.001998001998002,0.004995004995005,0.987006456555802,0.0129935434441981,0.0185282024138945,0.987342737879519,0.0126572621204813,0.0182794956741042,NA,NA,-1.70969722643257,1.22376788276025,-2.22672190782709,0.0465930597887949,1.2857118981362,0.968952273500818,0.018041753038492,0.012421505154609,0.000250106082657527,0.000334362223423335
"Coturnix coturnix",0.819048042492129,1,0.976023976023976,0.976023976023976,0.999000999000999,1,0.992007992007992,0.992007992007992,1,0.002997002997003,0.017982017982018,0.017982017982018,0.00599400599400599,0.003996003996004,0.010989010989011,0.010989010989011,0.000999000999000999,0.991641081954351,0.00835891804564889,0.00147794678777755,0.991835619527069,0.0081643804729306,0.00140882759685879,NA,NA,-0.772700859139168,0.33201906854219,-0.613456172621464,0.465565342200753,0.207830405360259,0.990187722017487,0.00139697188138751,0.00815081566240783,6.86389765245886e-05,0.000195851462192956
"Crex crex",0.786870538276958,0.996003996003996,0.99000999000999,0.99000999000999,0.982017982017982,0.999000999000999,1,1,0.988011988011988,0.00699300699300699,0.011988011988012,0.011988011988012,0.018981018981019,0.002997002997003,0.003996003996004,0.003996003996004,0.012987012987013,0.994644421256689,0.00535557874331158,0.00994484864034864,0.994965532090293,0.00503446790970666,0.00992141551472939,NA,NA,-0.198156197295327,1.53649148588279,-0.309652667466955,1.27382513953989,0.285350788262209,0.984805284179361,0.00986857263509467,0.00498305764431305,2.35424434738823e-05,0.000319543097757357
"Cyanistes caeruleus",0.894520849114372,1,0.993006993006993,0.993006993006993,0.997002997002997,1,1,1,0.996003996003996,0.002997002997003,0.00899100899100899,0.00899100899100899,0.003996003996004,0.000999000999000999,0.000999000999000999,0.000999000999000999,0.002997002997003,0.996541486849497,0.00345851315050275,0.00144997515129902,0.997197993045813,0.00280200695418702,0.0012080472948715,NA,NA,-0.347288696567691,0.562005083177929,-0.458487386192983,0.373679196282311,0.218704797042504,0.995101516649746,0.00120358368132162,0.00279611610654991,0.000241383958011945,0.000657399604370151
"Cygnus olor",0.742932602513596,0.995004995004995,0.957042957042957,0.957042957042957,0.993006993006993,0.998001998001998,0.984015984015984,0.984015984015984,0.989010989010989,0.00599400599400599,0.032967032967033,0.032967032967033,0.016983016983017,0.00699300699300699,0.01998001998002,0.01998001998002,0.00699300699300699,0.970062709977745,0.0299372900222553,0.00055562704212997,0.970650368708477,0.0293496312915234,0.00055562704212997,NA,NA,-0.052880906489283,0.942035538785434,-0.463163526746923,0.77795235901354,0.44187681356859,0.96953984419817,0.00053900203996815,0.0293160522748472,0,0.000605101487015078
"Dendrocopos major",0.859184845931058,1,0.998001998001998,0.998001998001998,0.982017982017982,0.999000999000999,1,1,0.998001998001998,0.00599400599400599,0.010989010989011,0.010989010989011,0.018981018981019,0.00599400599400599,0.000999000999000999,0.000999000999000999,0.001998001998002,0.995877649501556,0.00412235049844383,0.00504156614591868,0.996549808087699,0.00345019191230096,0.00403530561499915,NA,NA,-0.201767261082192,1.00033332298287,-0.434679062476251,0.574693461805821,0.485198102481286,0.99087745996638,0.0040146938947946,0.0034305534662814,0.00100619349802792,0.000671099174516001
"Emberiza caesia",0.626618935733347,1,0.962037962037962,0.962037962037962,0.996003996003996,1,0.964035964035964,0.964035964035964,0.991008991008991,0.000999000999000999,0.026973026973027,0.026973026973027,0.002997002997003,0.000999000999000999,0.041958041958042,0.041958041958042,0.00899100899100899,0.998121258069677,0.0018787419303231,0.342777394351001,0.998121258069677,0.0018787419303231,0.342777394351001,NA,NA,-3.78710303356526,-2.7824548483465,-4.69236118313784,-3.57307874431595,1.20190617863687,0.656410576002036,0.342353876650713,0.00123554734725074,0,0
"Emberiza calandra",0.844212953671896,0.999000999000999,0.986013986013986,0.986013986013986,0.999000999000999,0.998001998001998,0.98001998001998,0.98001998001998,1,0.003996003996004,0.026973026973027,0.026973026973027,0.004995004995005,0.003996003996004,0.018981018981019,0.018981018981019,0.002997002997003,0.993565957407317,0.00643404259268341,0.00300270558286645,0.993580810771298,0.00641918922870162,0.00300270558286645,NA,NA,-0.961829153734087,-0.379901331857111,-1.09835203902741,-0.12987241795097,0.284873578974778,0.990601709325066,0.00298344368599954,0.00639994226287101,0,1.49047260638076e-05
"Emberiza cia",0.863552476128012,1,0.961038961038961,0.961038961038961,0.996003996003996,1,0.958041958041958,0.958041958041958,0.992007992007992,0.000999000999000999,0.03996003996004,0.03996003996004,0.00999000999000999,0.000999000999000999,0.026973026973027,0.026973026973027,0.001998001998002,0.989751887512518,0.0102481124874822,0.00344616716054249,0.989897532371818,0.0101024676281819,0.00305975991753885,NA,NA,-1.37776912794837,-0.974273151207795,-0.964553893947876,-0.915240574063079,0.417410678797787,0.986375872610061,0.00302733628084872,0.0100665270862801,0.000383634635248128,0.000146629387562373
"Emberiza cirlus",0.90153553314106,1,0.991008991008991,0.991008991008991,1,1,0.99000999000999,0.99000999000999,0.999000999000999,0.000999000999000999,0.00999000999000999,0.00999000999000999,0.002997002997003,0.001998001998002,0.011988011988012,0.011988011988012,0.000999000999000999,0.992198742414111,0.00780125758588864,0.00243210184010576,0.992226554775414,0.00777344522458647,0.00231624204103623,NA,NA,-1.40426551057425,-1.36383472703277,-1.27051085915005,-1.41778751744767,0.144226247164528,0.989804394034015,0.00229794915630798,0.00775446918150661,0.000115225017114587,2.79626110555511e-05
"Emberiza citrinella",0.863153393673919,1,0.986013986013986,0.986013986013986,0.971028971028971,1,1,1,0.984015984015984,0.002997002997003,0.011988011988012,0.011988011988012,0.030969030969031,0.002997002997003,0.000999000999000999,0.000999000999000999,0.013986013986014,0.998014972031823,0.00198502796817732,0.0113643845582929,0.998471159268263,0.00152884073173696,0.0102771172156173,NA,NA,0.0942039963493431,1.14679533162374,-0.188592279610974,0.877688047749964,0.390374773686706,0.98669540458258,0.0102456803873001,0.00151080991207502,0.00109640141153027,0.000451703706514276
"Emberiza hortulana",0.731839976028804,0.991008991008991,0.99000999000999,0.99000999000999,0.956043956043956,0.995004995004995,0.991008991008991,0.991008991008991,0.949050949050949,0.00999000999000999,0.012987012987013,0.012987012987013,0.050949050949051,0.010989010989011,0.012987012987013,0.012987012987013,0.04995004995005,0.998274826025229,0.00172517397477144,0.0290093170549007,0.998274826025229,0.00172517397477144,0.0279745461009297,NA,NA,-0.561497887153432,1.2903396582751,-0.945641785982289,1.26702786080277,0.384850587772483,0.969364067998453,0.0278979523633166,0.00167521169380589,0.00106276794442438,0
"Emberiza melanocephala",0.625619442035212,0.997002997002997,0.976023976023976,0.976023976023976,0.988011988011988,0.997002997002997,0.982017982017982,0.982017982017982,0.99000999000999,0.00899100899100899,0.021978021978022,0.021978021978022,0.012987012987013,0.00799200799200799,0.023976023976024,0.023976023976024,0.015984015984016,0.94565232937554,0.0543476706244596,0.000896910859905869,0.946473731429502,0.0535262685704984,0.000896910859905869,NA,NA,-2.6418912640241,-1.51634883379034,-1.93169619163962,-0.243866252700112,1.45725391061999,0.944850220270727,0.000848207189785236,0.053434453561348,0,0.000867118978139791
"Emberiza schoeniclus",0.889145972336977,1,0.987012987012987,0.987012987012987,0.995004995004995,1,1,1,1,0.002997002997003,0.021978021978022,0.021978021978022,0.00699300699300699,0.001998001998002,0.000999000999000999,0.000999000999000999,0.000999000999000999,0.995924839594056,0.00407516040594438,0.00523252604672506,0.997050539510904,0.0029494604890959,0.00342335999571969,NA,NA,0.123050875104123,1.24543284541151,-0.150314661344398,1.03968193963657,0.342143466611592,0.990734762747066,0.00340329244837866,0.0029307772495963,0.00180802133821735,0.001123146216742
"Erithacus rubecula",0.905756075554821,1,0.986013986013986,0.986013986013986,0.989010989010989,1,1,1,1,0.000999000999000999,0.014985014985015,0.014985014985015,0.011988011988012,0.001998001998002,0.000999000999000999,0.000999000999000999,0.000999000999000999,0.998163633446311,0.00183636655368887,0.00483361541937906,0.998942976250758,0.00105702374924222,0.00316393680950628,NA,NA,-0.138571385007932,0.721300706550343,-0.373874520521134,0.43148182854754,0.373312935255595,0.993347711558672,0.00315286485440757,0.00105110316337952,0.00167191710144428,0.000776403322096786
"Falco columbarius",0.760179050948711,0.998001998001998,0.965034965034965,0.965034965034965,1,0.998001998001998,1,1,1,0.000999000999000999,0.044955044955045,0.044955044955045,0.000999000999000999,0.002997002997003,0.000999000999000999,0.000999000999000999,0.000999000999000999,0.992865046980405,0.00713495301959535,0.029826801965982,0.999672405380189,0.000327594619811394,0.00210080182243314,NA,NA,2.23585233510765,2.20706248621441,2.04720400923283,2.00042972084312,0.279795086769512,0.963456093663772,0.0020282913555794,0.000315726462999365,0.0275920013579907,0.006607887159658
"Falco eleonorae",0.669281008718154,0.996003996003996,0.993006993006993,0.993006993006993,0.995004995004995,0.997002997002997,0.988011988011988,0.988011988011988,0.994005994005994,0.001998001998002,0.00699300699300699,0.00699300699300699,0.00599400599400599,0.000999000999000999,0.003996003996004,0.003996003996004,0.00599400599400599,0.994319029429793,0.00568097057020676,0.26134462405435,0.994319029429793,0.00568097057020676,0.26134462405435,NA,NA,-4.27923737185515,-2.65459052041261,-4.4023937169918,-3.67408896823182,1.02691020564274,0.735551162771531,0.260246318333721,0.00420251889474824,0,0
"Ficedula albicollis",0.712760096730768,0.978021978021978,0.956043956043956,0.956043956043956,0.97002997002997,0.985014985014985,0.963036963036963,0.963036963036963,0.976023976023976,0.030969030969031,0.046953046953047,0.046953046953047,0.037962037962038,0.018981018981019,0.037962037962038,0.037962037962038,0.028971028971029,0.972865770231309,0.0271342297686908,0.0151963263168611,0.972865770231309,0.0271342297686908,0.0151963263168611,NA,NA,-0.594831735055567,1.48982198958639,-0.891274314063985,1.39124865577638,0.312401832241075,0.958477003516596,0.0147900842593037,0.0267329122241005,0,0
"Ficedula hypoleuca",0.861990824139496,1,0.99000999000999,0.99000999000999,0.995004995004995,1,1,1,1,0.004995004995005,0.014985014985015,0.014985014985015,0.010989010989011,0.000999000999000999,0.000999000999000999,0.000999000999000999,0.000999000999000999,0.993497001244042,0.00650299875595805,0.00808148332110553,0.99485002238283,0.00514997761717034,0.00601904502036282,NA,NA,0.323582537531459,1.50967983998399,0.032379679133449,1.30708772812277,0.354743102156421,0.985519864687668,0.0059678089447282,0.00510167877592424,0.00206154247393257,0.00134910511774711
"Ficedula parva",0.757381907765376,0.995004995004995,0.994005994005994,0.994005994005994,0.963036963036963,0.994005994005994,0.989010989010989,0.989010989010989,0.952047952047952,0.00999000999000999,0.00899100899100899,0.00899100899100899,0.047952047952048,0.00799200799200799,0.012987012987013,0.012987012987013,0.0529470529470529,0.966249753127095,0.0337502468729049,0.0109724752050568,0.966249753127095,0.0337502468729049,0.0109724752050568,NA,NA,-0.19750457455037,1.71249439402128,-0.322801841432705,1.63153617026363,0.149176536634208,0.956001631775411,0.0106060791410475,0.0333922890835409,0,0
"Ficedula semitorquata",0.703859796383218,0.957042957042957,0.952047952047952,0.952047952047952,0.947052947052947,0.954045954045954,0.945054945054945,0.945054945054945,0.931068931068931,0.042957042957043,0.044955044955045,0.044955044955045,0.0679320679320679,0.042957042957043,0.0559440559440559,0.0559440559440559,0.0619380619380619,0.893676608949549,0.106323391050451,0.0645184840391701,0.893676608949549,0.106323391050451,0.0645184840391701,NA,NA,-2.20012003124721,-0.116176712379843,-1.57562726852542,0.308959965683747,0.75546833535684,0.841792497302008,0.0580569202863297,0.100150582411663,0,0
"Fringilla montifringilla",0.751066024498613,1,0.974025974025974,0.974025974025974,0.995004995004995,1,0.998001998001998,0.998001998001998,1,0.000999000999000999,0.031968031968032,0.031968031968032,0.00599400599400599,0.000999000999000999,0.002997002997003,0.002997002997003,0.000999000999000999,0.998094675477758,0.00190532452224221,0.0567833051687825,0.999922004847125,7.79951528748945e-05,0.0354302412729877,NA,NA,1.89107602417213,2.42070908011867,1.90845868938992,2.39532285132927,0.0307671523255135,0.941521424723022,0.0345836378756559,7.34398354074503e-05,0.0220976090487966,0.00172388851711833
"Gallinago gallinago",0.88431406398698,1,0.925074925074925,0.925074925074925,1,1,1,1,1,0.001998001998002,0.0769230769230769,0.0769230769230769,0.001998001998002,0.000999000999000999,0.000999000999000999,0.000999000999000999,0.000999000999000999,0.996790526535731,0.00320947346426869,0.00645373930427064,0.999593094844891,0.000406905155109359,0.00291417904576641,NA,NA,0.415744066164496,1.41084946854621,0.131391123541437,1.22949938108653,0.337260211409566,0.990378014140342,0.00289457416356943,0.00040315396488729,0.00353858528636629,0.00278567244483542
"Garrulus glandarius",0.883724324043054,1,0.966033966033966,0.966033966033966,0.982017982017982,1,1,1,0.994005994005994,0.001998001998002,0.020979020979021,0.020979020979021,0.012987012987013,0.001998001998002,0.000999000999000999,0.000999000999000999,0.004995004995005,0.996844671226319,0.00315532877368105,0.00410129344411876,0.997345522579036,0.00265447742096398,0.00325397638858249,NA,NA,-0.265858604427273,0.736954339045037,-0.48034548088631,0.475049323307617,0.338524530044091,0.992769166066917,0.0032409935421562,0.00264229725395397,0.000847411880514193,0.000500131256458452
"Haematopus ostralegus",0.836312561380064,0.997002997002997,0.814185814185814,0.814185814185814,0.999000999000999,1,0.982017982017982,0.982017982017982,1,0.00699300699300699,0.166833166833167,0.166833166833167,0.004995004995005,0.004995004995005,0.00799200799200799,0.00799200799200799,0.000999000999000999,0.992664846383248,0.00733515361675178,0.0065602494971021,0.997509351596687,0.00249064840331275,0.00341630109614964,NA,NA,0.55258097425623,-0.349822316435587,0.188684845897958,0.167002723852631,0.632082680116341,0.986200173708114,0.00338070624491225,0.00246241088773872,0.00313173619594595,0.00482497296328912
"Hieraaetus pennatus",0.723724085922942,0.996003996003996,0.965034965034965,0.965034965034965,0.995004995004995,0.997002997002997,0.98001998001998,0.98001998001998,0.997002997002997,0.00699300699300699,0.027972027972028,0.027972027972028,0.002997002997003,0.00899100899100899,0.02997002997003,0.02997002997003,0.003996003996004,0.959381581413177,0.0406184185868228,0.00151515277004076,0.959529742022982,0.0404702579770177,0.00129416902245712,NA,NA,-1.79303002956382,-0.50235200590286,-1.94561664914723,-0.619377586237111,0.192295769398238,0.957986929246998,0.00124140359382578,0.0404051864859322,0.000212295531942869,0.000154185141300812
"Hippolais icterina",0.821796744787434,1,0.981018981018981,0.981018981018981,0.957042957042957,1,0.999000999000999,0.999000999000999,0.957042957042957,0.000999000999000999,0.022977022977023,0.022977022977023,0.043956043956044,0.003996003996004,0.001998001998002,0.001998001998002,0.037962037962038,0.987533189349581,0.0124668106504185,0.00500054751048532,0.98852260374181,0.0114773962581896,0.00500054751048532,NA,NA,0.0323851264672506,1.65494485824037,-0.322677609685276,1.34203671873904,0.473266363024354,0.982656242371924,0.00493851450285855,0.0114092839522281,0,0.000995959172988994
"Hippolais olivetorum",0.597354046423235,0.984015984015984,0.982017982017982,0.982017982017982,0.997002997002997,0.988011988011988,0.984015984015984,0.984015984015984,0.996003996003996,0.011988011988012,0.012987012987013,0.012987012987013,0.003996003996004,0.014985014985015,0.014985014985015,0.014985014985015,0.002997002997003,0.876626674307939,0.123373325692061,0.00153436569380219,0.877895525442142,0.122104474557858,0.00153436569380219,NA,NA,-3.63175527998179,-2.38465765994597,-2.34504211302922,-2.85433141055257,1.36975333765535,0.87544733041583,0.0013453205642417,0.121763960728319,0,0.00144338829160903
"Hippolais polyglotta",0.868404880344104,1,0.995004995004995,0.995004995004995,0.998001998001998,1,0.996003996003996,0.996003996003996,0.999000999000999,0.001998001998002,0.004995004995005,0.004995004995005,0.003996003996004,0.003996003996004,0.00699300699300699,0.00699300699300699,0.003996003996004,0.990697304490259,0.0093026955097413,0.00511649792604516,0.990697304490259,0.0093026955097413,0.00511649792604516,NA,NA,-1.12156338696163,-1.25489496944875,-0.820551983986805,-1.27110625361224,0.301447624729573,0.985675319193761,0.00506914198084058,0.00925553882539789,0,0
"Jynx torquilla",0.82162850453165,0.995004995004995,0.957042957042957,0.957042957042957,0.975024975024975,0.996003996003996,0.963036963036963,0.963036963036963,0.989010989010989,0.00999000999000999,0.0609390609390609,0.0609390609390609,0.033966033966034,0.00899100899100899,0.050949050949051,0.050949050949051,0.010989010989011,0.993912849374181,0.00608715062581878,0.00626944737415578,0.994168964654137,0.00583103534586281,0.00509200469455226,NA,NA,-0.1885636359502,1.20519806715316,-0.537670542106536,0.858313686105443,0.492142668075942,0.987719259470273,0.00505521227073686,0.00579320630448794,0.00117630984692973,0.000256012107572481
"Lanius collurio",0.838689928852903,0.993006993006993,0.964035964035964,0.964035964035964,0.957042957042957,0.989010989010989,0.963036963036963,0.963036963036963,0.954045954045954,0.00999000999000999,0.03996003996004,0.03996003996004,0.045954045954046,0.011988011988012,0.03996003996004,0.03996003996004,0.043956043956044,0.993372672096842,0.00662732790315763,0.00635059523700372,0.993372672096842,0.00662732790315763,0.00635059523700372,NA,NA,-0.367642552117207,1.15208292686363,-0.546661843731232,0.814393390205498,0.38220692031722,0.9871057091257,0.0063087732803383,0.00658551759396215,0,0
"Lanius minor",0.739411510216714,0.997002997002997,0.978021978021978,0.978021978021978,0.987012987012987,0.996003996003996,0.977022977022977,0.977022977022977,0.981018981018981,0.00699300699300699,0.013986013986014,0.013986013986014,0.011988011988012,0.004995004995005,0.015984015984016,0.015984015984016,0.011988011988012,0.980209420959557,0.0197905790404433,0.011381876641983,0.980364338445174,0.0196356615548261,0.0111586123053017,NA,NA,-1.41251236509237,1.22976400568645,-1.68125070250158,1.23314678355454,0.268759627138396,0.969271130377572,0.0109377711099044,0.0194134763216115,0.000221365242077819,0.000156256948834761
"Lanius senator",0.854752883804293,1,0.997002997002997,0.997002997002997,0.997002997002997,1,0.995004995004995,0.995004995004995,0.998001998001998,0.000999000999000999,0.00699300699300699,0.00699300699300699,0.003996003996004,0.001998001998002,0.012987012987013,0.012987012987013,0.011988011988012,0.987419860970135,0.0125801390298651,0.0098511027542543,0.987457303672959,0.0125426963270407,0.0098511027542543,NA,NA,-2.20515360894572,-1.44125793724522,-2.45512299110497,-1.54310838449115,0.269922591906033,0.977813865211686,0.00972838013305809,0.0124202052383442,0,3.75494169116228e-05
"Larus ridibundus",0.833853199487854,1,0.987012987012987,0.987012987012987,0.989010989010989,1,1,1,1,0.001998001998002,0.00999000999000999,0.00999000999000999,0.004995004995005,0.002997002997003,0.000999000999000999,0.000999000999000999,0.000999000999000999,0.993760022473256,0.00623997752674439,0.0078652963113064,0.995487622874106,0.0045123771258943,0.00536076976541786,NA,NA,0.126235231913686,1.374241496816,-0.260467140449197,1.18196968000807,0.43186476625178,0.985992197213631,0.00531416517576342,0.00446933596639976,0.00250243549639149,0.00172186614781484
"Limosa limosa",0.70157072442407,0.999000999000999,0.993006993006993,0.993006993006993,0.991008991008991,0.998001998001998,1,1,0.987012987012987,0.003996003996004,0.012987012987013,0.012987012987013,0.017982017982018,0.004995004995005,0.000999000999000999,0.000999000999000999,0.017982017982018,0.97852601560612,0.0214739843938803,0.0118720366960902,0.980076583745108,0.0199234162548925,0.0118720366960902,NA,NA,-0.4219978388449,1.65973925918674,-0.382671722141254,1.46954428775377,0.194218100632714,0.967155485393221,0.0116200591824379,0.0196607506375268,1.73472347597681e-18,0.00156370478681388
"Linaria cannabina",0.888422004690158,1,0.991008991008991,0.991008991008991,0.993006993006993,1,1,1,0.995004995004995,0.003996003996004,0.016983016983017,0.016983016983017,0.014985014985015,0.000999000999000999,0.000999000999000999,0.000999000999000999,0.004995004995005,0.996431044964567,0.00356895503543284,0.0026529373929163,0.996969805582071,0.00303019441792897,0.00243125308437522,NA,NA,-0.484350820203325,0.322660492904098,-0.62317972625619,0.226916941672874,0.168642499857542,0.993796985268713,0.00242206062804984,0.00302055093389485,0.000221433579768899,0.000538969589573853
"Locustella fluviatilis",0.78043224090301,0.996003996003996,0.986013986013986,0.986013986013986,0.968031968031968,0.997002997002997,0.982017982017982,0.982017982017982,0.963036963036963,0.004995004995005,0.012987012987013,0.012987012987013,0.030969030969031,0.002997002997003,0.00899100899100899,0.00899100899100899,0.017982017982018,0.980024745435201,0.0199752545647991,0.0186206953342992,0.980024745435201,0.0199752545647991,0.0186206953342992,NA,NA,-0.493616277088094,1.75890337309763,-0.525345101710146,1.56718909819245,0.194322107631422,0.962133871935019,0.0182555324072321,0.0196105956577487,0,0
"Locustella luscinioides",0.778067107248969,0.988011988011988,0.992007992007992,0.992007992007992,0.997002997002997,0.993006993006993,0.993006993006993,0.993006993006993,0.999000999000999,0.00799200799200799,0.00599400599400599,0.00599400599400599,0.000999000999000999,0.013986013986014,0.00899100899100899,0.00899100899100899,0.00699300699300699,0.996374224406366,0.00362577559363393,0.0131307943026954,0.996374224406366,0.00362577559363393,0.0131307943026954,NA,NA,-0.785486928978194,1.08331017573011,-0.813808254455445,1.26891091428006,0.187749118845009,0.983337855457423,0.0130838079002998,0.00357833664227722,0,0
"Locustella naevia",0.819231404896933,0.996003996003996,0.965034965034965,0.965034965034965,0.959040959040959,1,0.985014985014985,0.985014985014985,0.972027972027972,0.00799200799200799,0.040959040959041,0.040959040959041,0.041958041958042,0.003996003996004,0.030969030969031,0.030969030969031,0.043956043956044,0.990828080950376,0.00917191904962432,0.00495797230987464,0.99175705655339,0.00824294344661028,0.00488818837082034,NA,NA,0.122437424093606,0.966444969639573,-0.131158783253436,0.788620310172234,0.309729956406349,0.985960418444228,0.00484323489602413,0.00819476495390528,6.94866948685391e-05,0.000932095010974032
"Lophophanes cristatus",0.814683469477648,0.999000999000999,1,1,0.996003996003996,0.995004995004995,1,1,0.996003996003996,0.00799200799200799,0.002997002997003,0.002997002997003,0.00799200799200799,0.004995004995005,0.000999000999000999,0.000999000999000999,0.003996003996004,0.997417537554931,0.00258246244506932,0.010399455794856,0.997736686874084,0.00226331312591611,0.00987547098129581,NA,NA,0.101106361138018,0.815448035984135,-0.248928639865903,0.549349664718766,0.439696310102663,0.987071446956295,0.00984501963661423,0.00223911959087371,0.000527858530334897,0.000316555285882182
"Loxia curvirostra",0.844775663052701,0.997002997002997,0.953046953046953,0.953046953046953,0.972027972027972,0.995004995004995,0.951048951048951,0.951048951048951,1,0.00699300699300699,0.0619380619380619,0.0619380619380619,0.026973026973027,0.004995004995005,0.038961038961039,0.038961038961039,0.000999000999000999,0.992306862023762,0.00769313797623768,0.00667701805227896,0.992908324662288,0.00709167533771227,0.00391326782435274,NA,NA,0.622948344527279,0.848249859866506,0.118461088626931,0.51367310082111,0.605350311025925,0.985731845498328,0.00387258718525752,0.00704041858113711,0.00275340400463019,0.000601744730647428
"Loxia pytyopsittacus",0.628355457494714,0.994005994005994,0.999000999000999,0.999000999000999,0.992007992007992,0.992007992007992,0.998001998001998,0.998001998001998,1,0.00699300699300699,0.000999000999000999,0.000999000999000999,0.012987012987013,0.004995004995005,0.000999000999000999,0.000999000999000999,0.000999000999000999,0.999607508822156,0.000392491177843941,0.0627716527259213,0.999607508822156,0.000392491177843941,0.0494426493918841,NA,NA,1.54500928241557,2.51128318666647,1.01316850986392,2.26634026484049,0.585535346756278,0.936883575716525,0.0487314164953146,0.000367862921086804,0.0140171448670736,0
"Lullula arborea",0.871182219806741,0.999000999000999,0.998001998001998,0.998001998001998,0.995004995004995,0.999000999000999,0.997002997002997,0.997002997002997,0.994005994005994,0.000999000999000999,0.002997002997003,0.002997002997003,0.003996003996004,0.002997002997003,0.002997002997003,0.002997002997003,0.003996003996004,0.994623957567896,0.00537604243210431,0.00218909350356482,0.994623957567896,0.00537604243210431,0.00218909350356482,NA,NA,-0.640302275423407,0.548634365567958,-0.761532745321123,0.554720898723811,0.121383164884915,0.992458312627906,0.00217735046849823,0.0053643369035961,0,0
"Luscinia luscinia",0.764073575588137,0.997002997002997,0.979020979020979,0.979020979020979,0.962037962037962,0.997002997002997,0.981018981018981,0.981018981018981,0.975024975024975,0.00799200799200799,0.024975024975025,0.024975024975025,0.035964035964036,0.00599400599400599,0.032967032967033,0.032967032967033,0.042957042957043,0.985563116306628,0.0144368836933721,0.0226771583061986,0.985563116306628,0.0144368836933721,0.0226771583061986,NA,NA,-0.368157674450156,1.95627774503153,-0.568036527266817,1.91581751756347,0.203932797288889,0.963528792777111,0.0223570902410492,0.0141141169818399,0,0
"Luscinia megarhynchos",0.89810656149125,1,0.987012987012987,0.987012987012987,0.998001998001998,1,0.982017982017982,0.982017982017982,0.993006993006993,0.001998001998002,0.016983016983017,0.016983016983017,0.00799200799200799,0.003996003996004,0.017982017982018,0.017982017982018,0.00699300699300699,0.994076072141924,0.0059239278580765,0.00196691521160602,0.994076072141924,0.0059239278580765,0.00196691521160602,NA,NA,-1.09934023221544,-0.580856017178222,-1.02422570048182,-0.51963642010918,0.0969021771832678,0.992132368985385,0.00195528613051723,0.00591234488409742,0,0
"Melanitta fusca",0.636566401930818,0.994005994005994,0.967032967032967,0.967032967032967,0.997002997002997,0.995004995004995,0.965034965034965,0.965034965034965,1,0.00599400599400599,0.030969030969031,0.030969030969031,0.002997002997003,0.003996003996004,0.033966033966034,0.033966033966034,0.000999000999000999,0.991941598090177,0.00805840190982315,0.0756436852322173,0.991941598090177,0.00805840190982315,0.0521760352824089,NA,NA,2.16000312104584,2.47451888567246,1.78227994172622,2.20719525200288,0.462749095421727,0.917466737722001,0.0505049235509494,0.0074533780271871,0.0245749606998627,0
"Melanitta nigra",0.67985954780428,1,0.965034965034965,0.965034965034965,1,1,0.975024975024975,0.975024975024975,1,0.001998001998002,0.038961038961039,0.038961038961039,0.001998001998002,0.001998001998002,0.041958041958042,0.041958041958042,0.000999000999000999,0.975318106549314,0.024681893450686,0.0642452746325882,0.979055500121486,0.0209444998785134,0.00766488060721191,NA,NA,3.05469804646607,2.58585433435951,2.69939391227266,2.45201830483744,0.379675006516315,0.914108023483414,0.00706064788514403,0.0195551073298918,0.0556984485110681,0.0035777727904816
"Melanocorypha calandra",0.813246883422382,0.995004995004995,0.99000999000999,0.99000999000999,0.998001998001998,0.999000999000999,0.995004995004995,0.995004995004995,1,0.003996003996004,0.012987012987013,0.012987012987013,0.002997002997003,0.003996003996004,0.00699300699300699,0.00699300699300699,0.000999000999000999,0.99600674814539,0.00399325185460944,0.0238637207968913,0.996459179991367,0.00354082000863284,0.0230604305131656,NA,NA,-2.63756256060511,-0.480389673813422,-2.84634441208341,-0.187192071593356,0.35993707151987,0.972330978355635,0.0229516457951913,0.00345508280951861,0.000819046355078627,0.000443246684576418
"Merops apiaster",0.811818064238864,0.992007992007992,0.959040959040959,0.959040959040959,0.992007992007992,0.993006993006993,0.967032967032967,0.967032967032967,0.996003996003996,0.00899100899100899,0.036963036963037,0.036963036963037,0.00799200799200799,0.00999000999000999,0.046953046953047,0.046953046953047,0.00699300699300699,0.984522876945562,0.0154771230544384,0.00139531588145221,0.984539322442419,0.0154606775575805,0.00121546979726373,NA,NA,-1.90137999475144,-0.0134420601371158,-1.51256938899958,-0.0197165404698537,0.38886123006617,0.98317038857184,0.00119646818381393,0.0154391805541717,0.000177281888827405,1.66808013464265e-05
"Milvus milvus",0.7509239065786,1,0.909090909090909,0.909090909090909,0.999000999000999,1,0.926073926073926,0.926073926073926,1,0.001998001998002,0.0859140859140859,0.0859140859140859,0.001998001998002,0.003996003996004,0.0999000999000999,0.0999000999000999,0.00599400599400599,0.970290438392419,0.0297095616075811,0.00847235755593235,0.970290438392419,0.0297095616075811,0.00847235755593235,NA,NA,-0.599090596329522,-0.137808114974121,-0.491834001872952,-0.0323201543049312,0.150438315932363,0.962312014450098,0.00822271726756291,0.0294652682823387,0,0
"Monticola solitarius",0.809402308687197,1,0.998001998001998,0.998001998001998,1,0.999000999000999,0.994005994005994,0.994005994005994,0.998001998001998,0.000999000999000999,0.004995004995005,0.004995004995005,0.000999000999000999,0.002997002997003,0.00899100899100899,0.00899100899100899,0.001998001998002,0.976335982761621,0.0236640172383788,0.00542153015661275,0.976518944943863,0.023481055056137,0.00542153015661275,NA,NA,-3.10830163704472,-1.91295655507109,-3.06026107445415,-2.05953353955617,0.154248850999798,0.971167343880282,0.00529391415721431,0.0233523722078799,0,0.000186369754624088
"Numenius arquata",0.873519862795977,1,0.998001998001998,0.998001998001998,0.996003996003996,1,1,1,1,0.000999000999000999,0.002997002997003,0.002997002997003,0.00699300699300699,0.001998001998002,0.000999000999000999,0.000999000999000999,0.000999000999000999,0.99675733167707,0.00324266832293032,0.00835810111291453,0.997783229684323,0.00221677031567751,0.0041347069900757,NA,NA,0.711886337616369,1.23011999932302,0.40558317794599,0.856388900012177,0.483214817877258,0.988453122713777,0.00410393259463264,0.00219604166083637,0.00422729176598565,0.00101961126476855
"Numenius phaeopus",0.762360174506946,0.999000999000999,0.976023976023976,0.976023976023976,1,1,0.999000999000999,0.999000999000999,1,0.002997002997003,0.021978021978022,0.021978021978022,0.000999000999000999,0.000999000999000999,0.000999000999000999,0.000999000999000999,0.000999000999000999,0.995001206433136,0.00499879356686375,0.0359655179816891,0.999515981192001,0.000484018807998791,0.00294825407295232,NA,NA,2.3721689258815,2.45942253106024,2.23287081239641,2.24768874053481,0.253446567289376,0.959387955447342,0.00283688329993254,0.000464586683296681,0.0329552853482444,0.00435528922118446
"Oenanthe hispanica",0.829606487627952,1,0.995004995004995,0.995004995004995,0.999000999000999,0.999000999000999,0.995004995004995,0.995004995004995,1,0.001998001998002,0.00999000999000999,0.00999000999000999,0.003996003996004,0.000999000999000999,0.00799200799200799,0.00799200799200799,0.002997002997003,0.979065374999079,0.0209346250009208,0.00855837914606862,0.979174213790695,0.0208257862093051,0.00855837914606862,NA,NA,-3.09836414520969,-1.55107687091306,-3.26737572224986,-1.57677815913152,0.170954582827418,0.970860107877829,0.00838071423091456,0.0206489557844182,0,0.0001102221068385
"Oenanthe leucura",0.79745995663289,1,0.995004995004995,0.995004995004995,0.999000999000999,1,0.993006993006993,0.993006993006993,0.998001998001998,0.000999000999000999,0.003996003996004,0.003996003996004,0.001998001998002,0.000999000999000999,0.003996003996004,0.003996003996004,0.001998001998002,0.999269810644155,0.000730189355844669,0.0825428085372413,0.999269810644155,0.000730189355844669,0.0825428085372413,NA,NA,-3.7419963671376,-1.16792789547237,-4.22405522803588,-0.858724322911313,0.572702012092733,0.916842533810465,0.0824875083342659,0.000669957855268839,0,0
"Oenanthe oenanthe",0.899583136452315,1,0.855144855144855,0.855144855144855,0.996003996003996,1,1,1,1,0.002997002997003,0.132867132867133,0.132867132867133,0.00899100899100899,0.003996003996004,0.000999000999000999,0.000999000999000999,0.000999000999000999,0.996900205687302,0.00309979431269799,0.00354966354247117,0.999156858220203,0.000843141779796777,0.000874798890477171,NA,NA,0.0267534211367474,0.941278430385627,-0.207598589525325,0.76469504312744,0.293432373055413,0.993372475674399,0.000869762006388693,0.000838260609683626,0.00266893724633221,0.00225056446319643
"Oriolus oriolus",0.885604310551763,1,1,1,0.999000999000999,1,1,1,1,0.002997002997003,0.002997002997003,0.002997002997003,0.004995004995005,0.002997002997003,0.002997002997003,0.002997002997003,0.004995004995005,0.99695448745927,0.00304551254072974,0.00410750225548454,0.99695448745927,0.00304551254072974,0.00410750225548454,NA,NA,-0.673568067295127,0.764493828661785,-0.787674021413716,0.583168915420966,0.214240269153827,0.992871914934625,0.00409504403260145,0.00303304103277361,0,0
"Otus scops",0.8048051533392,0.999000999000999,0.996003996003996,0.996003996003996,0.993006993006993,1,1,1,0.996003996003996,0.002997002997003,0.003996003996004,0.003996003996004,0.00999000999000999,0.003996003996004,0.000999000999000999,0.000999000999000999,0.004995004995005,0.989365259107381,0.0106347408926185,0.00246455662743768,0.989645149602539,0.0103548503974609,0.00233554042609278,NA,NA,-1.76880846796065,-1.02581047039502,-1.80996723788665,-0.724737543898441,0.303873248923029,0.986952780355642,0.00231046429994083,0.01032667961243,0.000127946316898857,0.000282129415088593
"Passer italiae",0.780527772105943,0.989010989010989,0.91008991008991,0.91008991008991,0.98001998001998,0.992007992007992,0.903096903096903,0.903096903096903,0.984015984015984,0.018981018981019,0.114885114885115,0.114885114885115,0.026973026973027,0.011988011988012,0.0819180819180819,0.0819180819180819,0.018981018981019,0.962816655174082,0.0371833448259183,0.028709713247423,0.962965334748207,0.0370346652517933,0.028378083201791,NA,NA,-1.55606524248816,-1.34048934981505,-1.53371033322847,-1.85771158328631,0.517705109850203,0.936173852370434,0.0273427544342095,0.0360042921473247,0.000328975858854857,0.000150125189176745
"Perdix perdix",0.815803492694607,0.995004995004995,0.995004995004995,0.995004995004995,0.972027972027972,0.995004995004995,0.995004995004995,0.995004995004995,0.972027972027972,0.00599400599400599,0.00599400599400599,0.00599400599400599,0.013986013986014,0.00899100899100899,0.00899100899100899,0.00899100899100899,0.021978021978022,0.998983566596253,0.00101643340374665,0.0220987649472539,0.998983566596253,0.00101643340374665,0.0220987649472539,NA,NA,-0.398647992893945,1.10660507989239,-0.616190852800238,0.991693540442334,0.246027554950641,0.976929207280381,0.0220767989117344,0.000993993807884968,0,0
"Periparus ater",0.873518472439353,1,0.989010989010989,0.989010989010989,0.97002997002997,1,1,1,0.985014985014985,0.003996003996004,0.012987012987013,0.012987012987013,0.01998001998002,0.002997002997003,0.000999000999000999,0.000999000999000999,0.018981018981019,0.995477215187519,0.00452278481248118,0.00486644998060115,0.996159485882225,0.00384051411777526,0.00471994225781975,NA,NA,0.0927582735591392,0.351530266537123,-0.235513045507833,0.320296292109207,0.32975387803714,0.990654579327212,0.0046980067323728,0.00381929093851413,0.000146539970183229,0.00068158303171738
"Pernis apivorus",0.803812942348548,0.994005994005994,0.948051948051948,0.948051948051948,0.96003996003996,0.996003996003996,0.939060939060939,0.939060939060939,0.958041958041958,0.011988011988012,0.0669330669330669,0.0669330669330669,0.0539460539460539,0.00799200799200799,0.0589410589410589,0.0589410589410589,0.043956043956044,0.986546859606656,0.0134531403933443,0.00654411811540743,0.986546859606656,0.0134531403933443,0.00638907389735239,NA,NA,-0.0617747967353906,1.08417422265689,-0.411429115806828,0.771014936148117,0.469389903568443,0.980177074181391,0.00630269212517557,0.0133662782065489,0.000153955486884815,0
"Phasianus colchicus",0.821961130822878,0.997002997002997,0.937062937062937,0.937062937062937,0.962037962037962,0.992007992007992,0.939060939060939,0.939060939060939,0.969030969030969,0.012987012987013,0.0619380619380619,0.0619380619380619,0.030969030969031,0.00799200799200799,0.0529470529470529,0.0529470529470529,0.037962037962038,0.986132184634819,0.0138678153651812,0.00404668802646699,0.986301595791481,0.0136984042085188,0.00404668802646699,NA,NA,-0.236951576207848,0.498399807844076,-0.504772079308895,0.367859048189258,0.297940785748704,0.982196734956646,0.00399079326229467,0.0136413932058243,0,0.000171078575234867
"Phoenicurus phoenicurus",0.875724149448351,1,0.976023976023976,0.976023976023976,0.968031968031968,1,0.992007992007992,0.992007992007992,0.988011988011988,0.000999000999000999,0.043956043956044,0.043956043956044,0.030969030969031,0.002997002997003,0.012987012987013,0.012987012987013,0.013986013986014,0.992276696675225,0.00772330332477537,0.00651625521803713,0.993011545540946,0.00698845445905408,0.0053010986641163,NA,NA,0.0946167455647162,1.00936138149143,-0.20481385346968,0.736701493393207,0.404971725205391,0.985860383883688,0.0052539951104724,0.00693812718159644,0.00121225851922142,0.000735235305021875
"Phylloscopus bonelli",0.850004735473632,0.999000999000999,0.997002997002997,0.997002997002997,0.997002997002997,0.998001998001998,0.997002997002997,0.997002997002997,0.998001998001998,0.000999000999000999,0.004995004995005,0.004995004995005,0.004995004995005,0.002997002997003,0.00899100899100899,0.00899100899100899,0.00599400599400599,0.992739488968224,0.00726051103177613,0.00913782905308144,0.992796958691051,0.00720304130894931,0.00913782905308144,NA,NA,-0.898741194229289,-0.935148516604026,-0.905478638914195,-1.05986219459142,0.124895534900277,0.9837332713113,0.00907208563475656,0.00713728152389333,3.46944695195361e-18,5.7361530050426e-05
"Phylloscopus trochilus",0.881522316170723,1,0.995004995004995,0.995004995004995,0.983016983016983,1,1,1,1,0.000999000999000999,0.00899100899100899,0.00899100899100899,0.013986013986014,0.002997002997003,0.000999000999000999,0.000999000999000999,0.000999000999000999,0.99737126780507,0.00262873219493043,0.00966284504073951,0.998046263424043,0.00195373657595691,0.00776897801224501,NA,NA,0.380789579104011,1.31049377063216,0.0979454635338423,1.013810383848,0.409904654409276,0.987758913891818,0.00773396226621834,0.00193359846033309,0.00190372654990857,0.000669798831721663
"Pica pica",0.901354892051547,1,0.992007992007992,0.992007992007992,0.992007992007992,1,1,1,0.998001998001998,0.001998001998002,0.012987012987013,0.012987012987013,0.013986013986014,0.001998001998002,0.000999000999000999,0.000999000999000999,0.003996003996004,0.994954942700963,0.00504505729903643,0.00382990082396719,0.995340192550241,0.00465980744975898,0.00281235839668525,NA,NA,-0.204224187561713,0.745704131955133,-0.432149292879356,0.501304412824176,0.334187187584068,0.991163515276041,0.00279536861306543,0.00464025382173991,0.00101528377148393,0.000385578517669757
"Picus canus",0.812331334393236,1,0.995004995004995,0.995004995004995,0.986013986013986,1,1,1,0.988011988011988,0.001998001998002,0.013986013986014,0.013986013986014,0.01998001998002,0.00599400599400599,0.000999000999000999,0.000999000999000999,0.017982017982018,0.991057809647763,0.00894219035223707,0.00438694890706395,0.992003606194428,0.00799639380557246,0.00438694890706395,NA,NA,-0.0367712628550457,1.47936006861787,-0.254314169315523,1.39647772464229,0.232796905250387,0.98674879877461,0.00434789053797454,0.0079540355830429,0,0.000949275104372911
"Pluvialis apricaria",0.79666575001314,1,0.965034965034965,0.965034965034965,1,0.998001998001998,1,1,1,0.003996003996004,0.041958041958042,0.041958041958042,0.001998001998002,0.000999000999000999,0.000999000999000999,0.000999000999000999,0.000999000999000999,0.993000081645038,0.00699991835496195,0.0250314176843361,0.999706470968117,0.000293529031882999,0.0018540664730528,NA,NA,2.12225915884097,1.8106976526561,2.00994810095634,1.82686420783281,0.113468635443666,0.968313547687898,0.00179865250547802,0.00028431159191835,0.0230619033126473,0.00654158490205774
"Poecile lugubris",0.571255715046907,0.918081918081918,0.896103896103896,0.896103896103896,0.95004995004995,0.928071928071928,0.907092907092907,0.907092907092907,0.946053946053946,0.0659340659340659,0.0859140859140859,0.0859140859140859,0.050949050949051,0.0829170829170829,0.103896103896104,0.103896103896104,0.0599400599400599,0.917508274814292,0.0824917251857084,0.00339754634545739,0.9176521285217,0.0823478714783006,0.00339754634545739,NA,NA,-1.76313901963145,0.523822378454839,-1.02943386594814,0.0325340938965089,0.882999111599611,0.914647345645407,0.00311815080846374,0.082078229566702,0,0.00015627397942708
"Poecile montanus",0.866362019151341,0.998001998001998,0.986013986013986,0.986013986013986,0.98001998001998,0.999000999000999,1,1,0.993006993006993,0.002997002997003,0.00999000999000999,0.00999000999000999,0.017982017982018,0.003996003996004,0.000999000999000999,0.000999000999000999,0.00899100899100899,0.995010006284579,0.0049899937154205,0.00677894119154406,0.995882998979454,0.00411700102054611,0.00529322797456791,NA,NA,0.456748478643869,1.42667366900853,0.119342579507946,1.16212732904449,0.428751101176531,0.988298323009769,0.00525912608388285,0.00408564581241452,0.00148621640756836,0.000870688686365279
"Poecile palustris",0.82616040294398,1,0.988011988011988,0.988011988011988,0.965034965034965,1,0.991008991008991,0.991008991008991,0.951048951048951,0.002997002997003,0.033966033966034,0.033966033966034,0.045954045954046,0.001998001998002,0.00899100899100899,0.00899100899100899,0.033966033966034,0.989239578121272,0.0107604218787277,0.00763257670718549,0.989863995051876,0.0101360049481235,0.00763257670718549,NA,NA,-0.217569143517452,0.866137168055218,-0.415940438438763,0.584231301395372,0.34470579964079,0.9817697636602,0.00755106712901516,0.0100531216734036,0,0.000626047537381323
"Porzana porzana",0.775920063552531,1,0.997002997002997,0.997002997002997,0.982017982017982,1,0.997002997002997,0.997002997002997,0.974025974025974,0.002997002997003,0.00599400599400599,0.00599400599400599,0.030969030969031,0.002997002997003,0.00599400599400599,0.00599400599400599,0.026973026973027,0.985960036643548,0.014039963356452,0.0253684173665914,0.985960036643548,0.014039963356452,0.0253684173665914,NA,NA,-0.400280596133954,1.59358211230865,-0.365867514184069,1.40886672159477,0.187893682107389,0.961290175235266,0.0250211575433264,0.0136886672214077,0,0
"Prunella modularis",0.89728923618884,1,0.992007992007992,0.992007992007992,0.982017982017982,1,1,1,0.997002997002997,0.002997002997003,0.011988011988012,0.011988011988012,0.018981018981019,0.001998001998002,0.000999000999000999,0.000999000999000999,0.00799200799200799,0.996890716041133,0.00310928395886728,0.00794874314682615,0.997506616006103,0.00249338399389732,0.00643410982857701,NA,NA,0.314613952064997,0.700672242570493,0.134706748408245,0.496621211381192,0.272035705849451,0.988991130610325,0.00640448471186698,0.00247209854611642,0.00151973938180215,0.000612546749889943
"Ptyonoprogne rupestris",0.839422816029043,0.999000999000999,0.993006993006993,0.993006993006993,1,0.997002997002997,0.995004995004995,0.995004995004995,1,0.002997002997003,0.00699300699300699,0.00699300699300699,0.001998001998002,0.002997002997003,0.003996003996004,0.003996003996004,0.000999000999000999,0.985868975069661,0.0141310249303392,0.0017281834624724,0.98618770743475,0.0138122925652502,0.00170816991369279,NA,NA,-1.69879088793072,-1.20622493245835,-1.53051318318441,-1.35806909965977,0.226658414862055,0.98418924749993,0.00168403908686099,0.013784302647011,1.97649806242719e-05,0.000322645785574191
"Pyrrhula pyrrhula",0.896181845875511,1,0.991008991008991,0.991008991008991,0.984015984015984,1,0.997002997002997,0.997002997002997,0.994005994005994,0.000999000999000999,0.013986013986014,0.013986013986014,0.021978021978022,0.000999000999000999,0.00799200799200799,0.00799200799200799,0.010989010989011,0.994941082634078,0.00505891736592161,0.00817217505324808,0.995550304457527,0.00444969554247299,0.00673434478817676,NA,NA,0.397980268037718,0.79053206682212,0.140652769703624,0.527047829304046,0.368295241374857,0.986851048688762,0.00669085373240522,0.00441081348955835,0.00144031512424486,0.000606968965029107
"Rallus aquaticus",0.86308830923748,1,0.998001998001998,0.998001998001998,1,1,1,1,1,0.004995004995005,0.00599400599400599,0.00599400599400599,0.004995004995005,0.002997002997003,0.000999000999000999,0.000999000999000999,0.000999000999000999,0.995409904564342,0.00459009543565826,0.00226297646599614,0.995559937012731,0.00444006298726841,0.00219446931325187,NA,NA,-0.533904681468537,0.341758804842954,-0.567552417727846,0.510943351729233,0.172498061034006,0.993167631684532,0.00218426920238325,0.00442939362830057,6.83433841783599e-05,0.000150362100605804
"Regulus ignicapilla",0.859107357393696,0.995004995004995,0.997002997002997,0.997002997002997,1,0.993006993006993,0.996003996003996,0.996003996003996,0.998001998001998,0.00999000999000999,0.004995004995005,0.004995004995005,0.002997002997003,0.00599400599400599,0.010989010989011,0.010989010989011,0.001998001998002,0.993475245483835,0.00652475451616517,0.00401671856256811,0.993475245483835,0.00652475451616517,0.0038374631955426,NA,NA,-0.447593611587719,-0.492713021281253,-0.578175476932817,-0.33630626806611,0.203751554615684,0.989510668220946,0.00381183856108014,0.00649871673261867,0.000178776485355194,0
"Regulus regulus",0.881451447898314,0.999000999000999,0.938061938061938,0.938061938061938,0.964035964035964,0.999000999000999,1,1,0.996003996003996,0.003996003996004,0.050949050949051,0.050949050949051,0.040959040959041,0.002997002997003,0.000999000999000999,0.000999000999000999,0.004995004995005,0.995722652040945,0.00427734795905481,0.0074226269838294,0.997344242945833,0.00265575705416671,0.00574340901221005,NA,NA,0.388625780529254,0.714725684480344,0.0975709644549601,0.550892939036519,0.333997117412264,0.988363153913807,0.00570936506428914,0.00263184195091164,0.00168174742276112,0.00161389164823154
"Remiz pendulinus",0.814039365637189,0.998001998001998,1,1,1,0.997002997002997,0.999000999000999,0.999000999000999,0.999000999000999,0.00599400599400599,0.00599400599400599,0.00599400599400599,0.00999000999000999,0.003996003996004,0.001998001998002,0.001998001998002,0.002997002997003,0.990459750184577,0.00954024981542283,0.00922990806378067,0.990459750184577,0.00954024981542283,0.00922990806378067,NA,NA,-0.84723085187888,1.11672911585382,-1.03345479156897,1.15000019433224,0.189172726302748,0.981404315923548,0.00914265749753276,0.00945302657891952,0,0
"Riparia riparia",0.850582405089193,1,0.98001998001998,0.98001998001998,0.993006993006993,1,1,1,1,0.002997002997003,0.028971028971029,0.028971028971029,0.00899100899100899,0.002997002997003,0.000999000999000999,0.000999000999000999,0.000999000999000999,0.99578946910394,0.00421053089606037,0.00508640865436677,0.996587769526327,0.00341223047367351,0.00340214618966766,NA,NA,-0.186144890079128,1.11818984998722,-0.387156134909287,0.825236052501121,0.355285023621452,0.990745695216511,0.00338216832298334,0.00339222771566365,0.001682932327225,0.000796976417617359
"Saxicola rubetra",0.85951550315477,1,0.998001998001998,0.998001998001998,0.976023976023976,1,1,1,0.997002997002997,0.000999000999000999,0.000999000999000999,0.000999000999000999,0.016983016983017,0.001998001998002,0.000999000999000999,0.000999000999000999,0.002997002997003,0.994186072491181,0.00581392750881876,0.015441244983179,0.99521236791013,0.00478763208986974,0.014280037299371,NA,NA,0.119697494476829,1.23952264136291,-0.106162121168619,1.12764858546036,0.252048349257829,0.978922483847143,0.0141815628286871,0.0047092669346577,0.00117128616646259,0.00101540022304941
"Scolopax rusticola",0.852106250852168,1,0.967032967032967,0.967032967032967,0.993006993006993,1,1,1,1,0.000999000999000999,0.028971028971029,0.028971028971029,0.012987012987013,0.000999000999000999,0.000999000999000999,0.000999000999000999,0.000999000999000999,0.996514776028656,0.00348522397134437,0.00599127696198248,0.997861634398058,0.00213836560194216,0.0047592989261438,NA,NA,0.356591376268123,1.0830049356939,0.0535089708855728,0.947105490965004,0.332155992765589,0.990565063940493,0.0047369397573881,0.00212272943081307,0.00123358093260428,0.00134168593870113
"Serinus serinus",0.892772315638018,1,0.986013986013986,0.986013986013986,0.993006993006993,1,0.985014985014985,0.985014985014985,1,0.002997002997003,0.014985014985015,0.014985014985015,0.00599400599400599,0.000999000999000999,0.014985014985015,0.014985014985015,0.000999000999000999,0.996297241513685,0.00370275848631522,0.00310298270323313,0.996297241513685,0.00370275848631522,0.0030448039990397,NA,NA,-0.838733253217193,0.0141038115842221,-0.778276982875767,-0.0453541639217389,0.0847951146874808,0.993217160069439,0.00303338765174696,0.0036913113024518,5.81409763624136e-05,0
"Sitta europaea",0.84743481358145,1,0.991008991008991,0.991008991008991,1,1,0.995004995004995,0.995004995004995,0.999000999000999,0.000999000999000999,0.011988011988012,0.011988011988012,0.004995004995005,0.002997002997003,0.00799200799200799,0.00799200799200799,0.003996003996004,0.994105163309475,0.00589483669052539,0.00432845156136289,0.994282532654733,0.00571746734526718,0.00432845156136289,NA,NA,-0.442153187350017,0.807792475466978,-0.536707145892982,0.484894796620054,0.336457073162203,0.989827483221261,0.00430304584071683,0.0056918492751303,0,0.000177621662892228
"Sitta neumayer",0.593323480646045,0.977022977022977,0.975024975024975,0.975024975024975,0.993006993006993,0.968031968031968,0.972027972027972,0.972027972027972,0.993006993006993,0.023976023976024,0.021978021978022,0.021978021978022,0.004995004995005,0.026973026973027,0.018981018981019,0.018981018981019,0.00699300699300699,0.91581672047536,0.0841832795246396,0.00612293668589751,0.916627514660288,0.0833724853397116,0.00612293668589751,NA,NA,-2.25770413761368,-1.65099514133239,-2.05580458504341,-2.23889031291797,0.621598071185649,0.910678640975133,0.00561037965932784,0.0828314014466679,0,0.000879577918871194
"Somateria mollissima",0.810961466889661,1,0.937062937062937,0.937062937062937,1,1,1,1,1,0.003996003996004,0.04995004995005,0.04995004995005,0.003996003996004,0.001998001998002,0.000999000999000999,0.000999000999000999,0.000999000999000999,0.977718032061685,0.0222819679383152,0.0192970274407938,0.983582381162114,0.016417618837886,0,NA,NA,2.52723874701383,-0.450417438138299,2.13088260619302,-0.419085799590926,0.397592582853897,0.959263440381731,0,0.0160116954420218,0.0188751675583189,0.00584969661792855
"Spinus spinus",0.872614389161154,1,0.927072927072927,0.927072927072927,0.989010989010989,0.998001998001998,0.973026973026973,0.973026973026973,1,0.001998001998002,0.0629370629370629,0.0629370629370629,0.00699300699300699,0.002997002997003,0.01998001998002,0.01998001998002,0.000999000999000999,0.993178188609629,0.00682181139037105,0.00423912131082835,0.994678600158519,0.00532139984148076,0.00182639708110666,NA,NA,0.583031258865315,1.30592637114967,0.280632862426975,0.893837791171576,0.511137738693635,0.988996586068815,0.00180960553628997,0.00529100181253812,0.00240071904470765,0.00150208753764912
"Sterna paradisaea",0.766490225145906,1,0.976023976023976,0.976023976023976,1,1,1,1,1,0.000999000999000999,0.023976023976024,0.023976023976024,0.000999000999000999,0.000999000999000999,0.000999000999000999,0.000999000999000999,0.000999000999000999,0.994022496882033,0.00597750311796687,0.0362750552427837,0.999052167544329,0.000947832455671277,0.00269935694933267,NA,NA,2.20437462537828,1.36291549747485,2.0024752181785,1.24704309307115,0.232786994331546,0.958172040416397,0.00259344900053661,0.000909048183395423,0.0334725923396632,0.00485287006000768
"Streptopelia decaocto",0.799486030167255,0.983016983016983,0.972027972027972,0.972027972027972,0.993006993006993,0.984015984015984,0.983016983016983,0.983016983016983,0.985014985014985,0.025974025974026,0.033966033966034,0.033966033966034,0.012987012987013,0.014985014985015,0.011988011988012,0.011988011988012,0.011988011988012,0.995552159235256,0.00444784076474431,0.00349207704199845,0.996051319159934,0.00394868084006566,0.00342678078481166,NA,NA,-0.366285559775332,0.577218069133563,-0.707825430294942,0.0236375592069725,0.650462038957798,0.992091023754678,0.00341136846890582,0.00393298090343898,6.52303697091972e-05,0.00049939650326828
"Streptopelia turtur",0.883097187759001,0.996003996003996,0.989010989010989,0.989010989010989,0.993006993006993,0.999000999000999,0.997002997002997,0.997002997002997,0.994005994005994,0.004995004995005,0.014985014985015,0.014985014985015,0.014985014985015,0.000999000999000999,0.004995004995005,0.004995004995005,0.00799200799200799,0.997378746339277,0.00262125366072263,0.00809932530903269,0.997421306549054,0.00257869345094614,0.0079880816593775,NA,NA,-0.773700156932409,0.153844081005442,-0.943756494299051,0.0428080466762976,0.203096427339577,0.989321655097091,0.00796641857037903,0.00255775293361712,0.000111847857253385,4.2325541659784e-05
"Strix aluco",0.890828729024346,1,0.987012987012987,0.987012987012987,0.987012987012987,1,1,1,0.993006993006993,0.001998001998002,0.014985014985015,0.014985014985015,0.00999000999000999,0.002997002997003,0.000999000999000999,0.000999000999000999,0.00799200799200799,0.997069647531482,0.0029303524685181,0.0043668584817217,0.997856696035325,0.00214330396467513,0.00434478709237783,NA,NA,-0.411638729147602,0.620506143019206,-0.537402977877809,0.342133054465254,0.305463946628305,0.992728288866848,0.00433201473742215,0.00213228862002661,2.21030269508737e-05,0.000785304748752446
"Sturnus unicolor",0.853588376787778,1,0.995004995004995,0.995004995004995,1,1,0.997002997002997,0.997002997002997,0.999000999000999,0.001998001998002,0.003996003996004,0.003996003996004,0.001998001998002,0.000999000999000999,0.000999000999000999,0.000999000999000999,0.000999000999000999,0.983973478107752,0.0160265218922477,0.00758431707427132,0.984061962369083,0.0159380376309166,0.00752278791511821,NA,NA,-3.40360859125274,-1.90666469820619,-3.67826805554867,-1.86694925110798,0.277516014070432,0.976629420781608,0.00740266468060369,0.0158176589027018,6.10093812903846e-05,8.9246253796367e-05
"Sturnus vulgaris",0.880145701591906,1,0.937062937062937,0.937062937062937,0.964035964035964,1,0.985014985014985,0.985014985014985,0.975024975024975,0.003996003996004,0.0829170829170829,0.0829170829170829,0.047952047952048,0.003996003996004,0.022977022977023,0.022977022977023,0.037962037962038,0.994430413666248,0.00556958633375245,0.00485512107162305,0.995865971707885,0.00413402829211502,0.00401469462478781,NA,NA,0.0286584372730806,1.0173864721447,-0.289060865679721,0.621701134671431,0.50745683733708,0.989629094186733,0.00398907351697158,0.0041081378320939,0.000839137098402597,0.00143455736579868
"Sylvia atricapilla",0.895228101130418,1,0.982017982017982,0.982017982017982,0.99000999000999,1,1,1,0.995004995004995,0.001998001998002,0.01998001998002,0.01998001998002,0.013986013986014,0.001998001998002,0.000999000999000999,0.000999000999000999,0.004995004995005,0.997030880101422,0.00296911989857819,0.00214106844533566,0.99779992479218,0.00220007520781944,0.0018231943222534,NA,NA,-0.33575286515441,0.554952187268858,-0.480992471167773,0.329683089178276,0.268031173018105,0.994902493428634,0.00181721371093493,0.00219368658546048,0.000317511216111651,0.000769095058858828
"Sylvia borin",0.872532160582385,1,0.991008991008991,0.991008991008991,0.978021978021978,1,1,1,0.982017982017982,0.001998001998002,0.00999000999000999,0.00999000999000999,0.026973026973027,0.001998001998002,0.000999000999000999,0.000999000999000999,0.012987012987013,0.994294263161685,0.00570573683831473,0.0141279449123388,0.994928174635537,0.00507182536446269,0.0129095188622992,NA,NA,0.12366432611464,1.07142323874052,-0.167405557171785,0.861332854608008,0.358970258463454,0.980325952989284,0.0128210499677092,0.0049973879125832,0.00122741706053733,0.000628192069886613
"Sylvia communis",0.881729594948446,1,0.991008991008991,0.991008991008991,0.99000999000999,1,1,1,0.988011988011988,0.002997002997003,0.016983016983017,0.016983016983017,0.01998001998002,0.004995004995005,0.000999000999000999,0.000999000999000999,0.011988011988012,0.996421377370944,0.00357862262905568,0.00386482302756308,0.997160248649126,0.00283975135087399,0.00363522075657692,NA,NA,-0.316941298398497,0.641437924502777,-0.402814294890945,0.549394200411538,0.125881764649119,0.992584113262444,0.00362142705798977,0.00282671925631976,0.000229618489251377,0.000738121933995038
"Sylvia conspicillata",0.829568045445795,1,0.993006993006993,0.993006993006993,1,1,0.993006993006993,0.993006993006993,1,0.000999000999000999,0.00699300699300699,0.00699300699300699,0.000999000999000999,0.000999000999000999,0.004995004995005,0.004995004995005,0.000999000999000999,0.955141323178895,0.0448586768211051,0.000536468958998262,0.955346541314226,0.0446534586857742,0.000358016530809462,NA,NA,-3.54383455736301,-1.63152127325385,-3.49455123229497,-1.48833877319851,0.151426795686436,0.954651893479981,0.000341903566163016,0.0446209904378388,0.000170512436617495,0.000214700079399617
"Sylvia curruca",0.831974637465648,1,0.968031968031968,0.968031968031968,0.95004995004995,1,0.994005994005994,0.994005994005994,0.97002997002997,0.001998001998002,0.021978021978022,0.021978021978022,0.038961038961039,0.002997002997003,0.00599400599400599,0.00599400599400599,0.01998001998002,0.992866341676007,0.00713365832399346,0.00782619599723756,0.993414615867602,0.00658538413239789,0.0075011735103073,NA,NA,0.00912135424536112,1.43324278583139,-0.265451989347489,1.12724021010469,0.411130268118426,0.985150975482959,0.00744563943423757,0.00653060413883262,0.000325160993968405,0.000547619950002081
"Sylvia hortensis",0.640323295707104,0.995004995004995,0.999000999000999,0.999000999000999,1,0.992007992007992,0.997002997002997,0.997002997002997,0.999000999000999,0.003996003996004,0.002997002997003,0.002997002997003,0.000999000999000999,0.00799200799200799,0.004995004995005,0.004995004995005,0.000999000999000999,0.998511083107175,0.00148891689282501,0.0703541280926903,0.998511083107175,0.00148891689282501,0.0703541280926903,NA,NA,-2.71482428093832,-1.38089616715554,-3.29259538557562,-1.13562186671032,0.62767741062802,0.928358953410584,0.0702567361378616,0.0013843104515546,0,0
"Sylvia melanocephala",0.835483286957657,1,0.998001998001998,0.998001998001998,1,1,1,1,1,0.001998001998002,0.003996003996004,0.003996003996004,0.001998001998002,0.001998001998002,0.003996003996004,0.003996003996004,0.001998001998002,0.986567093318292,0.0134329066817082,0.00416618657796515,0.986609320494391,0.013390679505609,0.00416618657796515,NA,NA,-3.24749875390286,-1.97912763595419,-3.05020537051872,-2.18037133857931,0.281822119382831,0.982511856024956,0.00411045261979676,0.0133350669826416,8.67361737988404e-19,4.26243726052607e-05
"Sylvia ruppeli",0.579435320197461,0.987012987012987,0.977022977022977,0.977022977022977,0.993006993006993,0.988011988011988,0.981018981018981,0.981018981018981,0.994005994005994,0.013986013986014,0.025974025974026,0.025974025974026,0.00599400599400599,0.016983016983017,0.025974025974026,0.025974025974026,0.00999000999000999,0.869115174335658,0.130884825664342,0.110908320486597,0.869115174335658,0.130884825664342,0.110908320486597,NA,NA,-4.39926610032646,-3.22500292405764,-4.19706145096463,-3.87770747588711,0.683308094641393,0.784105312270587,0.0978119639092159,0.118082723820197,0,0
"Sylvia undata",0.853536144294468,0.999000999000999,0.999000999000999,0.999000999000999,0.999000999000999,0.999000999000999,0.997002997002997,0.997002997002997,0.999000999000999,0.001998001998002,0.003996003996004,0.003996003996004,0.001998001998002,0.002997002997003,0.000999000999000999,0.000999000999000999,0.000999000999000999,0.984699029054698,0.0153009709453016,0.00776474880009822,0.984699029054698,0.0153009709453016,0.00776474880009822,NA,NA,-2.25919895463186,-1.81203659831155,-2.38490436708489,-1.85786843968597,0.133799881927291,0.977169184158138,0.00764684911265689,0.0151839667292057,0,0
"Tetrao urogallus",0.804340335071399,0.998001998001998,0.993006993006993,0.993006993006993,0.993006993006993,0.996003996003996,0.99000999000999,0.99000999000999,1,0.00999000999000999,0.01998001998002,0.01998001998002,0.016983016983017,0.00599400599400599,0.010989010989011,0.010989010989011,0.000999000999000999,0.996626294965735,0.0033737050342654,0.0153070821433131,0.996731610577341,0.00326838942265863,0.00953961623603768,NA,NA,1.36383105388944,1.94421589900807,1.2007518760335,1.90791574417691,0.16707040279755,0.981421536561388,0.00945255860612919,0.00321818605452738,0.0058036698128388,0.000104048965117039
"Tringa nebularia",0.731161088233901,0.999000999000999,0.978021978021978,0.978021978021978,1,1,0.98001998001998,0.98001998001998,1,0.001998001998002,0.037962037962038,0.037962037962038,0.001998001998002,0.001998001998002,0.01998001998002,0.01998001998002,0.000999000999000999,0.99484406908288,0.00515593091712033,0.0459804495137665,0.995563889286249,0.0044361107137516,0.0176126613997503,NA,NA,2.00712143491828,2.86283922564022,1.78095219975565,2.45975456272201,0.462201004341109,0.949325750164743,0.0170199190672991,0.00423007923094249,0.0287343054717277,0.000689946065288204
"Tringa totanus",0.868234005304347,1,0.83016983016983,0.83016983016983,1,1,0.946053946053946,0.946053946053946,1,0.000999000999000999,0.193806193806194,0.193806193806194,0.000999000999000999,0.001998001998002,0.043956043956044,0.043956043956044,0.000999000999000999,0.99501753025639,0.00498246974361003,0.00431610069267262,0.998073645378354,0.00192635462164621,0.000910756744821876,NA,NA,0.0637376041928156,1.42667366900853,-0.193743203832197,1.2357217407534,0.320560455149359,0.990744240202297,0.000903149548700729,0.00191220833735126,0.00339153865944782,0.00304886325220343
"Troglodytes troglodytes",0.912016806585062,1,0.979020979020979,0.979020979020979,0.995004995004995,1,1,1,1,0.001998001998002,0.022977022977023,0.022977022977023,0.00699300699300699,0.001998001998002,0.000999000999000999,0.000999000999000999,0.000999000999000999,0.997688544132361,0.00231145586763897,0.00297853640398742,0.999679161686254,0.000320838313745917,0.00182389105362374,NA,NA,-0.128170454010017,0.321326578618314,-0.319155656924157,0.140158208609259,0.263243852775128,0.994723740913516,0.00181758280489637,0.000319247914640323,0.00115408930287881,0.00198533906406843
"Turdus iliacus",0.835131605677642,1,0.904095904095904,0.904095904095904,1,1,0.99000999000999,0.99000999000999,1,0.002997002997003,0.0989010989010989,0.0989010989010989,0.002997002997003,0.000999000999000999,0.00899100899100899,0.00899100899100899,0.000999000999000999,0.993492931532876,0.00650706846712379,0.0131009897629523,0.998703941518396,0.00129605848160396,0.00218053314070851,NA,NA,1.36281081705894,2.0383460676994,1.43366607006499,2.0343589803545,0.0709673427996811,0.980560782670108,0.00214281776824941,0.00127251337085507,0.0108740326312945,0.00514985355949258
"Turdus philomelos",0.85867080207829,1,0.938061938061938,0.938061938061938,0.971028971028971,0.999000999000999,0.969030969030969,0.969030969030969,0.992007992007992,0.004995004995005,0.0639360639360639,0.0639360639360639,0.034965034965035,0.002997002997003,0.035964035964036,0.035964035964036,0.023976023976024,0.990994714491988,0.00900528550801176,0.00422751083991872,0.991767699889939,0.00823230011006116,0.00307202176099161,NA,NA,0.134579560887415,1.01247816613883,-0.22857439609811,0.690270378367394,0.485488058529568,0.986842842644054,0.00304094453506705,0.00819142067543969,0.00114865586059447,0.000776136284844662
"Turdus pilaris",0.853766625849433,0.999000999000999,0.996003996003996,0.996003996003996,0.975024975024975,0.996003996003996,1,1,0.984015984015984,0.004995004995005,0.00699300699300699,0.00699300699300699,0.01998001998002,0.003996003996004,0.000999000999000999,0.000999000999000999,0.013986013986014,0.996452466333697,0.00354753366630256,0.0159182505825953,0.996747454767513,0.00325254523248751,0.0145067554372724,NA,NA,0.490870988757027,1.64654067578078,0.0775318774616148,1.43613294847671,0.463810988049814,0.980646063883776,0.0144354034873146,0.00320000383706701,0.00142727233913912,0.000291256452703563
"Turdus torquatus",0.856980015092393,1,0.977022977022977,0.977022977022977,0.99000999000999,1,1,1,0.998001998001998,0.001998001998002,0.020979020979021,0.020979020979021,0.00599400599400599,0.000999000999000999,0.000999000999000999,0.000999000999000999,0.004995004995005,0.988790174394488,0.0112098256055121,0.0116496243423487,0.992086447805378,0.00791355219462228,0.00968691095212565,NA,NA,2.79657889980111,-0.0539802463003901,2.78629851968825,-0.212537092655451,0.158889772299312,0.977398779067378,0.00956058749727816,0.00779639341936373,0.00195995105791658,0.0032842889580631
"Turdus viscivorus",0.824599384676534,0.999000999000999,0.994005994005994,0.994005994005994,0.996003996003996,0.999000999000999,1,1,1,0.003996003996004,0.013986013986014,0.013986013986014,0.00899100899100899,0.003996003996004,0.000999000999000999,0.000999000999000999,0.000999000999000999,0.990839662911871,0.00916033708812874,0.00326759430245402,0.991562121310243,0.00843787868975675,0.00209196020847312,NA,NA,0.0377984974767205,0.548518338220301,-0.247647665628744,0.354589463822805,0.345091176874621,0.987631562924633,0.00207041716058533,0.00840443088640887,0.00116734179005078,0.000726247238321929
"Vanellus vanellus",0.838850777106014,1,0.99000999000999,0.99000999000999,0.974025974025974,1,0.996003996003996,0.996003996003996,0.984015984015984,0.001998001998002,0.010989010989011,0.010989010989011,0.024975024975025,0.000999000999000999,0.00699300699300699,0.00699300699300699,0.015984015984016,0.994432919389985,0.0055670806100152,0.00937766507224757,0.995267483361365,0.00473251663863494,0.00816475484162296,NA,NA,0.0735907537766193,1.26040836987127,-0.34999759640139,0.963995038531913,0.516998987815473,0.985158891954406,0.00810979532348464,0.00468445008584752,0.00121615040372201,0.000830712232539698
