"species","D","shift_p_D_NA","shift_p_E_NA","shift_p_S_NA","shift_p_U_NA","shift_p_D_A","shift_p_E_A","shift_p_S_A","shift_p_U_A","cons_p_D_NA","cons_p_E_NA","cons_p_S_NA","cons_p_U_NA","cons_p_D_A","cons_p_E_A","cons_p_S_A","cons_p_U_A","niche_stability_NA","niche_expansion_NA","niche_unfilling_NA","niche_stability_A","niche_expansion_A","niche_unfilling_A","niche_centroid_hist_X","niche_centroid_hist_Y","niche_centroid_rec_X","niche_centroid_rec_Y","niche_centroids_dist","niche_stability_std","niche_unfilling_std","niche_expansion_std","niche_abandonment_std","niche_pioneering_std"
"Accipiter gentilis",0.903028943487656,0.999000999000999,0.97002997002997,0.97002997002997,1,1,0.979020979020979,0.979020979020979,1,0.004995004995005,0.023976023976024,0.023976023976024,0.003996003996004,0.00599400599400599,0.023976023976024,0.023976023976024,0.001998001998002,0.998935119900175,0.00106488009982507,0.0033247808181387,0.998935119900175,0.00106488009982507,0.0033247808181387,-0.137413231148795,0.92255419350762,-0.0769254525471979,0.842437664374453,0.100386401472019,0.995617404551347,0.00332125208407871,0.00106134336457423,0,0
"Accipiter nisus",0.936313635726441,1,0.985014985014985,0.985014985014985,1,1,0.988011988011988,0.988011988011988,1,0.002997002997003,0.01998001998002,0.01998001998002,0.002997002997003,0.002997002997003,0.013986013986014,0.013986013986014,0.002997002997003,0.999425356229745,0.000574643770255175,0.00059140922022594,0.999425356229745,0.000574643770255175,0.00059140922022594,-0.114171491306834,0.500054823997401,-0.0230081643185228,0.505585301153406,0.0913309277580758,0.998834626312715,0.000591069571476637,0.000574304115808139,0,0
"Acrocephalus melanopogon",0.695341519779375,0.956043956043956,0.949050949050949,0.949050949050949,0.98001998001998,0.97002997002997,0.952047952047952,0.952047952047952,0.985014985014985,0.02997002997003,0.047952047952048,0.047952047952048,0.00999000999000999,0.03996003996004,0.0579420579420579,0.0579420579420579,0.016983016983017,0.991869051644203,0.00813094835579699,0.0744788626541978,0.991869051644203,0.00813094835579699,0.0744788626541978,1.16872028541092,-0.176050224009409,0.04046620750221,-1.96967199274525,2.11897057874826,0.918552032993476,0.0739180424363385,0.00752992457018552,0,0
"Acrocephalus palustris",0.886782889105098,1,0.998001998001998,0.998001998001998,0.991008991008991,1,1,1,0.995004995004995,0.002997002997003,0.003996003996004,0.003996003996004,0.011988011988012,0.003996003996004,0.000999000999000999,0.000999000999000999,0.013986013986014,0.993261772212054,0.0067382277879461,0.00351027915565258,0.994006578701942,0.00599342129805816,0.00351027915565258,0.270521117998065,1.09407261020836,0.175073174762162,1.10476147751729,0.0960445821080613,0.989798557882173,0.00348670856643135,0.005968048788314,0,0.000746684763081305
"Acrocephalus schoenobaenus",0.940649140526141,1,0.999000999000999,0.999000999000999,0.999000999000999,1,0.997002997002997,0.997002997002997,1,0.004995004995005,0.004995004995005,0.004995004995005,0.004995004995005,0.000999000999000999,0.001998001998002,0.001998001998002,0.000999000999000999,0.999919807679396,8.01923206041983e-05,0.00636241937097069,0.999919807679396,8.01923206041983e-05,0.00622501868541578,-0.0812649669503377,1.14570131668555,-0.0587125427873616,1.195964301862,0.0550906481580537,0.993558405456161,0.00622366205157931,7.96821440853814e-05,0.000138250348174336,0
"Acrocephalus scirpaceus",0.911088774516165,1,1,1,1,1,0.999000999000999,0.999000999000999,1,0.001998001998002,0.002997002997003,0.002997002997003,0.001998001998002,0.000999000999000999,0.001998001998002,0.001998001998002,0.000999000999000999,0.996919051027067,0.00308094897293257,0.00121709004962459,0.996919051027067,0.00308094897293257,0.00121709004962459,0.227602803933024,0.437791045661112,0.219661041128102,0.475558660379276,0.0385935787139434,0.995709444473427,0.0012133448070773,0.00307721071949539,0,0
"Aegithalos caudatus",0.936052433607021,1,0.998001998001998,0.998001998001998,1,1,0.997002997002997,0.997002997002997,1,0.001998001998002,0.00599400599400599,0.00599400599400599,0.001998001998002,0.001998001998002,0.00599400599400599,0.00599400599400599,0.001998001998002,0.998961218563409,0.00103878143659116,0.00124923158185576,0.998961218563409,0.00103878143659116,0.00124923158185576,0.0794917156058802,0.32137210520833,0.0834330812587107,0.427110866165239,0.1058121917924,0.997714579372966,0.00124793552269772,0.00103748510433612,0,0
"Alectoris graeca",0.919598190579093,1,0.852147852147852,0.852147852147852,1,1,0.86013986013986,0.86013986013986,1,0.000999000999000999,0.143856143856144,0.143856143856144,0.000999000999000999,0.000999000999000999,0.122877122877123,0.122877122877123,0.000999000999000999,0.998977781427131,0.00102221857286915,0.00110586762141795,0.999045890722955,0.00095410927704454,0.00100273332141718,-1.11571469516037,1.14201283928583,-1.73787895501592,1.44386315396504,0.691521495481908,0.997874172279439,0.00100160602686425,0.000952990261944809,0.000103132404970724,6.80990267811605e-05
"Alectoris rufa",0.900265778993942,0.999000999000999,0.968031968031968,0.968031968031968,1,0.999000999000999,1,1,1,0.002997002997003,0.031968031968032,0.031968031968032,0.001998001998002,0.001998001998002,0.000999000999000999,0.000999000999000999,0.000999000999000999,0.99261986815485,0.00738013184515007,0.00200084337917003,0.994490436490831,0.00550956350916904,0.00200084337917003,0.646466335223437,-0.437306534500943,0.538535895572626,-0.4574792180145,0.109799439722412,0.990648419661561,0.00198610621904379,0.005488278401794,0,0.00187719571760105
"Anas crecca",0.944130342325065,1,1,1,1,1,1,1,1,0.001998001998002,0.001998001998002,0.001998001998002,0.001998001998002,0.001998001998002,0.001998001998002,0.001998001998002,0.000999000999000999,0.999837780084904,0.000162219915096373,0.00365325216782678,0.999837780084904,0.000162219915096373,0.0036271806787756,0.263010034475231,0.795771782107457,0.323934477547257,0.824940973205588,0.0675472388255499,0.996185710917127,0.00362649953214552,0.000161627380625159,2.61621701026071e-05,0
"Anser brachyrhynchus",0.645500376405762,0.988011988011988,0.98001998001998,0.98001998001998,1,0.987012987012987,0.988011988011988,0.988011988011988,1,0.01998001998002,0.023976023976024,0.023976023976024,0.001998001998002,0.015984015984016,0.011988011988012,0.011988011988012,0.000999000999000999,0.94277357460292,0.0572264253970805,0.00694922395821693,0.94493410791317,0.0550658920868296,0,1.12559094815873,-1.35510755080144,0.974829676150982,-1.35522191324146,0.150761315383493,0.936594494083716,0,0.0545799023534367,0.00655415116169928,0.00227145240114758
"Anthus campestris",0.894840753073966,0.999000999000999,0.999000999000999,0.999000999000999,1,1,1,1,1,0.002997002997003,0.002997002997003,0.002997002997003,0.001998001998002,0.00599400599400599,0.00599400599400599,0.00599400599400599,0.003996003996004,0.996863723606484,0.00313627639351577,0.00320509408656385,0.996863723606484,0.00313627639351577,0.00320509408656385,-0.13791650424435,-0.487059218050807,-0.0614813594814317,-0.751298357502006,0.275072089047287,0.993678670099372,0.0031950741427211,0.00312625575790642,0,0
"Anthus petrosus",0.890250352013117,1,0.979020979020979,0.979020979020979,1,1,0.982017982017982,0.982017982017982,1,0.000999000999000999,0.021978021978022,0.021978021978022,0.000999000999000999,0.000999000999000999,0.01998001998002,0.01998001998002,0.000999000999000999,0.987485244821954,0.0125147551780459,0.00734928532728892,0.987485244821954,0.0125147551780459,0.00121263955156457,1.3062581788667,-0.692868526841075,1.54631898707399,-0.681210244121193,0.240343727176544,0.980318098274674,0.00119021580183864,0.012423923355662,0.00606776256782515,0
"Anthus pratensis",0.976787784804482,1,1,1,1,1,1,1,1,0.001998001998002,0.001998001998002,0.001998001998002,0.001998001998002,0.001998001998002,0.001998001998002,0.001998001998002,0.001998001998002,0.999677656420719,0.000322343579281374,0.000303988319271828,0.999677656420719,0.000322343579281374,0.000303988319271828,-0.340504961137674,0.331439480052414,-0.292093105721274,0.314732202357232,0.0512136785716697,0.999373864017458,0.000303890360366751,0.000322245622174904,0,0
"Anthus trivialis",0.964300979823097,1,0.985014985014985,0.985014985014985,1,1,0.979020979020979,0.979020979020979,1,0.001998001998002,0.018981018981019,0.018981018981019,0.001998001998002,0.000999000999000999,0.020979020979021,0.020979020979021,0.000999000999000999,0.999008777189961,0.000991222810038802,0.00271739385838195,0.999020225766004,0.000979774233996191,0.00271739385838195,-0.31985351743456,0.982456593221043,-0.305853399792149,1.00380515442146,0.0255296760521851,0.996296760442298,0.00271470762778679,0.000977103235869698,0,1.14286940458548e-05
"Apus apus",0.952454429795928,1,1,1,1,1,1,1,1,0.001998001998002,0.001998001998002,0.001998001998002,0.001998001998002,0.002997002997003,0.002997002997003,0.002997002997003,0.002997002997003,0.999927311522609,7.26884773914624e-05,0.000904483003076589,0.999927311522609,7.26884773914624e-05,0.000904483003076589,0.0266945882946311,0.463937484238547,0.0561018710825245,0.4812041396707,0.0341016960103133,0.999022959946281,0.00090441731704563,7.26227366737599e-05,0,0
"Apus pallidus",0.668250758465582,0.987012987012987,0.892107892107892,0.892107892107892,1,0.981018981018981,0.908091908091908,0.908091908091908,1,0.014985014985015,0.10989010989011,0.10989010989011,0.001998001998002,0.01998001998002,0.0999000999000999,0.0999000999000999,0.000999000999000999,0.943007872911191,0.0569921270888085,0.000675383129402183,0.943007872911191,0.0569921270888085,0.000617704779532226,2.69494210346318,0.444344057527582,1.758931759024,0.24062569941398,0.957923031526885,0.942407255991755,0.000582489272699729,0.0569558278841172,5.44268514283862e-05,0
"Aquila adalberti",0.701483323318483,0.987012987012987,1,1,0.999000999000999,0.985014985014985,1,1,1,0.012987012987013,0.000999000999000999,0.000999000999000999,0.001998001998002,0.014985014985015,0.003996003996004,0.003996003996004,0.003996003996004,0.896705063616972,0.103294936383028,0.00922188701559265,0.896705063616972,0.103294936383028,0.00922188701559265,2.20164831399675,1.10018644053873,1.59780332174787,1.71053446371723,0.858576428783104,0.88928285877075,0.00827719742797362,0.102439943801276,0,0
"Aquila chrysaetos",0.930975645950382,1,0.998001998001998,0.998001998001998,1,1,1,1,1,0.000999000999000999,0.000999000999000999,0.000999000999000999,0.000999000999000999,0.001998001998002,0.001998001998002,0.001998001998002,0.001998001998002,0.999914594559244,8.54054407557242e-05,0.00635626189046756,1,0,0.00635626189046756,1.16878536678645,-0.0350573539039032,1.3750937025858,0.197201939510315,0.310656576942394,0.993559414891142,0.00635572248138261,0,8.67361737988404e-19,8.48626274758807e-05
"Asio otus",0.88647302518182,1,1,1,1,1,1,1,1,0.002997002997003,0.002997002997003,0.002997002997003,0.002997002997003,0.003996003996004,0.000999000999000999,0.000999000999000999,0.003996003996004,0.998497571948194,0.00150242805180577,0.00173877202589102,0.998840445935387,0.00115955406461292,0.00173877202589102,-0.0650047996699991,0.7988866762713,-0.124080359603573,0.776882825921028,0.0630403934926048,0.996764016228419,0.00173616418154398,0.0011571435369692,0,0.000342676053067677
"Branta leucopsis",0.523470217213134,0.992007992007992,0.993006993006993,0.993006993006993,1,0.99000999000999,0.994005994005994,0.994005994005994,0.999000999000999,0.016983016983017,0.017982017982018,0.017982017982018,0.002997002997003,0.016983016983017,0.015984015984016,0.015984015984016,0.004995004995005,0.968272304908874,0.0317276950911255,0.053695274546924,0.968272304908874,0.0317276950911255,0.053695274546924,-1.77332396745682,0.0509749974726972,-1.14559351269821,-0.380376946214511,0.761649540900659,0.917844322304006,0.0520803727930796,0.0300753049029145,0,0
"Buteo buteo",0.943765475051952,1,1,1,1,1,1,1,1,0.000999000999000999,0.000999000999000999,0.000999000999000999,0.000999000999000999,0.001998001998002,0.001998001998002,0.001998001998002,0.001998001998002,0.999923430722245,7.65692777550793e-05,0.00244600708018083,0.999923430722245,7.65692777550793e-05,0.00244600708018083,0.0975283187649367,0.571231469062869,0.12360158356106,0.491350187227863,0.0840287708153128,0.997477797747674,0.00244582024926054,7.63820030650747e-05,0,0
"Caprimulgus europaeus",0.919280020917821,1,1,1,1,1,1,1,1,0.002997002997003,0.004995004995005,0.004995004995005,0.002997002997003,0.001998001998002,0.002997002997003,0.002997002997003,0.001998001998002,0.997894723197355,0.00210527680264493,0.00111714900912198,0.997894723197355,0.00210527680264493,0.00111714900912198,0.207141578215918,0.542429364533729,0.244766291768177,0.537388681793073,0.0379608686989838,0.996782270436217,0.00111479972313425,0.00210292984064822,0,0
"Caprimulgus ruficollis",0.914691395803766,0.999000999000999,0.996003996003996,0.996003996003996,1,1,0.999000999000999,0.999000999000999,1,0.001998001998002,0.003996003996004,0.003996003996004,0.003996003996004,0.000999000999000999,0.001998001998002,0.001998001998002,0.002997002997003,0.979630179986754,0.0203698200132463,0.00961498968099431,0.979630179986754,0.0203698200132463,0.00961498968099431,1.70151109074716,1.3181929955729,1.80348325182024,1.35913704471642,0.109885107244715,0.970401104414494,0.00942097922338858,0.0201779163621174,0,0
"Carduelis carduelis",0.910899731475659,1,0.901098901098901,0.901098901098901,1,1,0.925074925074925,0.925074925074925,1,0.001998001998002,0.0949050949050949,0.0949050949050949,0.001998001998002,0.000999000999000999,0.0769230769230769,0.0769230769230769,0.000999000999000999,0.995418970241663,0.00458102975833666,0.000131960250522134,0.99543878410775,0.00456121589225005,0,0.218347365507362,0.213774748375782,0.111113782085153,0.358871339773496,0.180421900690584,0.995288216170472,0,0.00456052597250878,0.000131355816093983,1.99020409254232e-05
"Carduelis citrinella",0.949209813448759,1,0.797202797202797,0.797202797202797,1,1,0.858141858141858,0.858141858141858,1,0.001998001998002,0.196803196803197,0.196803196803197,0.001998001998002,0.000999000999000999,0.145854145854146,0.145854145854146,0.000999000999000999,0.995102012372357,0.00489798762764339,0.00240324826438933,0.995945466972194,0.00405453302780634,0.00240324826438933,-2.6655954239701,0.727081453487661,-2.40213122526902,0.514830809838272,0.338324873053664,0.992722220601172,0.00239150533472545,0.00404141106550875,0,0.000844862998593711
"Certhia brachydactyla",0.959676439080701,1,1,1,1,1,1,1,1,0.000999000999000999,0.000999000999000999,0.000999000999000999,0.000999000999000999,0.002997002997003,0.002997002997003,0.002997002997003,0.002997002997003,0.999674174481626,0.000325825518373579,0.000749940015938754,0.999674174481626,0.000325825518373579,0.000749940015938754,-0.384009008063449,0.286564410102111,-0.354059870643248,0.218498528757471,0.0743633984930538,0.998924722902133,0.000749695849532188,0.000325581248334783,0,0
"Cettia cetti",0.868170394824735,1,0.993006993006993,0.993006993006993,1,0.998001998001998,0.982017982017982,0.982017982017982,0.998001998001998,0.002997002997003,0.012987012987013,0.012987012987013,0.002997002997003,0.000999000999000999,0.00799200799200799,0.00799200799200799,0.000999000999000999,0.984996355980928,0.0150036440190715,0.00167063764039399,0.984996355980928,0.0150036440190715,0.00167063764039399,0.806858370556696,0.262005900078869,0.556168493645805,0.296764897937958,0.253088131522925,0.983375432939797,0.00164561323632209,0.0149789538238806,0,0
"Charadrius hiaticula",0.93176167600129,1,0.992007992007992,0.992007992007992,1,1,0.992007992007992,0.992007992007992,1,0.002997002997003,0.010989010989011,0.010989010989011,0.002997002997003,0.003996003996004,0.00999000999000999,0.00999000999000999,0.000999000999000999,0.998687690508032,0.00131230949196804,0.00155802013506061,0.998687690508032,0.00131230949196804,0.00149624860580032,0.16276129628357,0.0968964694231685,-0.0345631061778861,0.183674280115554,0.215562770986398,0.997133753721855,0.00149419567700127,0.00131026756633524,6.17830348086737e-05,0
"Ciconia ciconia",0.784111241516073,0.999000999000999,1,1,0.999000999000999,0.999000999000999,1,1,0.996003996003996,0.004995004995005,0.003996003996004,0.003996003996004,0.00599400599400599,0.004995004995005,0.003996003996004,0.003996003996004,0.00699300699300699,0.986531169330604,0.013468830669396,0.000526404142729966,0.986531169330604,0.013468830669396,0.000526404142729966,-0.593238658069914,-1.3682859025731,-0.582624718489413,-0.992341299244512,0.376094403687837,0.986018846157343,0.000519317776455966,0.0134618360662013,0,0
"Cinclus cinclus",0.942360470834295,1,0.998001998001998,0.998001998001998,1,1,1,1,0.999000999000999,0.001998001998002,0.004995004995005,0.004995004995005,0.003996003996004,0.001998001998002,0.003996003996004,0.003996003996004,0.000999000999000999,0.999328566644655,0.000671433355344869,0.00562034041024376,0.999328566644655,0.000671433355344869,0.00560390496150926,0.956217828436061,-0.204984614998392,0.992264661697527,-0.0530877251752629,0.156115467927172,0.993715749887677,0.00560007088614914,0.000667662190871179,1.65170353028697e-05,0
"Circus aeruginosus",0.87175082413163,1,0.985014985014985,0.985014985014985,1,1,0.976023976023976,0.976023976023976,1,0.002997002997003,0.028971028971029,0.028971028971029,0.002997002997003,0.001998001998002,0.023976023976024,0.023976023976024,0.001998001998002,0.990535663070626,0.00946433692937384,0.000511448163180106,0.990535663070626,0.00946433692937384,0.000511448163180106,0.327341939923648,1.2221523057323,0.209868539779151,1.19510916490745,0.120545971343641,0.990033847701586,0.000506610097697025,0.00945954220071741,0,0
"Circus pygargus",0.849730856062077,1,0.99000999000999,0.99000999000999,1,0.999000999000999,0.988011988011988,0.988011988011988,1,0.001998001998002,0.015984015984016,0.015984015984016,0.000999000999000999,0.003996003996004,0.016983016983017,0.016983016983017,0.003996003996004,0.997897808291658,0.00210219170834254,0.0118684122479541,0.997897808291658,0.00210219170834254,0.0118684122479541,-0.462731863007608,-0.0512898237379497,-0.2549415851875,0.714450082189296,0.793432040622273,0.986078948073581,0.0118437580680832,0.0020772938583362,0,0
"Coccothraustes coccothraustes",0.851045601143905,1,0.993006993006993,0.993006993006993,0.998001998001998,1,0.999000999000999,0.999000999000999,1,0.001998001998002,0.00699300699300699,0.00699300699300699,0.004995004995005,0.001998001998002,0.00699300699300699,0.00699300699300699,0.000999000999000999,0.991295509917544,0.00870449008245631,0.000608272128163691,0.991295509917544,0.00870449008245631,0.000599450830988978,0.203963403237904,0.740811334548832,0.123706052296959,0.796441244225573,0.097652082572264,0.990697777934331,0.000594230818399558,0.0086992414436117,8.74980365781722e-06,0
"Columba livia",0.877223667259541,1,1,1,1,1,1,1,1,0.001998001998002,0.001998001998002,0.001998001998002,0.001998001998002,0.001998001998002,0.001998001998002,0.001998001998002,0.001998001998002,0.999244532754536,0.000755467245463734,0.00244051306716072,0.999244532754536,0.000755467245463734,0.00244051306716072,-0.21932833957064,0.590521524395071,-0.342878696774414,0.541674317366773,0.132856089057467,0.996807701257015,0.00243867383572682,0.000753624907258473,0,0
"Columba oenas",0.839785301757337,1,0.98001998001998,0.98001998001998,0.997002997002997,1,0.978021978021978,0.978021978021978,0.996003996003996,0.004995004995005,0.030969030969031,0.030969030969031,0.011988011988012,0.002997002997003,0.030969030969031,0.030969030969031,0.00999000999000999,0.997664921783733,0.00233507821626721,0.01202844367204,0.997664921783733,0.00233507821626721,0.01202844367204,-0.0208058301755199,0.597528104775403,0.0156558922153072,0.792663839553132,0.198513002563938,0.985692250958429,0.0120006933830026,0.00230705565856846,0,0
"Columba palumbus",0.951768582201605,1,1,1,1,1,1,1,1,0.002997002997003,0.002997002997003,0.002997002997003,0.002997002997003,0.000999000999000999,0.000999000999000999,0.000999000999000999,0.000999000999000999,0.999256773026699,0.000743226973301128,9.46268948934339e-05,0.999609871508002,0.000390128491998595,9.46268948934339e-05,0.0386700134574404,0.547624455158616,0.0292918089344694,0.572674378735715,0.0267478857350105,0.999162286731411,9.45565722828432e-05,0.000389953808275565,0,0.00035320288803054
"Coracias garrulus",0.648820891716355,0.996003996003996,0.996003996003996,0.996003996003996,0.999000999000999,0.99000999000999,1,1,0.995004995004995,0.00799200799200799,0.00599400599400599,0.00599400599400599,0.001998001998002,0.000999000999000999,0.00599400599400599,0.00599400599400599,0.000999000999000999,0.990558264947721,0.00944173505227921,0.0272567274003589,0.990558264947721,0.00944173505227921,0.0272567274003589,-0.418767950150002,-1.25958052046086,0.380977631324759,-0.462327078419278,1.12925021405159,0.963806924827579,0.0270063267015939,0.00918674847082746,0,0
"Coturnix coturnix",0.826779857484809,0.991008991008991,0.942057942057942,0.942057942057942,1,0.996003996003996,0.949050949050949,0.949050949050949,1,0.004995004995005,0.0549450549450549,0.0549450549450549,0.000999000999000999,0.010989010989011,0.0589410589410589,0.0589410589410589,0.000999000999000999,0.991630938133993,0.00836906186600741,0.00147131866800378,0.991638753651695,0.00836124634830506,0.00145543370048348,0.414718428245076,0.220150746119576,0.108573120202569,0.496378152373402,0.412342733174913,0.990184125711576,0.00144324789787312,0.00834898129461724,1.57751789372879e-05,7.86991699641519e-06
"Crex crex",0.83559477768195,0.997002997002997,0.985014985014985,0.985014985014985,0.989010989010989,0.998001998001998,0.987012987012987,0.987012987012987,0.991008991008991,0.003996003996004,0.016983016983017,0.016983016983017,0.014985014985015,0.002997002997003,0.016983016983017,0.016983016983017,0.011988011988012,0.99746815097356,0.00253184902644015,0.00812741469496209,0.99746815097356,0.00253184902644015,0.00812741469496209,0.462176991206212,1.14620404982189,0.259200574877715,1.21188911405754,0.213339994490484,0.989381672555131,0.00810700412894041,0.00251132331592895,0,0
"Cyanistes caeruleus",0.937032480067375,1,0.995004995004995,0.995004995004995,1,1,0.994005994005994,0.994005994005994,1,0.000999000999000999,0.00999000999000999,0.00999000999000999,0.000999000999000999,0.002997002997003,0.00899100899100899,0.00899100899100899,0.002997002997003,0.999046316770424,0.000953683229575863,0.000242429544058879,0.999046316770424,0.000953683229575863,0.000242429544058879,0.0563541516927227,0.428366843682307,-0.0132548566790254,0.449770128713337,0.0728252336530247,0.998804349351911,0.000242198399064866,0.000953452249024445,0,0
"Cygnus olor",0.780991267939385,0.997002997002997,0.996003996003996,0.996003996003996,1,0.999000999000999,1,1,1,0.003996003996004,0.00899100899100899,0.00899100899100899,0.003996003996004,0.00799200799200799,0.000999000999000999,0.000999000999000999,0.000999000999000999,0.975198171693134,0.0248018283068665,2.2925149463941e-05,0.976484300899743,0.023515699100257,0,-0.0153582740050636,0.648111021074677,0.128561748968711,0.729750089708644,0.165462716465654,0.975176369600552,0,0.0234842014931299,2.2356576554655e-05,0.00131707232976339
"Dendrocopos major",0.94554752867068,1,1,1,1,1,1,1,1,0.001998001998002,0.001998001998002,0.001998001998002,0.001998001998002,0.000999000999000999,0.000999000999000999,0.000999000999000999,0.000999000999000999,0.998528110208267,0.0014718897917329,0.000156200777951548,0.998528110208267,0.0014718897917329,0.000156200777951548,-0.0247596965180317,0.704112260978125,-0.0254673935013842,0.600581430104723,0.103533249617488,0.998372368876768,0.000155970903480342,0.00147166021975226,0,0
"Emberiza caesia",0.320859275961802,0.865134865134865,1,1,0.972027972027972,0.846153846153846,1,1,0.975024975024975,0.135864135864136,0.123876123876124,0.123876123876124,0.022977022977023,0.134865134865135,0.127872127872128,0.127872127872128,0.026973026973027,1,0,0.557370138872174,1,0,0.557370138872174,1.39457758390442,-0.0572418591268962,4.68601754634698,-0.342884981721763,3.30381128696081,0.442629861127826,0.557370138872174,0,0,0
"Emberiza calandra",0.870025327680672,1,1,1,1,1,1,1,1,0.000999000999000999,0.000999000999000999,0.000999000999000999,0.000999000999000999,0.001998001998002,0.001998001998002,0.001998001998002,0.001998001998002,0.994983634942107,0.00501636505789301,0.00383465075819859,0.994983634942107,0.00501636505789301,0.00383465075819859,0.207949709132182,-0.0722246939234935,0.269275366886115,0.239090928945736,0.317298366433565,0.991187286678629,0.00381548814488669,0.00499722517648419,0,0
"Emberiza cia",0.925838090423155,1,0.993006993006993,0.993006993006993,1,1,0.991008991008991,0.991008991008991,1,0.001998001998002,0.00899100899100899,0.00899100899100899,0.001998001998002,0.000999000999000999,0.00699300699300699,0.00699300699300699,0.000999000999000999,0.998496162693799,0.00150383730620057,0.00190639694622636,0.998496162693799,0.00150383730620057,0.00182596256743259,-0.185191200005078,0.743812204383491,-0.605560678187021,0.779645431898664,0.421893965803154,0.996595489808842,0.0018230749258353,0.00150097469851305,8.04605668094575e-05,0
"Emberiza cirlus",0.974202296716294,1,1,1,1,1,1,1,1,0.000999000999000999,0.000999000999000999,0.000999000999000999,0.000999000999000999,0.001998001998002,0.001998001998002,0.001998001998002,0.000999000999000999,0.999494521808802,0.000505478191198224,9.84652940420427e-05,0.999494521808802,0.000505478191198224,6.4069496063104e-05,0.283823763887878,0.347048519573559,0.215848981297971,0.274213288124418,0.0996270144508762,0.999396156028823,6.40349107686333e-05,0.00050542844429571,3.43806161130246e-05,0
"Emberiza citrinella",0.960028229833753,1,1,1,1,1,1,1,1,0.001998001998002,0.001998001998002,0.001998001998002,0.001998001998002,0.000999000999000999,0.000999000999000999,0.000999000999000999,0.000999000999000999,1,0,0.00212658693805283,1,0,0.00210928296149391,0.292937180431422,0.941188840566465,0.292937180431422,0.998847518024562,0.0576586774580972,0.997873413061947,0.00210924638536158,0,1.73405526912511e-05,0
"Emberiza hortulana",0.797372680525973,0.995004995004995,1,1,0.997002997002997,0.995004995004995,1,1,1,0.004995004995005,0.001998001998002,0.001998001998002,0.002997002997003,0.00599400599400599,0.003996003996004,0.003996003996004,0.004995004995005,1,0,0.0219361785022472,1,0,0.0219361785022472,-0.0474989929712825,1.19119761121592,0.200713428718009,1.40339067293548,0.32655061127302,0.978063821497753,0.0219361785022472,0,0,0
"Emberiza melanocephala",0.819446431864255,0.995004995004995,0.773226773226773,0.773226773226773,0.999000999000999,0.997002997002997,0.802197802197802,0.802197802197802,1,0.00599400599400599,0.173826173826174,0.173826173826174,0.003996003996004,0.010989010989011,0.201798201798202,0.201798201798202,0.000999000999000999,0.97750877384607,0.0224912261539298,0.00402090597804121,0.97750877384607,0.0224912261539298,0.00247523879552401,1.58274798182051,0.361830791639795,0.42965108401537,-0.438379906743464,1.40355606141503,0.973666356593596,0.00241603700827127,0.0224028170493617,0.00151478934877119,0
"Emberiza schoeniclus",0.949574333641477,1,0.991008991008991,0.991008991008991,1,1,0.994005994005994,0.994005994005994,1,0.001998001998002,0.010989010989011,0.010989010989011,0.001998001998002,0.002997002997003,0.013986013986014,0.013986013986014,0.000999000999000999,0.999595623366813,0.000404376633186657,0.0021338141866128,0.999595623366813,0.000404376633186657,0.00208558822441623,0.262425057098712,1.04060366942622,0.321629795708278,1.1455552437315,0.120499103826477,0.997463532720766,0.00208464591109129,0.000403514116768075,4.83072513746503e-05,0
"Erithacus rubecula",0.983529318849359,1,1,1,1,1,1,1,1,0.000999000999000999,0.000999000999000999,0.000999000999000999,0.000999000999000999,0.003996003996004,0.003996003996004,0.003996003996004,0.003996003996004,0.999770530987667,0.000229469012332664,3.85927213068135e-05,0.999770530987667,0.000229469012332664,3.85927213068135e-05,-0.0533920739911082,0.626499397474305,-0.051646548873231,0.599132289991268,0.0274227174059249,0.999731955975654,3.85838658148643e-05,0.000229460158531083,0,0
"Falco columbarius",0.915561798669369,1,1,1,1,1,1,1,1,0.001998001998002,0.001998001998002,0.001998001998002,0.001998001998002,0.000999000999000999,0.002997002997003,0.002997002997003,0.000999000999000999,0.99631336294703,0.00368663705296974,0.00345454787235413,0.99631336294703,0.00368663705296974,0.00345454787235413,-0.888381176353241,-1.78928316704091,-1.02730224570169,-1.68538439219193,0.173476277698232,0.992884195778558,0.00344185604248939,0.00367394817895251,0,0
"Ficedula albicollis",0.871460195022454,1,0.996003996003996,0.996003996003996,1,1,0.998001998001998,0.998001998001998,1,0.000999000999000999,0.002997002997003,0.002997002997003,0.000999000999000999,0.001998001998002,0.00599400599400599,0.00599400599400599,0.001998001998002,0.993481630830514,0.00651836916948626,0.00565107966663405,0.993481630830514,0.00651836916948626,0.00565107966663405,-0.536044988631047,-1.15337198075245,-0.555628664430574,-1.54812233152225,0.395235828070663,0.9879037772365,0.00561445065607401,0.00648177210742611,0,0
"Ficedula hypoleuca",0.954299331657383,1,0.997002997002997,0.997002997002997,1,1,0.995004995004995,0.995004995004995,1,0.000999000999000999,0.00599400599400599,0.00599400599400599,0.000999000999000999,0.000999000999000999,0.00699300699300699,0.00699300699300699,0.000999000999000999,0.998024859760048,0.00197514023995196,0.00132203122683599,0.998024859760048,0.00197514023995196,0.00132203122683599,-0.171836017938731,1.17016566674925,-0.269472642448632,1.25512010489777,0.12942243625747,0.996708042331411,0.00131942347503611,0.00197253419355288,0,0
"Ficedula parva",0.83030310715879,0.999000999000999,0.991008991008991,0.991008991008991,0.995004995004995,0.998001998001998,0.993006993006993,0.993006993006993,1,0.003996003996004,0.00799200799200799,0.00799200799200799,0.002997002997003,0.002997002997003,0.00799200799200799,0.00799200799200799,0.004995004995005,0.97782065358218,0.02217934641782,0.00168268969660248,0.97782065358218,0.02217934641782,0.00168268969660248,-0.487604466527281,1.03295157652838,-0.313215283783169,1.12360838342185,0.196545780148747,0.976211717999501,0.00164543014793678,0.0221428518525626,0,0
"Ficedula semitorquata",0.569345594272491,0.941058941058941,0.988011988011988,0.988011988011988,0.996003996003996,0.939060939060939,0.984015984015984,0.984015984015984,0.996003996003996,0.0679320679320679,0.010989010989011,0.010989010989011,0.00599400599400599,0.0699300699300699,0.00999000999000999,0.00999000999000999,0.004995004995005,0.998691770275468,0.00130822972453236,0.173445995308123,0.998691770275468,0.00130822972453236,0.173445995308123,0.00171582422623371,-0.635616522329122,-0.379164451143788,-0.847224665297898,0.435715262914483,0.825660030385156,0.173258401681416,0.00108156793342776,0,0
"Fringilla montifringilla",0.890849050386437,1,0.968031968031968,0.968031968031968,0.991008991008991,1,0.971028971028971,0.971028971028971,0.996003996003996,0.001998001998002,0.021978021978022,0.021978021978022,0.00799200799200799,0.000999000999000999,0.02997002997003,0.02997002997003,0.00699300699300699,0.993231852621257,0.0067681473787425,0.0430442676266385,0.993231852621257,0.0067681473787425,0.041609460549535,0.547875425396251,2.05377737201839,0.54118162278997,2.45443545682795,0.400713997654939,0.950755898607379,0.0412779951667982,0.00647870487238317,0.00148740135343942,8.67361737988404e-19
"Gallinago gallinago",0.928969713252136,1,0.995004995004995,0.995004995004995,0.995004995004995,1,0.995004995004995,0.995004995004995,0.997002997002997,0.000999000999000999,0.00799200799200799,0.00799200799200799,0.00599400599400599,0.000999000999000999,0.001998001998002,0.001998001998002,0.002997002997003,0.996671526833564,0.003328473166436,0.000855909596851965,0.996671526833564,0.003328473166436,0.000855909596851965,0.0722395435515982,1.07895154322746,0.138035090510936,1.1841669223065,0.12409403690115,0.995821303076391,0.000853063154993792,0.00332563376861533,0,0
"Garrulus glandarius",0.963975099017422,1,0.987012987012987,0.987012987012987,1,1,0.985014985014985,0.985014985014985,1,0.002997002997003,0.021978021978022,0.021978021978022,0.002997002997003,0.000999000999000999,0.013986013986014,0.013986013986014,0.000999000999000999,0.999281316057313,0.000718683942687336,0.000320607276785582,0.999281316057313,0.000718683942687336,0.000320607276785582,0.0293905125686276,0.514317846985034,0.0162851691205511,0.507434831327553,0.0148029028042869,0.998961169371768,0.000320376935303595,0.000718453692928326,0,0
"Haematopus ostralegus",0.893401005981715,1,0.999000999000999,0.999000999000999,1,1,1,1,1,0.001998001998002,0.001998001998002,0.001998001998002,0.001998001998002,0.000999000999000999,0.001998001998002,0.001998001998002,0.000999000999000999,0.990466914202659,0.00953308579734142,0.000446033762848904,0.990466914202659,0.00953308579734142,0.000446033762848904,0.372726719102884,-0.542954227114318,0.415302810682928,-0.183264434113828,0.362200870737451,0.990029342200053,0.000441783563217382,0.00952887423672941,0,0
"Hieraaetus pennatus",0.76601909215142,0.999000999000999,0.993006993006993,0.993006993006993,1,0.999000999000999,0.992007992007992,0.992007992007992,1,0.004995004995005,0.010989010989011,0.010989010989011,0.000999000999000999,0.001998001998002,0.00999000999000999,0.00999000999000999,0.000999000999000999,0.96993643861602,0.0300635613839805,0.000198955109143671,0.96993643861602,0.0300635613839805,0.000198955109143671,0.221839954377725,-0.19534675115007,0.367975401474438,-0.0151880083579489,0.231975734727997,0.969749265166455,0.000192974964248261,0.0300577598692973,0,0
"Hippolais icterina",0.937586070065209,1,1,1,1,1,1,1,1,0.001998001998002,0.001998001998002,0.001998001998002,0.001998001998002,0.002997002997003,0.000999000999000999,0.000999000999000999,0.002997002997003,0.997212254833023,0.00278774516697669,0.00103008830870305,0.998186047674712,0.00181395232528816,0.00103008830870305,-0.31035021574469,0.981472961078985,-0.327205376286561,0.997579752196366,0.023313625994066,0.996187898824809,0.00102721963478716,0.00181032119183263,0,0.000974560348571757
"Hippolais olivetorum",0.796162781728578,1,0.845154845154845,0.845154845154845,1,0.998001998001998,0.827172827172827,0.827172827172827,0.998001998001998,0.000999000999000999,0.144855144855145,0.144855144855145,0.000999000999000999,0.003996003996004,0.145854145854146,0.145854145854146,0.003996003996004,0.95725107489962,0.0427489251003797,0.00334188708616276,0.957351783505443,0.0426482164945564,0.00334188708616276,2.23429085695429,0.449170143828527,1.79556684599749,0.0881057577491711,0.568195607766271,0.954188367229758,0.00319948209009115,0.0425072922653313,0,0.000104858414819074
"Hippolais polyglotta",0.83263733411877,0.998001998001998,0.995004995004995,0.995004995004995,1,0.996003996003996,1,1,1,0.001998001998002,0.004995004995005,0.004995004995005,0.00599400599400599,0.003996003996004,0.002997002997003,0.002997002997003,0.00599400599400599,0.985212047172763,0.0147879528272374,0,0.985212047172763,0.0147879528272374,0,0.292570806689546,-0.124065801378786,-0.110161629583097,-0.144747803265621,0.403263140428363,0.985212047172763,0,0.0147879528272374,0,0
"Jynx torquilla",0.923587059422028,1,0.976023976023976,0.976023976023976,1,1,0.985014985014985,0.985014985014985,1,0.002997002997003,0.021978021978022,0.021978021978022,0.002997002997003,0.001998001998002,0.027972027972028,0.027972027972028,0.001998001998002,0.998972652499049,0.00102734750095075,0.00149060208503087,0.998972652499049,0.00102734750095075,0.00149060208503087,-0.110752720727111,1.04854075029441,-0.0296184556554672,1.02981834999235,0.0832664232556339,0.997485109295453,0.00148907299902015,0.00102581770552647,0,0
"Lanius collurio",0.923640375471002,1,0.999000999000999,0.999000999000999,1,1,0.997002997002997,0.997002997002997,1,0.002997002997003,0.00899100899100899,0.00899100899100899,0.002997002997003,0.002997002997003,0.004995004995005,0.004995004995005,0.002997002997003,0.996975150855915,0.00302484914408448,0.0021809233533566,0.996983256766114,0.00301674323388649,0.0021809233533566,0.0309620889698319,1.02660453859064,0.0397001074536399,0.979836503873449,0.047577326935546,0.994807387175356,0.00217434073326573,0.00301015933207952,0,8.11275929898936e-06
"Lanius minor",0.784475816835444,0.999000999000999,1,1,1,0.997002997002997,1,1,1,0.00599400599400599,0.001998001998002,0.001998001998002,0.001998001998002,0.004995004995005,0.002997002997003,0.002997002997003,0.002997002997003,0.999895118112734,0.000104881887266183,0.0234629154213222,0.999895118112734,0.000104881887266183,0.0234629154213222,-0.621173582359407,1.26144583931632,-0.620861684867061,1.82878262070079,0.567336867118411,0.976437066376624,0.0234605123189183,0.000102421304457943,0,0
"Lanius senator",0.902840039780881,1,0.999000999000999,0.999000999000999,0.999000999000999,1,1,1,0.999000999000999,0.001998001998002,0.001998001998002,0.001998001998002,0.001998001998002,0.001998001998002,0.001998001998002,0.001998001998002,0.001998001998002,0.996771096683837,0.00322890331616344,0.00908993905132768,0.996771096683837,0.00322890331616344,0.00908993905132768,0.631742327944158,0.567711697303549,1.01105519762174,0.562890668844806,0.379343505834017,0.987739498848942,0.0090608544579011,0.00319964669315705,0,0
"Larus ridibundus",0.906825065618737,1,1,1,1,0.998001998001998,1,1,1,0.003996003996004,0.000999000999000999,0.000999000999000999,0.000999000999000999,0.000999000999000999,0.000999000999000999,0.000999000999000999,0.000999000999000999,0.998619773517147,0.00138022648285338,0.00206420936078395,0.998619773517147,0.00138022648285338,0.00206420936078395,0.0900560365323694,1.16399723060163,-0.000681359891808378,1.31873231963046,0.179377319877951,0.99656125251196,0.00206136615734777,0.00137738133069215,0,0
"Limosa limosa",0.786824722062695,0.995004995004995,0.984015984015984,0.984015984015984,0.987012987012987,0.996003996003996,0.975024975024975,0.975024975024975,0.982017982017982,0.00799200799200799,0.021978021978022,0.021978021978022,0.020979020979021,0.003996003996004,0.026973026973027,0.026973026973027,0.027972027972028,0.969496447033539,0.0305035529664614,0.00825625220511573,0.969496447033539,0.0305035529664614,0.00825625220511573,1.17601600084962,0.743059816773092,0.861673186120591,0.864845065376068,0.337109851456547,0.961734247841945,0.00800642355662485,0.03025932860143,0,0
"Linaria cannabina",0.958473584090318,1,0.997002997002997,0.997002997002997,1,1,0.995004995004995,0.995004995004995,1,0.000999000999000999,0.003996003996004,0.003996003996004,0.000999000999000999,0.001998001998002,0.00799200799200799,0.00799200799200799,0.000999000999000999,0.998966415378951,0.00103358462104838,0.000619687729470894,0.998966415378951,0.00103358462104838,0.000613430947863904,0.168981550144011,0.319236456591563,0.135354799814201,0.319236456591563,0.0336267503298097,0.998348007590794,0.000612793471074267,0.00103294478294218,6.25415518941701e-06,0
"Locustella fluviatilis",0.849862719557445,1,0.999000999000999,0.999000999000999,1,0.998001998001998,0.997002997002997,0.997002997002997,1,0.002997002997003,0.003996003996004,0.003996003996004,0.000999000999000999,0.001998001998002,0.003996003996004,0.003996003996004,0.001998001998002,0.989398646521493,0.0106013534785073,0.00310767529576074,0.989398646521493,0.0106013534785073,0.00310767529576074,-0.9958211380034,0.889522584297283,-0.731107672308425,0.85770165036971,0.266619186774447,0.986356412858668,0.0030748310334975,0.0105687561078345,0,0
"Locustella luscinioides",0.836319499158321,0.993006993006993,0.996003996003996,0.996003996003996,1,0.996003996003996,0.997002997002997,0.997002997002997,1,0.004995004995005,0.002997002997003,0.002997002997003,0.000999000999000999,0.011988011988012,0.00899100899100899,0.00899100899100899,0.004995004995005,0.995832876332046,0.00416712366795427,0.0065631221171585,0.995832876332046,0.00416712366795427,0.0065631221171585,0.309519621955392,1.0496499369881,0.0424861106708132,1.48413889279633,0.509987792862042,0.989324160920738,0.00653595152961889,0.00413988754964259,0,0
"Locustella naevia",0.905434472352632,1,0.993006993006993,0.993006993006993,1,1,0.994005994005994,0.994005994005994,0.999000999000999,0.000999000999000999,0.004995004995005,0.004995004995005,0.003996003996004,0.000999000999000999,0.012987012987013,0.012987012987013,0.000999000999000999,0.996080233530192,0.0039197664698076,0.00177969303041673,0.996089671492428,0.00391032850757252,0.00177969303041673,0.123907957991515,0.478366801955329,0.0419212693961681,0.544540863948977,0.105360446029663,0.99431445279964,0.0017727294158764,0.00390335956846969,0,9.45821601351041e-06
"Lophophanes cristatus",0.895358716322818,1,1,1,1,1,1,1,1,0.001998001998002,0.001998001998002,0.001998001998002,0.001998001998002,0.002997002997003,0.002997002997003,0.002997002997003,0.000999000999000999,0.999823105496486,0.000176894503513694,0.00463520099483807,0.999823105496486,0.000176894503513694,0.00462771197257855,0.299520242680733,0.635605807840353,0.231841650697126,0.617020928184963,0.0701839694281305,0.99518954044051,0.00462686233751629,0.000176074706305999,7.52251566794523e-06,0
"Loxia curvirostra",0.910142057789162,1,0.994005994005994,0.994005994005994,1,1,0.997002997002997,0.997002997002997,1,0.001998001998002,0.00699300699300699,0.00699300699300699,0.001998001998002,0.001998001998002,0.00799200799200799,0.00799200799200799,0.001998001998002,0.995282196495363,0.00471780350463655,0.000497506791163319,0.995282196495363,0.00471780350463655,0.000497506791163319,0.578573898383602,0.75897717658813,0.427801260749059,0.666221217436682,0.177019931695225,0.994789371752696,0.000495160814091786,0.00471546743321247,0,0
"Loxia pytyopsittacus",0.841745736003705,1,0.982017982017982,0.982017982017982,1,1,0.981018981018981,0.981018981018981,1,0.000999000999000999,0.01998001998002,0.01998001998002,0.000999000999000999,0.000999000999000999,0.013986013986014,0.013986013986014,0.000999000999000999,0.99832288034951,0.00167711965049006,0.0139134490023957,0.998350645708828,0.00164935429117213,0.013364730744511,-1.22209588818975,-2.05317313776047,-1.24941985598571,-2.03122084117447,0.0350500005922192,0.98445573766669,0.0133352073190456,0.00162639880323485,0.000555231291322062,2.74249197078334e-05
"Lullula arborea",0.931055937050225,1,0.994005994005994,0.994005994005994,1,1,0.992007992007992,0.992007992007992,1,0.002997002997003,0.00899100899100899,0.00899100899100899,0.002997002997003,0.002997002997003,0.00999000999000999,0.00999000999000999,0.000999000999000999,0.997320792983745,0.00267920701625508,0.00053676581919627,0.997320792983745,0.00267920701625508,0.000470746886864061,0.242059926794239,0.418086120340835,0.154989554300487,0.554998145031062,0.162253358273343,0.996786898757264,0.0004694553240892,0.00267777276042929,6.58731582176965e-05,0
"Luscinia luscinia",0.853603073079352,1,1,1,1,1,1,1,1,0.000999000999000999,0.000999000999000999,0.000999000999000999,0.000999000999000999,0.001998001998002,0.001998001998002,0.001998001998002,0.001998001998002,0.992909237200428,0.0070907627995725,0.00728941611311138,0.992909237200428,0.0070907627995725,0.00728941611311138,-0.812648252796328,0.721714001229702,-0.801129351711518,0.742987783617267,0.0241921247366807,0.985722458157789,0.007238102712089,0.00703943913012213,0,0
"Luscinia megarhynchos",0.930082996303229,1,1,1,1,1,1,1,1,0.001998001998002,0.001998001998002,0.001998001998002,0.001998001998002,0.002997002997003,0.002997002997003,0.002997002997003,0.002997002997003,0.998345861534651,0.00165413846534898,0.000628395172289513,0.998345861534651,0.00165413846534898,0.000628395172289513,0.063982799306718,0.494077124940546,0.0214484368683347,0.407925414425205,0.0960795983170147,0.997719542897186,0.000627356371770817,0.00165310073104295,0,0
"Melanitta fusca",0.796979190651829,1,0.965034965034965,0.965034965034965,1,1,0.957042957042957,0.957042957042957,1,0.001998001998002,0.048951048951049,0.048951048951049,0.001998001998002,0.000999000999000999,0.035964035964036,0.035964035964036,0.000999000999000999,0.98764962046582,0.0123503795341803,0.0354014862884211,0.988638216920843,0.0113617830791575,0.0354014862884211,0.0535943638974514,-1.70707077201929,0.256336771989319,-1.95534937944325,0.32054134045903,0.953102072965184,0.0349795583218486,0.0109533890355291,0,0.00096497967743845
"Melanitta nigra",0.851362464497306,1,0.998001998001998,0.998001998001998,0.999000999000999,1,0.999000999000999,0.999000999000999,1,0.000999000999000999,0.000999000999000999,0.000999000999000999,0.000999000999000999,0.000999000999000999,0.001998001998002,0.001998001998002,0.000999000999000999,0.982542153271096,0.0174578467289041,0.00737607688353662,0.982542153271096,0.0174578467289041,0.00737607688353662,1.5059111784914,-1.48777285135681,2.23613521442747,-1.36212080196942,0.740955855752564,0.975420452108248,0.00724823982272724,0.0173313080690246,0,0
"Melanocorypha calandra",0.829002087329164,1,0.998001998001998,0.998001998001998,1,0.998001998001998,0.997002997002997,0.997002997002997,1,0.000999000999000999,0.002997002997003,0.002997002997003,0.000999000999000999,0.001998001998002,0.004995004995005,0.004995004995005,0.001998001998002,0.999404766148542,0.000595233851457951,0.0251689191050838,0.999404766148542,0.000595233851457951,0.0251689191050838,1.22388290541057,0.283343569555748,1.1568198359484,0.597925471411679,0.321650786196743,0.974265424288987,0.0251543145590912,0.000580261151922158,0,0
"Merops apiaster",0.799329095729395,0.988011988011988,0.976023976023976,0.976023976023976,0.999000999000999,0.981018981018981,0.971028971028971,0.971028971028971,0.999000999000999,0.020979020979021,0.025974025974026,0.025974025974026,0.003996003996004,0.030969030969031,0.036963036963037,0.036963036963037,0.000999000999000999,0.989987764063387,0.0100122359366133,0.000490933549387314,0.989987764063387,0.0100122359366133,0.000490933549387314,0.714847131378798,0.307382954529507,0.0501652049265802,0.263267226757425,0.666144324293987,0.989506609620443,0.000486020595819353,0.0100073697837379,0,0
"Milvus milvus",0.726278003787073,0.997002997002997,0.96003996003996,0.96003996003996,0.998001998001998,0.988011988011988,0.963036963036963,0.963036963036963,0.993006993006993,0.012987012987013,0.047952047952048,0.047952047952048,0.012987012987013,0.004995004995005,0.036963036963037,0.036963036963037,0.001998001998002,0.97003554693981,0.0299644530601902,0.00778295952603937,0.970133432737766,0.0298665672622342,0.00778295952603937,0.109967213394329,-0.014602110867416,-0.292343355874648,0.0825521654627724,0.413875280192924,0.962710315257911,0.0075515085040001,0.0296380388660095,8.67361737988404e-19,0.000100137372078996
"Monticola solitarius",0.917949208040163,1,1,1,1,1,1,1,1,0.000999000999000999,0.000999000999000999,0.000999000999000999,0.000999000999000999,0.001998001998002,0.002997002997003,0.002997002997003,0.001998001998002,0.998070678078974,0.00192932192102644,0.00229502164816151,0.998070678078974,0.00192932192102644,0.00229502164816151,1.19880485774497,0.16199615395572,1.13676251378709,0.163894055968995,0.0620713659898011,0.995784493436392,0.00229060395500417,0.00192490260860366,0,0
"Numenius arquata",0.940562450395895,1,0.999000999000999,0.999000999000999,1,1,0.999000999000999,0.999000999000999,1,0.002997002997003,0.004995004995005,0.004995004995005,0.002997002997003,0.001998001998002,0.001998001998002,0.001998001998002,0.001998001998002,0.998313073694603,0.00168692630539659,0.000980188890941197,0.998333469555107,0.00166653044489287,0.000980188890941197,0.00657935249550464,0.543045036792562,-0.0586765786263251,0.476964134900939,0.0928709973101793,0.99733618741188,0.000978537002534031,0.00166486566944006,0,2.04099161461512e-05
"Numenius phaeopus",0.932714401661096,1,0.975024975024975,0.975024975024975,1,1,0.977022977022977,0.977022977022977,0.999000999000999,0.000999000999000999,0.027972027972028,0.027972027972028,0.001998001998002,0.001998001998002,0.025974025974026,0.025974025974026,0.001998001998002,0.995896735390377,0.00410326460962283,0.00563160565957172,0.995896735390377,0.00410326460962283,0.00563160565957172,-1.10535521277038,-2.00336393426589,-1.28125123678608,-2.05926113789814,0.184564104414804,0.990311121776912,0.00560862729535462,0.00408025092773324,0,0
"Oenanthe hispanica",0.841810516636775,1,1,1,1,0.999000999000999,1,1,0.999000999000999,0.002997002997003,0.000999000999000999,0.000999000999000999,0.002997002997003,0.002997002997003,0.000999000999000999,0.000999000999000999,0.002997002997003,0.995938181679999,0.00406181832000111,0.0190428476810717,0.995938181679999,0.00406181832000111,0.0190428476810717,1.0854419582482,0.0376055154855173,1.3605157251662,0.25995717351144,0.353703035148608,0.97704825588909,0.0189669661615389,0.00398477794937132,0,0
"Oenanthe leucura",0.895065275428491,1,1,1,1,1,1,1,1,0.000999000999000999,0.001998001998002,0.001998001998002,0.000999000999000999,0.001998001998002,0.002997002997003,0.002997002997003,0.001998001998002,0.999730929444757,0.000269070555242579,0.0500980985672208,0.999730929444757,0.000269070555242579,0.0500980985672208,1.36622523390761,1.80672527668836,1.65778425261169,2.08290926858334,0.401602114992854,0.949659112132631,0.0500852937899364,0.000255594077433033,0,0
"Oenanthe oenanthe",0.946272470428654,1,1,1,1,1,1,1,1,0.001998001998002,0.001998001998002,0.001998001998002,0.001998001998002,0.002997002997003,0.002997002997003,0.002997002997003,0.002997002997003,0.99874198025565,0.00125801974435025,0.000816477540448576,0.99874198025565,0.00125801974435025,0.000816477540448576,0.0742182149671096,0.808333136978156,0.0695538971837789,0.924033661492461,0.115794504331032,0.997927554876233,0.000815451233168421,0.00125699389059837,0,0
"Oriolus oriolus",0.908706470498586,1,0.992007992007992,0.992007992007992,0.999000999000999,1,0.987012987012987,0.987012987012987,0.999000999000999,0.000999000999000999,0.014985014985015,0.014985014985015,0.003996003996004,0.002997002997003,0.014985014985015,0.014985014985015,0.00899100899100899,0.999115013461256,0.000884986538744138,0.00376940220478643,0.999115013461256,0.000884986538744138,0.00376940220478643,0.0849218685529872,0.441869383747564,0.0078119807553067,0.596558384577174,0.17284276604427,0.995352267492658,0.00376607889772649,0.000881653609615802,0,0
"Otus scops",0.837270527001553,0.99000999000999,0.948051948051948,0.948051948051948,0.997002997002997,0.996003996003996,0.964035964035964,0.964035964035964,1,0.00799200799200799,0.040959040959041,0.040959040959041,0.002997002997003,0.00999000999000999,0.036963036963037,0.036963036963037,0.002997002997003,0.997095498606554,0.00290450139344567,0.00337907035374411,0.997095498606554,0.00290450139344567,0.00321788100127162,0.586318028751693,0.44350614666536,-0.084325589876605,0.226917808360169,0.704750573959796,0.993735995803752,0.00320804729562038,0.00289471528912,0.000161241611507727,0
"Passer italiae",0.911802372188138,0.998001998001998,0.994005994005994,0.994005994005994,1,0.999000999000999,0.995004995004995,0.995004995004995,1,0.000999000999000999,0.004995004995005,0.004995004995005,0.000999000999000999,0.001998001998002,0.00799200799200799,0.00799200799200799,0.000999000999000999,0.991834544798061,0.00816545520193889,0.00362047512970718,0.991911524893188,0.00808847510681215,0.00347113459473771,0.688523918747699,0.637314011646945,0.167518355280753,0.650733493297416,0.521178356852314,0.988272848635564,0.00344237702792866,0.00805880376860009,0.000148641434956456,7.73291329507694e-05
"Perdix perdix",0.840985853516575,1,0.999000999000999,0.999000999000999,1,1,0.999000999000999,0.999000999000999,0.992007992007992,0.001998001998002,0.002997002997003,0.002997002997003,0.00599400599400599,0.001998001998002,0.003996003996004,0.003996003996004,0.00699300699300699,0.999962940590515,3.70594094846871e-05,0.0171413352746752,0.999962940590515,3.70594094846871e-05,0.0171413352746752,0.22468530330648,0.81336205560918,0.252331339918721,1.04671096316262,0.234980884321997,0.98282286489963,0.0171407109155104,3.64241848600106e-05,0,0
"Periparus ater",0.942144044276895,1,0.99000999000999,0.99000999000999,1,1,0.994005994005994,0.994005994005994,1,0.002997002997003,0.00899100899100899,0.00899100899100899,0.002997002997003,0.002997002997003,0.00699300699300699,0.00699300699300699,0.002997002997003,0.998522617730426,0.00147738226957386,0.00122110732680389,0.998522617730426,0.00147738226957386,0.00122110732680389,-0.252848682574951,0.288021713428115,-0.253525630302822,0.413026473029341,0.1250065925509,0.997305113626561,0.00121930548416871,0.00147558088927035,0,0
"Pernis apivorus",0.895744853215542,1,0.983016983016983,0.983016983016983,1,0.996003996003996,0.989010989010989,0.989010989010989,1,0.001998001998002,0.015984015984016,0.015984015984016,0.001998001998002,0.00599400599400599,0.017982017982018,0.017982017982018,0.000999000999000999,0.994318488576749,0.00568151142325115,0.000485975004490213,0.994318488576749,0.00568151142325115,0.000442986545287208,-0.106098656179698,0.965779027233764,-0.00965181783418982,0.940223290659552,0.0997751887930818,0.99383801870366,0.000440451984783723,0.00567876603019667,4.27632813594669e-05,0
"Phasianus colchicus",0.89673325871768,1,0.964035964035964,0.964035964035964,0.995004995004995,1,0.975024975024975,0.975024975024975,0.991008991008991,0.002997002997003,0.034965034965035,0.034965034965035,0.00899100899100899,0.002997002997003,0.036963036963037,0.036963036963037,0.00899100899100899,0.993482016226802,0.00651798377319759,0.00183643577023799,0.993482016226802,0.00651798377319759,0.00182584291729925,-0.102938678851921,0.305799438754479,-0.138803941577225,0.351354512188154,0.0579791495789886,0.991669420457807,0.0018139445654824,0.00650609179164512,1.05431850649588e-05,0
"Phoenicurus phoenicurus",0.962561198493062,1,0.966033966033966,0.966033966033966,1,1,0.973026973026973,0.973026973026973,1,0.001998001998002,0.040959040959041,0.040959040959041,0.001998001998002,0.004995004995005,0.045954045954046,0.045954045954046,0.004995004995005,0.997266118131474,0.00273388186852561,0.000277161335682986,0.997266118131474,0.00273388186852561,0.000277161335682986,0.256888585854592,0.833551453129743,0.266000623681957,0.78587282714612,0.048541534885637,0.996990469968092,0.000276403818771163,0.00273312621313708,0,0
"Phylloscopus bonelli",0.952871564092362,1,0.996003996003996,0.996003996003996,1,1,1,1,1,0.000999000999000999,0.000999000999000999,0.000999000999000999,0.000999000999000999,0.000999000999000999,0.002997002997003,0.002997002997003,0.000999000999000999,0.996867231730438,0.00313276826956231,0.00242613058928141,0.997098723350565,0.00290127664943484,0.00242613058928141,-0.417792256530797,0.311600453636153,-0.295382158736608,0.239900268030816,0.141863133540123,0.994456260015789,0.00241854846654303,0.00289358782485746,0,0.000231603692810468
"Phylloscopus trochilus",0.963809802391156,1,1,1,1,1,1,1,1,0.001998001998002,0.001998001998002,0.001998001998002,0.001998001998002,0.001998001998002,0.001998001998002,0.001998001998002,0.000999000999000999,1,0,0.00330958936201754,1,0,0.00299665952928149,0.0364338864870718,0.834932861998621,0.023413800366755,0.823311645517295,0.0174520862674435,0.996690410637982,0.00299571896657001,0,0.000313870395447522,0
"Pica pica",0.986053922103589,1,0.985014985014985,0.985014985014985,1,1,0.983016983016983,0.983016983016983,1,0.000999000999000999,0.015984015984016,0.015984015984016,0.000999000999000999,0.001998001998002,0.013986013986014,0.013986013986014,0.000999000999000999,0.9996484608498,0.000351539150200038,0.00038731516253898,0.9996484608498,0.000351539150200038,0.000244341798738799,-0.0583449081405508,0.562407315659117,-0.0583966366679855,0.55653881399811,0.00586872963986108,0.999261417899585,0.00024422100565968,0.000351403041602728,0.000142958053153125,0
"Picus canus",0.861194967182979,1,0.97002997002997,0.97002997002997,0.991008991008991,1,0.978021978021978,0.978021978021978,0.993006993006993,0.000999000999000999,0.023976023976024,0.023976023976024,0.00999000999000999,0.001998001998002,0.021978021978022,0.021978021978022,0.012987012987013,0.995835254205534,0.00416474579446593,0.0101862747333114,0.995890535044625,0.00410946495537482,0.0101862747333114,-0.0200583197015929,-1.06885396690303,-0.0694467962594443,-1.27812018548601,0.215015282844554,0.985733220718866,0.010144281841807,0.00406755158659221,0,5.49458527351688e-05
"Pluvialis apricaria",0.927716815530678,0.996003996003996,1,1,1,0.999000999000999,1,1,0.999000999000999,0.000999000999000999,0.000999000999000999,0.000999000999000999,0.000999000999000999,0.001998001998002,0.000999000999000999,0.000999000999000999,0.001998001998002,0.999793347320524,0.000206652679475533,0.00606766825001306,0.999793347320524,0.000206652679475533,0.00606766825001306,-0.896359383840309,1.37638239504769,-1.05460653612753,1.48945072803836,0.194490640217737,0.99372817900608,0.00606642195679692,0.000205399037123332,0,0
"Poecile lugubris",0.901251213862962,1,1,1,1,0.998001998001998,1,1,1,0.001998001998002,0.000999000999000999,0.000999000999000999,0.000999000999000999,0.003996003996004,0.003996003996004,0.003996003996004,0.003996003996004,0.999275403019111,0.000724596980889178,0.0101844020187848,0.999275403019111,0.000724596980889178,0.0101844020187848,0.0622019403574479,-0.379544196597631,0.0505341123703953,-0.4282541658669,0.0500879158694843,0.989105679778653,0.010177097534606,0.000717222686741387,0,0
"Poecile montanus",0.953948876142842,1,0.937062937062937,0.937062937062937,1,1,0.923076923076923,0.923076923076923,1,0.000999000999000999,0.0869130869130869,0.0869130869130869,0.000999000999000999,0.000999000999000999,0.0839160839160839,0.0839160839160839,0.000999000999000999,0.999089907666108,0.00091009233389256,0.0025863615426042,0.999100339976644,0.000899660023355419,0.00257419611610856,-0.146224604655449,1.15519718624259,-0.155835592019621,1.1618005364115,0.0116608452338373,0.99650824556014,0.00257182804515621,0.000897325919732407,1.21857519589379e-05,1.04147230127253e-05
"Poecile palustris",0.92989124032469,1,1,1,1,1,1,1,1,0.002997002997003,0.002997002997003,0.002997002997003,0.002997002997003,0.001998001998002,0.001998001998002,0.001998001998002,0.001998001998002,0.996969210515794,0.00303078948420578,0.00303219640704804,0.996969210515794,0.00303078948420578,0.00303219640704804,-0.0635931218226151,0.789324121644063,-0.0681386832134681,0.782957177742956,0.00782304946921885,0.993955338456584,0.00302303423959395,0.00302162730382202,0,0
"Porzana porzana",0.783654678562669,0.993006993006993,0.997002997002997,0.997002997002997,0.963036963036963,0.995004995004995,0.994005994005994,0.994005994005994,0.96003996003996,0.00599400599400599,0.013986013986014,0.013986013986014,0.050949050949051,0.003996003996004,0.00699300699300699,0.00699300699300699,0.032967032967033,0.989794827357019,0.0102051726429811,0.0215617671052216,0.989794827357019,0.0102051726429811,0.0215073135475879,-0.458719053650136,1.36958313724921,-0.0530101103748012,1.44589866607048,0.412824183633733,0.968666248635991,0.02129132799951,0.00998732871453317,5.50946499654655e-05,0
"Prunella modularis",0.977065899936221,1,1,1,1,1,0.997002997002997,0.997002997002997,1,0.001998001998002,0.003996003996004,0.003996003996004,0.001998001998002,0.001998001998002,0.004995004995005,0.004995004995005,0.001998001998002,0.99984930000307,0.000150699996929828,0.00117411326439502,0.99984930000307,0.000150699996929828,0.00117411326439502,0.396841082943541,0.572554723384421,0.513508698152322,0.511936400857367,0.131475904501541,0.998675540382057,0.00117393653324467,0.000150523084697872,0,0
"Ptyonoprogne rupestris",0.933250452030921,1,0.996003996003996,0.996003996003996,1,1,0.992007992007992,0.992007992007992,1,0.001998001998002,0.013986013986014,0.013986013986014,0.001998001998002,0.000999000999000999,0.010989010989011,0.010989010989011,0.000999000999000999,0.996821978273304,0.0031780217266964,0.000352904471883612,0.996821978273304,0.0031780217266964,9.2284795822519e-05,0.116957876910986,0.573843938933977,0.0234230437610404,0.65309926504075,0.122597600827581,0.996471312920021,9.19676388705971e-05,0.00317690375163584,0.000259815689472319,0
"Pyrrhula pyrrhula",0.982136521444103,1,1,1,1,1,1,1,1,0.002997002997003,0.002997002997003,0.002997002997003,0.002997002997003,0.000999000999000999,0.000999000999000999,0.000999000999000999,0.000999000999000999,0.999660040986261,0.000339959013738791,0.00151248720610813,0.999660040986261,0.000339959013738791,0.00150095135997061,0.448904415480472,0.594457435610373,0.509889044224757,0.548641010123374,0.0762775837811085,0.998148581195502,0.00150042453464393,0.000339445004616985,1.15492652375396e-05,0
"Rallus aquaticus",0.87723268158288,0.997002997002997,0.963036963036963,0.963036963036963,1,0.993006993006993,0.958041958041958,0.958041958041958,0.998001998001998,0.00799200799200799,0.045954045954046,0.045954045954046,0.003996003996004,0.00599400599400599,0.037962037962038,0.037962037962038,0.000999000999000999,0.995920960905958,0.00407903909404185,0.00117135529695493,0.995945509126439,0.00405449087356097,0.00117135529695493,0.301169319112529,0.341624945072534,0.0812354723235969,0.561495862376507,0.310988934271733,0.994759136576235,0.0011665828668433,0.00404966115483302,0,2.4619402088543e-05
"Regulus ignicapilla",0.894079301415691,0.998001998001998,1,1,1,0.998001998001998,1,1,1,0.004995004995005,0.001998001998002,0.001998001998002,0.001998001998002,0.002997002997003,0.000999000999000999,0.000999000999000999,0.001998001998002,0.996970630904395,0.00302936909560509,0,0.9970056439723,0.00299435602770007,0,-0.210164092826914,-0.371146907438432,-0.228781001590267,-0.0503457930648727,0.321340853728903,0.996970630904395,0,0.00299425087123324,0,3.51182243718473e-05
"Regulus regulus",0.918538699344849,1,0.998001998001998,0.998001998001998,0.999000999000999,1,1,1,0.998001998001998,0.001998001998002,0.003996003996004,0.003996003996004,0.001998001998002,0.001998001998002,0.000999000999000999,0.000999000999000999,0.003996003996004,0.997824644419254,0.0021753555807458,0.000928624687210354,0.999573378081396,0.000426621918603845,0.000928624687210354,0.422845144928693,0.645992886599964,0.434621979800617,0.656044985281812,0.0154834920967517,0.996900053647668,0.000926606470142054,0.000425480933035425,0,0.0017478589491544
"Remiz pendulinus",0.837452968412935,0.999000999000999,0.996003996003996,0.996003996003996,1,0.998001998001998,0.996003996003996,0.996003996003996,1,0.004995004995005,0.00599400599400599,0.00599400599400599,0.002997002997003,0.00699300699300699,0.012987012987013,0.012987012987013,0.004995004995005,0.997317205367298,0.00268279463270171,0.0112066727460677,0.997317205367298,0.00268279463270171,0.0112066727460677,-0.25357126053574,-1.0298480955189,-0.353463439517695,-1.37367952220987,0.35804817748749,0.986170247229914,0.011176943581635,0.00265280918845089,0,0
"Riparia riparia",0.914812068632142,1,0.983016983016983,0.983016983016983,1,1,0.989010989010989,0.989010989010989,1,0.001998001998002,0.011988011988012,0.011988011988012,0.001998001998002,0.000999000999000999,0.020979020979021,0.020979020979021,0.000999000999000999,0.999152153673204,0.000847846326795907,0.00308006359004099,0.999152153673204,0.000847846326795907,0.00305178610253056,0.0583997537527449,0.959187280934885,0.0594201768254288,0.987696245285061,0.0285272205370048,0.996077302680553,0.00304912013180984,0.000845237113464405,2.83400741730158e-05,0
"Saxicola rubetra",0.939452980352015,1,0.998001998001998,0.998001998001998,1,1,0.999000999000999,0.999000999000999,0.996003996003996,0.003996003996004,0.004995004995005,0.004995004995005,0.004995004995005,0.001998001998002,0.001998001998002,0.001998001998002,0.002997002997003,0.999212997698694,0.000787002301305832,0.01071523109297,0.999212997698694,0.000787002301305832,0.01071523109297,0.306252800203333,-1.0230858894262,0.411944236044656,-1.23329910195965,0.235287641693801,0.988514535572877,0.0107068884716841,0.000778575955438791,0,0
"Scolopax rusticola",0.881893490025558,0.99000999000999,0.986013986013986,0.986013986013986,0.998001998001998,0.993006993006993,1,1,0.997002997002997,0.00999000999000999,0.011988011988012,0.011988011988012,0.00599400599400599,0.003996003996004,0.000999000999000999,0.000999000999000999,0.00599400599400599,0.998739800714321,0.00126019928567935,0.00375384788106679,0.999674455849338,0.000325544150662052,0.00375384788106679,0.277321951829187,0.830187487666519,0.326747596143387,1.08417255635823,0.258749510983508,0.994995390351302,0.00374913502029321,0.000324020412214463,0,0.0009314542161904
"Serinus serinus",0.913411158728181,1,1,1,1,1,0.999000999000999,0.999000999000999,1,0.003996003996004,0.00599400599400599,0.00599400599400599,0.003996003996004,0.000999000999000999,0.000999000999000999,0.000999000999000999,0.000999000999000999,0.998825118395586,0.00117488160441395,0.000872002544860902,0.998855772195545,0.00114422780445503,0.000807420590480462,0.148584268524896,-0.217522166008029,0.0230726812157661,-0.0390469513424269,0.218189277460626,0.997955162755288,0.000806420667436377,0.00114319612161234,6.45582699932691e-05,3.06621856701926e-05
"Sitta europaea",0.919653391061486,1,1,1,1,1,1,1,1,0.001998001998002,0.001998001998002,0.001998001998002,0.001998001998002,0.000999000999000999,0.000999000999000999,0.000999000999000999,0.000999000999000999,0.998137895302764,0.00186210469723616,0.00224870431871201,0.998144879949564,0.00185512005043612,0.00224870431871201,0.133664179644962,0.488938975510156,0.106851235317774,0.476848865040859,0.029412663168314,0.995897548451512,0.00224452639439416,0.00185094323221488,0,6.9819218792152e-06
"Sitta neumayer",0.873765213212927,0.996003996003996,0.999000999000999,0.999000999000999,0.999000999000999,0.994005994005994,0.997002997002997,0.997002997002997,0.998001998001998,0.00599400599400599,0.004995004995005,0.004995004995005,0.004995004995005,0.002997002997003,0.001998001998002,0.001998001998002,0.001998001998002,0.991726676521959,0.00827332347804115,0.0124413639161596,0.991726676521959,0.00827332347804115,0.0124413639161596,0.858071320172002,-0.115517374508126,1.84372080442898,-0.338459814892858,1.01054848351811,0.979489064242261,0.0123397026311884,0.00817123312655049,0,0
"Somateria mollissima",0.929661154671362,1,1,1,1,1,1,1,1,0.000999000999000999,0.000999000999000999,0.000999000999000999,0.000999000999000999,0.003996003996004,0.000999000999000999,0.000999000999000999,0.000999000999000999,0.998369078164394,0.0016309218356055,0.00415242434558233,0.998412422304798,0.00158757769520178,0.00415242434558233,0.985176349317979,0.241793942214507,0.796738543015664,0.0912378159448055,0.241196919551986,0.99423015930291,0.0041456801417512,0.00158092746999531,0,4.32330853435759e-05
"Spinus spinus",0.953699090922621,1,1,1,1,1,1,1,1,0.001998001998002,0.001998001998002,0.001998001998002,0.001998001998002,0.001998001998002,0.001998001998002,0.001998001998002,0.001998001998002,0.99927728414949,0.000722715850510338,0.00275559314910359,0.99927728414949,0.000722715850510338,0.00275559314910359,0.543083853422644,1.2524638190163,0.608988406053141,1.1117175448113,0.155412109438149,0.996525667102907,0.00275360712209563,0.000720725774997122,0,0
"Sterna paradisaea",0.885783915911249,1,0.999000999000999,0.999000999000999,1,1,0.999000999000999,0.999000999000999,1,0.001998001998002,0.003996003996004,0.003996003996004,0.001998001998002,0.001998001998002,0.003996003996004,0.003996003996004,0.001998001998002,0.994930054969584,0.00506994503041645,0.00101666713556166,0.994930054969584,0.00506994503041645,0.00101666713556166,-0.983748167115698,1.61917483806181,-1.2472687327214,1.62718172475197,0.263642179348487,0.993923665406863,0.00101151790288504,0.00506481669025154,0,0
"Streptopelia decaocto",0.860298141450786,0.993006993006993,0.95004995004995,0.95004995004995,1,0.995004995004995,0.963036963036963,0.963036963036963,1,0.004995004995005,0.048951048951049,0.048951048951049,0.001998001998002,0.00799200799200799,0.044955044955045,0.044955044955045,0.000999000999000999,0.995832257647101,0.00416774235289944,0.00222274072750365,0.996212972542722,0.00378702745727828,0.00220381613188171,0.115164807857226,0.448405940219862,0.223355638659361,0.17865233210415,0.290641127442592,0.9936279855118,0.00219460990026141,0.00377720082669565,1.8887521993746e-05,0.000381316239249025
"Streptopelia turtur",0.922990946400398,1,1,1,1,1,1,1,1,0.001998001998002,0.001998001998002,0.001998001998002,0.001998001998002,0.000999000999000999,0.000999000999000999,0.000999000999000999,0.000999000999000999,0.999372822932466,0.000627177067533741,0.00543273547363348,0.999372822932466,0.000627177067533741,0.00532404691417711,0.2278176429184,0.183285495497871,0.295491396625545,0.148443527086283,0.0761163563474337,0.993946881408326,0.00532014452586387,0.000623771905800671,0.000109202160009519,0
"Strix aluco",0.969414542735593,1,1,1,1,1,1,1,1,0.000999000999000999,0.000999000999000999,0.000999000999000999,0.000999000999000999,0.000999000999000999,0.000999000999000999,0.000999000999000999,0.000999000999000999,0.999813536066503,0.000186463933496836,0.000627323544880212,0.999813536066503,0.000186463933496836,0.000627323544880212,0.0931890496138165,0.442782316520462,0.0766190870987605,0.450348153009201,0.0182155301741318,0.999186446372891,0.000627206645030836,0.000186346982078688,0,0
"Sturnus unicolor",0.976978903280855,1,1,1,1,1,1,1,1,0.000999000999000999,0.000999000999000999,0.000999000999000999,0.000999000999000999,0.001998001998002,0.001998001998002,0.001998001998002,0.000999000999000999,0.998744978368777,0.00125502163122283,0.000428885524407377,0.998744978368777,0.00125502163122283,0.000105481721559377,1.13679523280195,-0.836460852988585,1.13679523280195,-0.771593215761339,0.0648676372272465,0.998317168459789,0.000105315322432938,0.00125448404585173,0.000323032171926574,0
"Sturnus vulgaris",0.966981599972212,1,1,1,1,1,1,1,1,0.000999000999000999,0.000999000999000999,0.000999000999000999,0.000999000999000999,0.001998001998002,0.001998001998002,0.001998001998002,0.001998001998002,0.999464112240822,0.000535887759177796,8.74676757466042e-05,0.999464112240822,0.000535887759177796,8.74676757466042e-05,0.0543309990697313,0.907895281026762,0.0245800720080562,0.810517387600886,0.101821273754998,0.999376738281575,8.74208069875108e-05,0.000535840911437434,0,0
"Sylvia atricapilla",0.944900568940229,1,0.999000999000999,0.999000999000999,1,1,0.997002997002997,0.997002997002997,1,0.003996003996004,0.00799200799200799,0.00799200799200799,0.003996003996004,0.000999000999000999,0.000999000999000999,0.000999000999000999,0.000999000999000999,0.998961449416828,0.00103855058317246,6.5720856160465e-06,0.998961449416828,0.00103855058317246,6.5720856160465e-06,0.0587665358485214,0.4644208377975,0.0229388499006888,0.435014059952822,0.0463506382219575,0.998954890974965,6.56526021750811e-06,0.00103854376481763,0,0
"Sylvia borin",0.961753265523793,1,0.999000999000999,0.999000999000999,0.998001998001998,1,0.998001998001998,0.998001998001998,1,0.001998001998002,0.00599400599400599,0.00599400599400599,0.002997002997003,0.002997002997003,0.002997002997003,0.002997002997003,0.003996003996004,0.998413348252469,0.00158665174753087,0.00503495890099786,0.998441850827102,0.00155814917289796,0.00503495890099786,0.225616756430842,0.901211669426115,0.260024149009269,0.872162411843163,0.0450303012444596,0.993394314033132,0.00502701033406871,0.00155027208393762,8.67361737988404e-19,2.84035488618498e-05
"Sylvia communis",0.947360899846367,1,1,1,1,1,1,1,0.998001998001998,0.000999000999000999,0.000999000999000999,0.000999000999000999,0.003996003996004,0.001998001998002,0.001998001998002,0.001998001998002,0.001998001998002,0.999582143171665,0.000417856828334952,0.00259671935516506,0.999582143171665,0.000417856828334952,0.00259671935516506,0.0308572016910202,0.497959336378894,-0.0723059260029988,0.576346634869447,0.129565425481722,0.996987590661692,0.00259563711466523,0.00041677222364271,0,0
"Sylvia conspicillata",0.890097462895793,1,0.979020979020979,0.979020979020979,1,1,0.977022977022977,0.977022977022977,1,0.000999000999000999,0.023976023976024,0.023976023976024,0.000999000999000999,0.000999000999000999,0.022977022977023,0.022977022977023,0.000999000999000999,0.977988088576014,0.0220119114239864,0.000122237205216486,0.977988088576014,0.0220119114239864,0.000122237205216486,2.18196857859536,-0.724401924857219,1.69832499386811,-0.686585100264184,0.485119809191633,0.977871173178394,0.000119546852344217,0.0220092799692616,0,0
"Sylvia curruca",0.908346238808542,1,1,1,1,1,1,1,1,0.000999000999000999,0.000999000999000999,0.000999000999000999,0.002997002997003,0.001998001998002,0.001998001998002,0.001998001998002,0.001998001998002,0.996430658071961,0.00356934192803933,0.00195261513368841,0.996430658071961,0.00356934192803933,0.00195261513368841,-0.203628110471879,1.08600913105143,-0.166812456255148,1.09045225965981,0.0370827963783279,0.994491943651724,0.00194565914299317,0.00356239720528257,0,0
"Sylvia hortensis",0.842147615398766,1,0.999000999000999,0.999000999000999,1,0.998001998001998,1,1,0.998001998001998,0.000999000999000999,0.001998001998002,0.001998001998002,0.000999000999000999,0.001998001998002,0.002997002997003,0.002997002997003,0.001998001998002,0.990394149477888,0.00960585052211177,0.0244528720996196,0.990394149477888,0.00960585052211177,0.0244528720996196,0.925341780242398,-0.848109469257632,1.2335386021175,-1.09789343892367,0.396708094845611,0.966403167065323,0.0242236713789278,0.00937316155574904,0,0
"Sylvia melanocephala",0.874393440903695,1,0.999000999000999,0.999000999000999,1,1,0.998001998001998,0.998001998001998,1,0.001998001998002,0.002997002997003,0.002997002997003,0.001998001998002,0.001998001998002,0.002997002997003,0.002997002997003,0.000999000999000999,0.994342979908115,0.00565702009188479,0.00281785737676243,0.994342979908115,0.00565702009188479,0.00278531263890016,1.56448929339687,0.16334857921064,1.12844796132461,0.196674149849187,0.437312973662728,0.991556869293736,0.00276950983096787,0.00564116934013994,3.24515351558838e-05,0
"Sylvia undata",0.947177579342677,1,1,1,1,1,1,1,1,0.001998001998002,0.002997002997003,0.002997002997003,0.001998001998002,0.002997002997003,0.000999000999000999,0.000999000999000999,0.002997002997003,0.997467331699895,0.00253266830010507,0,0.997482770490562,0.00251722950943797,0,1.14150783998503,-0.518945446318776,0.980995704823275,-0.405507031181248,0.196551315343089,0.997467331699895,0,0.0025171905483846,0,1.54777517204713e-05
"Tetrao urogallus",0.862636591201549,1,0.946053946053946,0.946053946053946,1,1,0.949050949050949,0.949050949050949,1,0.000999000999000999,0.043956043956044,0.043956043956044,0.000999000999000999,0.000999000999000999,0.04995004995005,0.04995004995005,0.000999000999000999,0.998601574381966,0.00139842561803422,0.0120332096272254,0.998620487360541,0.00137951263945857,0.0120332096272254,1.34087724601744,1.67611238318348,1.39704529877692,1.90153453378995,0.232314433763458,0.986601794393004,0.0120165842882718,0.00136290979676874,0,1.87115219554984e-05
"Tringa nebularia",0.912257972559585,1,0.856143856143856,0.856143856143856,1,1,0.842157842157842,0.842157842157842,1,0.002997002997003,0.146853146853147,0.146853146853147,0.002997002997003,0.001998001998002,0.135864135864136,0.135864135864136,0.000999000999000999,0.989428547275024,0.0105714527249756,0.00376942336266296,0.989428547275024,0.0105714527249756,0.00116058341998344,-1.15113290537125,-2.46453864874754,-1.23700269740469,-2.36454212753145,0.131806393772026,0.985738252167986,0.00114536075861596,0.0105320241271525,0.00258436294624598,1.73472347597681e-18
"Tringa totanus",0.95126709555478,1,0.999000999000999,0.999000999000999,1,1,0.999000999000999,0.999000999000999,1,0.002997002997003,0.003996003996004,0.003996003996004,0.002997002997003,0.001998001998002,0.00799200799200799,0.00799200799200799,0.001998001998002,0.999540470572782,0.000459529427217951,0.000764776657619159,0.999540470572782,0.000459529427217951,0.000764776657619159,0.0294698783529596,1.3476803673325,0.120859281178999,1.50787754822404,0.184431992112257,0.998776396359901,0.000764425488887424,0.000459178151210892,0,0
"Troglodytes troglodytes",0.951448469188119,1,1,1,1,1,0.995004995004995,0.995004995004995,1,0.000999000999000999,0.004995004995005,0.004995004995005,0.000999000999000999,0.000999000999000999,0.003996003996004,0.003996003996004,0.000999000999000999,0.998154871619966,0.00184512838003443,0,0.998154871619966,0.00184512838003443,0,-0.0680172903355465,0.332132240667671,-0.0105062363482876,0.35034636184572,0.0603264083218457,0.998154871619966,0,0.00184512838003443,0,0
"Turdus iliacus",0.941721276189631,1,0.988011988011988,0.988011988011988,1,1,0.981018981018981,0.981018981018981,1,0.000999000999000999,0.00999000999000999,0.00999000999000999,0.000999000999000999,0.000999000999000999,0.012987012987013,0.012987012987013,0.000999000999000999,0.999032581242325,0.000967418757675152,0.00956126019027796,0.999032581242325,0.000967418757675152,0.00951913503833983,0.684077936993218,1.09854656799231,0.601405397006983,1.47040651170493,0.380939058913269,0.989489723319605,0.00950960955282405,0.000958177878118663,4.24892494526562e-05,0
"Turdus philomelos",0.967712490015083,1,0.953046953046953,0.953046953046953,1,1,0.958041958041958,0.958041958041958,1,0.000999000999000999,0.04995004995005,0.04995004995005,0.000999000999000999,0.001998001998002,0.047952047952048,0.047952047952048,0.000999000999000999,0.999031467393158,0.00096853260684243,0.00067587637587645,0.999031467393158,0.00096853260684243,0.000666273795992906,-0.332467236044349,0.86914686122079,-0.24331695981856,0.744989280790675,0.152849195383539,0.99835689915831,0.000665622527806214,0.000967878632115593,9.59968176807342e-06,0
"Turdus pilaris",0.954826862439923,1,1,1,0.999000999000999,1,1,1,0.998001998001998,0.000999000999000999,0.001998001998002,0.001998001998002,0.003996003996004,0.001998001998002,0.001998001998002,0.001998001998002,0.002997002997003,0.997193442326137,0.00280655767386327,0.00260914206438058,0.997193442326137,0.00280655767386327,0.00260914206438058,-0.080715432837378,1.19228277543059,-0.122737012060175,1.26255809948876,0.0818806099870943,0.99459890612649,0.0026018384091997,0.00279925546430978,0,0
"Turdus torquatus",0.95759172713885,1,1,1,1,1,1,1,1,0.000999000999000999,0.000999000999000999,0.000999000999000999,0.000999000999000999,0.000999000999000999,0.000999000999000999,0.000999000999000999,0.000999000999000999,0.999935640248529,6.43597514710199e-05,0.00881268355653022,0.999935640248529,6.43597514710199e-05,0.00881268355653022,2.8631672472725,-0.162830668299607,2.99147565401366,0.0718940256864262,0.267504633992183,0.991124086021986,0.00881212137248444,6.37926055295543e-05,0,0
"Turdus viscivorus",0.834653741100986,0.996003996003996,0.968031968031968,0.968031968031968,1,0.995004995004995,0.957042957042957,0.957042957042957,1,0.00699300699300699,0.043956043956044,0.043956043956044,0.002997002997003,0.010989010989011,0.046953046953047,0.046953046953047,0.000999000999000999,0.992887571010257,0.00711242898974296,0.000462295367870166,0.992887571010257,0.00711242898974296,3.5009290251087e-05,0.0981311713391814,0.473200647404213,0.124204343418831,0.478346558978991,0.0265761304224384,0.992431826843861,3.47455502974486e-05,0.00710916432200452,0.000424263283837227,0
"Vanellus vanellus",0.921366246594823,1,0.999000999000999,0.999000999000999,1,1,0.999000999000999,0.999000999000999,1,0.000999000999000999,0.000999000999000999,0.000999000999000999,0.000999000999000999,0.000999000999000999,0.001998001998002,0.001998001998002,0.000999000999000999,0.996280582685073,0.00371941731492712,0.000196761752312451,0.996280582685073,0.00371941731492712,0.000196761752312451,0.0246557522786368,1.0957389168605,-0.0447531077397923,1.09475673490474,0.0694158089375332,0.996085281745954,0.000196030056706439,0.00371868819733996,0,0
"Acrocephalus arundinaceus",0.888731299058271,1,1,1,1,1,1,1,1,0.000999000999000999,0.000999000999000999,0.000999000999000999,0.000999000999000999,0.002997002997003,0.000999000999000999,0.000999000999000999,0.000999000999000999,0.999183009344162,0.000816990655838111,0.00279940075871169,0.999202864237084,0.000797135762915963,0.00276770272287113,0.27652405604176,0.830207870802331,0.133687163561785,0.86085004741277,0.146086689471565,0.996388174493424,0.00276535995786716,0.000794890283107519,3.17601138320198e-05,1.98151517687568e-05
"Acrocephalus paludicola",0.560987710494263,0.992007992007992,0.984015984015984,0.984015984015984,0.994005994005994,0.994005994005994,0.982017982017982,0.982017982017982,0.987012987012987,0.00899100899100899,0.020979020979021,0.020979020979021,0.016983016983017,0.00999000999000999,0.022977022977023,0.022977022977023,0.014985014985015,0.976587011594165,0.0234129884058355,0.26923594191115,0.976587011594165,0.0234129884058355,0.26923594191115,-1.08948447273005,0.118569677101967,-1.30482140951576,0.33518437472327,0.305437266177235,0.718181831580471,0.26460026290118,0.0172179055183491,0,0
"Passer hispaniolensis",0.865437972240301,0.998001998001998,0.991008991008991,0.991008991008991,1,1,0.995004995004995,0.995004995004995,1,0.003996003996004,0.00699300699300699,0.00699300699300699,0.001998001998002,0.000999000999000999,0.00799200799200799,0.00799200799200799,0.000999000999000999,0.980997858782798,0.0190021412172022,0.00091002789843083,0.980997858782798,0.0190021412172022,0.00091002789843083,2.02857346123759,-0.293323397179331,1.14267776461801,-0.344228229170857,0.887357023530654,0.980122072102999,0.000892750857668388,0.018985177039333,0,0
