species,D,shift_p_D_NA,shift_p_E_NA,shift_p_S_NA,shift_p_U_NA,shift_p_D_A,shift_p_E_A,shift_p_S_A,shift_p_U_A,cons_p_D_NA,cons_p_E_NA,cons_p_S_NA,cons_p_U_NA,cons_p_D_A,cons_p_E_A,cons_p_S_A,cons_p_U_A,niche_stability_NA,niche_expansion_NA,niche_unfilling_NA,niche_stability_A,niche_expansion_A,niche_unfilling_A,niche_centroid_hist_X,niche_centroid_hist_Y,niche_centroid_rec_X,niche_centroid_rec_Y,niche_centroids_dist,niche_stability_std,niche_unfilling_std,niche_expansion_std,niche_abandonment_std,niche_pioneering_std
Accipiter gentilis,0.827447032,0.995004995,0.987012987,0.987012987,0.974025974,0.995004995,0.998001998,0.998001998,0.991008991,0.003996004,0.006993007,0.006993007,0.010989011,0.004995005,0.001998002,0.001998002,0.008991009,0.996507676,0.003492324,0.010298988,0.996835082,0.003164918,0.009471303,-0.019270128,-1.004535412,-0.321177415,-0.662751139,0.456031247,0.986280129,0.009430679,0.003131406,0.000832711,0.000325075
Accipiter nisus,0.860968152,0.998001998,0.981018981,0.981018981,0.984015984,0.994005994,0.997002997,0.997002997,0.995004995,0.006993007,0.024975025,0.024975025,0.01998002,0.004995005,0.007992008,0.007992008,0.007992008,0.996913331,0.003086669,0.006255453,0.997298382,0.002701618,0.005401165,-0.014521462,-0.650155434,-0.339695052,-0.444325361,0.384842673,0.990696315,0.005379973,0.002683734,0.000856292,0.000383686
Acrocephalus melanopogon,0.737939189,0.993006993,0.998001998,0.998001998,1,0.989010989,0.994005994,0.994005994,1,0.010989011,0.006993007,0.006993007,0.000999001,0.010989011,0.004995005,0.004995005,0.002997003,0.98632076,0.01367924,0.058132453,0.98632076,0.01367924,0.058132453,-2.262196861,0.856542234,-1.958652038,-0.59560985,1.483538046,0.929722838,0.057382876,0.012894286,0,0
Acrocephalus palustris,0.813760871,0.997002997,0.985014985,0.985014985,0.955044955,1,0.988011988,0.988011988,0.969030969,0.003996004,0.022977023,0.022977023,0.055944056,0.013986014,0.027972028,0.027972028,0.055944056,0.988538834,0.011461166,0.009372218,0.988538834,0.011461166,0.009372218,-0.172301994,-1.374747864,-0.382664815,-1.065473414,0.374036364,0.979379234,0.009265797,0.01135497,0,0
Acrocephalus schoenobaenus,0.843040037,1,0.992007992,0.992007992,0.984015984,1,1,1,0.994005994,0.002997003,0.015984016,0.015984016,0.021978022,0.001998002,0.000999001,0.000999001,0.002997003,0.998407844,0.001592156,0.016866291,0.998982979,0.001017021,0.015293254,0.057382778,-1.373569951,-0.201938177,-1.126650651,0.358073314,0.981594766,0.015244923,0.000999319,0.001594967,0.000566026
Acrocephalus scirpaceus,0.849328342,0.994005994,0.978021978,0.978021978,0.983016983,0.997002997,0.977022977,0.977022977,0.985014985,0.004995005,0.02997003,0.02997003,0.017982018,0.006993007,0.021978022,0.021978022,0.012987013,0.992191329,0.007808671,0.005001978,0.992191329,0.007808671,0.005001978,-0.410776988,-0.580121283,-0.607951447,-0.407307924,0.262187385,0.987266971,0.004963113,0.007769916,0,0
Aegithalos caudatus,0.863898428,1,0.998001998,0.998001998,0.999000999,1,1,1,0.999000999,0.002997003,0.005994006,0.005994006,0.004995005,0.002997003,0.000999001,0.000999001,0.006993007,0.996851438,0.003148562,0.006849396,0.99743558,0.00256442,0.006849396,-0.22559471,-0.457492515,-0.440566029,-0.348548703,0.241000875,0.990044959,0.006827977,0.002545418,8.67E-19,0.000581646
Alectoris graeca,0.792933825,0.999000999,0.945054945,0.945054945,0.997002997,1,0.94005994,0.94005994,1,0.006993007,0.071928072,0.071928072,0.006993007,0.004995005,0.066933067,0.066933067,0.003996004,0.97340336,0.02659664,0.01276909,0.97340336,0.02659664,0.010591814,-0.325198735,0.852532052,0.837602523,0.890046137,1.163406237,0.961300356,0.010290914,0.026265946,0.002142784,0
Alectoris rufa,0.848504528,1,0.988011988,0.988011988,1,1,0.995004995,0.995004995,1,0.000999001,0.005994006,0.005994006,0.000999001,0.002997003,0.013986014,0.013986014,0.004995005,0.992696007,0.007303993,0.009338266,0.992696007,0.007303993,0.009338266,-0.91349133,1.372866365,-0.722898499,1.448809877,0.205165894,0.983493027,0.009270692,0.00723628,0,0
Anas crecca,0.868703952,1,0.977022977,0.977022977,0.985014985,1,1,1,1,0.002997003,0.024975025,0.024975025,0.017982018,0.000999001,0.000999001,0.000999001,0.000999001,0.997852783,0.002147217,0.012606295,0.99919635,0.00080365,0.009952916,0.430016041,-1.084934862,0.10637946,-0.889243605,0.378200615,0.985300227,0.009905196,0.000792474,0.002674371,0.001327732
Anser brachyrhynchus,0.661001407,0.994005994,0.925074925,0.925074925,0.983016983,0.996003996,0.934065934,0.934065934,1,0.002997003,0.056943057,0.056943057,0.00999001,0.003996004,0.050949051,0.050949051,0.000999001,0.852831485,0.147168515,0.047117891,0.853036711,0.146963289,0.004060192,3.488290638,-0.747585026,3.728267846,0.297098504,1.07189213,0.818322332,0.003336091,0.140982609,0.03712812,0.000230848
Anthus campestris,0.862868492,1,0.999000999,0.999000999,0.999000999,0.999000999,0.994005994,0.994005994,0.996003996,0.001998002,0.001998002,0.001998002,0.003996004,0.002997003,0.006993007,0.006993007,0.003996004,0.991631593,0.008368407,0.002497724,0.991631593,0.008368407,0.002470365,-1.159112019,-0.479585673,-1.379565389,-0.391890967,0.237255243,0.989175447,0.002449676,0.008347679,2.72E-05,0
Anthus petrosus,0.848784606,1,1,1,0.998001998,0.999000999,1,1,0.998001998,0.000999001,0.000999001,0.000999001,0.000999001,0.000999001,0.000999001,0.000999001,0.001998002,0.970008779,0.029991221,0.007409798,0.974878651,0.025121349,0.007409798,1.520235604,2.186640995,1.837629316,2.441171501,0.40684708,0.963035225,0.007189166,0.024816159,0,0.004959449
Anthus pratensis,0.898585242,1,0.997002997,0.997002997,0.985014985,1,1,1,1,0.003996004,0.013986014,0.013986014,0.028971029,0.002997003,0.000999001,0.000999001,0.000999001,0.994793037,0.005206963,0.005677024,0.995984701,0.004015299,0.003826348,0.433750251,-1.151799286,0.138550296,-0.858674439,0.416011045,0.989174813,0.003799465,0.003987845,0.001848165,0.00118971
Anthus trivialis,0.866729371,1,0.962037962,0.962037962,0.964035964,1,0.982017982,0.982017982,0.974025974,0.002997003,0.024975025,0.024975025,0.041958042,0.000999001,0.014985015,0.014985015,0.022977023,0.9940693,0.0059307,0.00868011,0.994776881,0.005223119,0.007724114,0.135456158,-1.071992828,-0.160603822,-0.813021133,0.3933419,0.985491401,0.007671302,0.005174365,0.000957773,0.000705159
Apus apus,0.883696221,1,0.995004995,0.995004995,0.994005994,1,1,1,1,0.002997003,0.006993007,0.006993007,0.010989011,0.002997003,0.000999001,0.000999001,0.000999001,0.997739122,0.002260878,0.004750887,0.998139317,0.001860683,0.003725639,-0.171888477,-0.60945876,-0.428754912,-0.431966688,0.31222396,0.993009642,0.003713431,0.001851121,0.001026766,0.00039904
Apus pallidus,0.745676678,1,0.991008991,0.991008991,0.999000999,0.999000999,0.987012987,0.987012987,1,0.001998002,0.017982018,0.017982018,0.000999001,0.003996004,0.012987013,0.012987013,0.001998002,0.936608284,0.063391716,0.001718373,0.936608284,0.063391716,0.001718373,-3.384774658,2.135059514,-2.966214184,1.837669598,0.513452659,0.935100703,0.001609617,0.06328968,0,0
Aquila adalberti,0.657977528,0.986013986,0.981018981,0.981018981,0.988011988,0.99000999,0.987012987,0.987012987,0.994005994,0.013986014,0.025974026,0.025974026,0.008991009,0.010989011,0.016983017,0.016983017,0.00999001,0.88447663,0.11552337,0.085074803,0.88447663,0.11552337,0.085074803,-3.999587195,1.624170678,-4.043225728,0.874765454,0.750674704,0.817262111,0.075993549,0.106744339,0,0
Aquila chrysaetos,0.796437537,1,0.974025974,0.974025974,1,1,1,1,1,0.001998002,0.022977023,0.022977023,0.001998002,0.000999001,0.000999001,0.000999001,0.000999001,0.998054318,0.001945682,0.019372349,0.999982499,1.75E-05,0.006825272,0.947324172,0.027894909,0.837691951,-0.013336504,0.117129216,0.978756553,0.006726188,1.71E-05,0.012609198,0.001890932
Asio otus,0.85301441,0.996003996,0.983016983,0.983016983,0.981018981,0.997002997,0.986013986,0.986013986,0.987012987,0.002997003,0.031968032,0.031968032,0.022977023,0.005994006,0.014985015,0.014985015,0.011988012,0.996060169,0.003939831,0.004865117,0.996169204,0.003830796,0.004789647,-0.147930176,-0.847165747,-0.406958031,-0.58342697,0.369666839,0.991233219,0.004770506,0.003811814,7.55E-05,0.000108924
Branta leucopsis,0.487535471,0.976023976,0.994005994,0.994005994,0.941058941,0.967032967,0.995004995,0.995004995,0.953046953,0.031968032,0.008991009,0.008991009,0.056943057,0.044955045,0.014985015,0.014985015,0.065934066,0.943811773,0.056188227,0.051587633,0.943838388,0.056161612,0.046410489,0.604627887,-1.679025354,0.116042766,-0.837556343,0.973029042,0.897724918,0.043691601,0.053417703,0.005138956,2.68E-05
Buteo buteo,0.866725579,0.998001998,0.998001998,0.998001998,0.986013986,0.994005994,1,1,0.992007992,0.005994006,0.005994006,0.005994006,0.014985015,0.003996004,0.000999001,0.000999001,0.008991009,0.998298699,0.001701301,0.007902301,0.9984642,0.0015358,0.007336307,-0.2852614,-0.689026072,-0.464610089,-0.387228802,0.351066296,0.990423157,0.007319748,0.001523431,0.000569215,0.000164449
Caprimulgus europaeus,0.869822418,1,0.985014985,0.985014985,0.986013986,1,0.984015984,0.984015984,0.987012987,0.002997003,0.020979021,0.020979021,0.015984016,0.001998002,0.014985015,0.014985015,0.013986014,0.99468536,0.00531464,0.004653496,0.99468536,0.00531464,0.004653496,-0.453546543,-0.698087814,-0.624593236,-0.491137887,0.268486952,0.990081083,0.004628878,0.005290039,0,0
Caprimulgus ruficollis,0.77909619,0.997002997,0.997002997,0.997002997,0.995004995,0.999000999,0.997002997,0.997002997,0.996003996,0.001998002,0.002997003,0.002997003,0.005994006,0.003996004,0.005994006,0.005994006,0.007992008,0.99648745,0.00351255,0.078933742,0.99648745,0.00351255,0.078933742,-3.556837985,1.459503853,-4.044078918,1.108336665,0.600601466,0.918085514,0.078678297,0.003236189,0,0
Carduelis carduelis,0.870974748,1,0.992007992,0.992007992,0.997002997,1,1,1,1,0.001998002,0.005994006,0.005994006,0.002997003,0.002997003,0.000999001,0.000999001,0.002997003,0.993383039,0.006616961,0.001394605,0.993975386,0.006024614,0.001370616,-0.46689252,-0.296072939,-0.541026989,-0.216335947,0.108875651,0.992006817,0.001361527,0.006012682,2.39E-05,0.000595111
Carduelis citrinella,0.856411093,0.999000999,0.996003996,0.996003996,0.997002997,1,1,1,1,0.002997003,0.003996004,0.003996004,0.002997003,0.001998002,0.001998002,0.001998002,0.000999001,0.979691812,0.020308188,0.006433043,0.979691812,0.020308188,0.004286596,1.745866901,0.498926988,1.701555459,0.569179821,0.083060005,0.973516596,0.004191037,0.020180181,0.002112185,0
Certhia brachydactyla,0.864114012,0.993006993,0.971028971,0.971028971,0.984015984,0.995004995,0.97002997,0.97002997,0.987012987,0.003996004,0.022977023,0.022977023,0.00999001,0.005994006,0.023976024,0.023976024,0.012987013,0.995967849,0.004032151,0.007700953,0.995967849,0.004032151,0.007700953,-0.72034344,0.314397202,-0.773173654,0.322462133,0.053442255,0.988328637,0.007670139,0.004001224,0,0
Cettia cetti,0.848911687,0.999000999,0.973026973,0.973026973,0.978021978,0.999000999,0.981018981,0.981018981,0.985014985,0.003996004,0.032967033,0.032967033,0.020979021,0.002997003,0.026973027,0.026973027,0.025974026,0.976000383,0.023999617,0.007562721,0.976000383,0.023999617,0.007562721,-1.566030644,1.438871679,-1.267512579,1.520113662,0.309375653,0.968795002,0.007382559,0.023822439,0,0
Charadrius hiaticula,0.828655977,1,0.947052947,0.947052947,0.997002997,1,1,1,1,0.001998002,0.05994006,0.05994006,0.006993007,0.004995005,0.000999001,0.000999001,0.000999001,0.994747208,0.005252792,0.016959114,0.997779598,0.002220402,0.00521524,1.364639619,-0.554196643,0.743226636,-0.494533207,0.624270631,0.977964296,0.005127057,0.002176306,0.011744478,0.002987863
Ciconia ciconia,0.797022822,0.994005994,0.991008991,0.991008991,0.991008991,0.996003996,0.989010989,0.989010989,0.989010989,0.004995005,0.004995005,0.004995005,0.005994006,0.006993007,0.008991009,0.008991009,0.010989011,0.983894429,0.016105571,0.001232675,0.983894429,0.016105571,0.001232675,-0.756023092,-1.355997999,-0.78591207,-0.811902975,0.544915357,0.982701117,0.001212846,0.016086037,0,0
Cinclus cinclus,0.869062521,1,0.994005994,0.994005994,0.994005994,1,1,1,1,0.002997003,0.010989011,0.010989011,0.011988012,0.000999001,0.000999001,0.000999001,0.000999001,0.994737758,0.005262242,0.009050047,0.996029502,0.003970498,0.007472737,0.89037569,0.074271812,0.533547959,0.069922589,0.356854235,0.985782282,0.007421954,0.003929649,0.001580898,0.001285218
Circus aeruginosus,0.831557295,0.998001998,0.987012987,0.987012987,0.984015984,0.998001998,0.987012987,0.987012987,0.988011988,0.005994006,0.015984016,0.015984016,0.018981019,0.005994006,0.018981019,0.018981019,0.021978022,0.987822667,0.012177333,0.002331204,0.987822667,0.012177333,0.002331204,-0.533617181,-1.242522132,-0.612002665,-0.910889061,0.340770858,0.985547829,0.002302881,0.01214929,0,0
Circus pygargus,0.834737917,1,1,1,0.996003996,1,0.997002997,0.997002997,0.997002997,0.000999001,0.002997003,0.002997003,0.001998002,0.001998002,0.002997003,0.002997003,0.005994006,0.997216398,0.002783602,0.013952233,0.997216398,0.002783602,0.013952233,-0.732749073,-0.017531917,-0.765220546,-0.727532533,0.71074276,0.983341193,0.013913935,0.002744871,0,0
Coccothraustes coccothraustes,0.803763154,1,1,1,1,0.999000999,1,1,1,0.006993007,0.002997003,0.002997003,0.002997003,0.004995005,0.000999001,0.000999001,0.003996004,0.988876676,0.011123324,0.003932694,0.988930514,0.011069486,0.003932694,-0.385429816,-0.848154873,-0.485393756,-0.627823953,0.241947316,0.985030816,0.00388912,0.011025835,4.34E-19,5.42E-05
Columba livia,0.831957536,0.998001998,0.997002997,0.997002997,0.997002997,0.999000999,1,1,0.994005994,0.006993007,0.006993007,0.006993007,0.006993007,0.005994006,0.001998002,0.001998002,0.006993007,0.998747357,0.001252643,0.006560969,0.998846573,0.001153427,0.006214435,-0.197268302,-0.630267916,-0.479491308,-0.352764202,0.395800628,0.992202761,0.006204537,0.001145755,0.000348267,9.87E-05
Columba oenas,0.826939742,1,0.987012987,0.987012987,0.999000999,1,0.988011988,0.988011988,1,0.002997003,0.012987013,0.012987013,0.003996004,0.001998002,0.013986014,0.013986014,0.004995005,0.998591642,0.001408358,0.016079454,0.998591642,0.001408358,0.016079454,-0.13350375,-0.737010327,-0.328206101,-0.645241455,0.215245281,0.982557084,0.016057172,0.001385744,0,0
Columba palumbus,0.895362837,1,0.989010989,0.989010989,0.99000999,1,1,1,0.996003996,0.001998002,0.014985015,0.014985015,0.014985015,0.001998002,0.000999001,0.000999001,0.003996004,0.995657173,0.004342827,0.003584921,0.996366426,0.003633574,0.002990784,-0.09654744,-0.635108611,-0.325190115,-0.434139106,0.30441126,0.992103266,0.002976067,0.003618027,0.000593341,0.000709298
Coracias garrulus,0.678115565,0.997002997,0.998001998,0.998001998,0.995004995,0.997002997,0.998001998,0.998001998,0.997002997,0.005994006,0.001998002,0.001998002,0.003996004,0.007992008,0.004995005,0.004995005,0.007992008,0.985107563,0.014892437,0.025649292,0.985107563,0.014892437,0.025349692,-1.425742372,-1.317200199,-2.051300232,0.229217776,1.668152029,0.960207032,0.024974036,0.014516001,0.00030293,1.73E-18
Coturnix coturnix,0.803928361,0.999000999,0.992007992,0.992007992,1,0.998001998,0.989010989,0.989010989,1,0.003996004,0.012987013,0.012987013,0.001998002,0.002997003,0.011988012,0.011988012,0.000999001,0.991094909,0.008905091,0.0030478,0.991364567,0.008635433,0.002995203,-0.624407983,-0.246539155,-0.488917773,-0.393662162,0.20000694,0.988101068,0.002968454,0.008607006,5.23E-05,0.000271185
Crex crex,0.76596918,1,0.987012987,0.987012987,0.974025974,1,0.996003996,0.996003996,0.985014985,0.002997003,0.016983017,0.016983017,0.025974026,0.001998002,0.003996004,0.003996004,0.014985015,0.994639265,0.005360735,0.012610618,0.994911251,0.005088749,0.012573673,-0.100136437,-1.49492444,-0.260681456,-1.21572621,0.322065762,0.982162645,0.012506646,0.005023543,3.72E-05,0.000269949
Cyanistes caeruleus,0.888896561,1,0.993006993,0.993006993,0.994005994,1,1,1,0.998001998,0.003996004,0.007992008,0.007992008,0.006993007,0.002997003,0.000999001,0.000999001,0.001998002,0.997115481,0.002884519,0.003591661,0.99775186,0.00224814,0.003366983,-0.197790038,-0.580121283,-0.351114998,-0.377819416,0.253839691,0.993544474,0.003356549,0.00223866,0.000224789,0.000635528
Cygnus olor,0.723667746,0.999000999,0.984015984,0.984015984,0.99000999,0.995004995,0.987012987,0.987012987,0.997002997,0.006993007,0.022977023,0.022977023,0.012987013,0.007992008,0.014985015,0.014985015,0.016983017,0.969103736,0.030896264,0.000770179,0.969893389,0.030106611,0.000770179,-0.014521462,-0.848647812,-0.411827954,-0.625059016,0.455899549,0.968380396,0.000746401,0.030059645,1.08E-19,0.000813558
Dendrocopos major,0.863785707,1,0.997002997,0.997002997,0.99000999,1,1,1,0.993006993,0.002997003,0.012987013,0.012987013,0.021978022,0.001998002,0.000999001,0.000999001,0.005994006,0.995874249,0.004125751,0.007260946,0.996506437,0.003493563,0.006450534,-0.130156288,-0.830272929,-0.339695052,-0.524567493,0.370624213,0.988672877,0.006418874,0.0034661,0.000812332,0.000629817
Emberiza caesia,0.583051703,1,0.966033966,0.966033966,0.981018981,0.999000999,0.972027972,0.972027972,0.993006993,0.001998002,0.028971029,0.028971029,0.010989011,0.000999001,0.040959041,0.040959041,0.014985015,0.998102743,0.001897257,0.410736754,0.998102743,0.001897257,0.410736754,-3.463657235,2.354699557,-4.413759276,3.556406419,1.531924695,0.588603945,0.410277199,0.001118856,0,0
Emberiza calandra,0.866384822,1,0.979020979,0.979020979,0.997002997,1,0.982017982,0.982017982,0.999000999,0.001998002,0.01998002,0.01998002,0.003996004,0.003996004,0.023976024,0.023976024,0.003996004,0.991691632,0.008308368,0.003325109,0.991691632,0.008308368,0.003325109,-0.782497053,0.164024923,-0.912762176,0.154680018,0.130599884,0.988421456,0.003297574,0.00828097,0,0
Emberiza cia,0.842957103,1,0.997002997,0.997002997,0.999000999,1,0.992007992,0.992007992,0.996003996,0.001998002,0.011988012,0.011988012,0.004995005,0.000999001,0.00999001,0.00999001,0.000999001,0.991744043,0.008255957,0.009494301,0.991744043,0.008255957,0.009351205,-1.164273887,0.920164143,-0.80023383,0.989418961,0.370569013,0.982405132,0.009273389,0.008178213,0.000143266,0
Emberiza cirlus,0.885381012,1,0.996003996,0.996003996,0.997002997,1,0.995004995,0.995004995,0.999000999,0.002997003,0.008991009,0.008991009,0.002997003,0.002997003,0.011988012,0.011988012,0.003996004,0.99261951,0.00738049,0.006585388,0.99261951,0.00738049,0.006585388,-1.211347725,1.243644615,-1.051486296,1.342987568,0.188214502,0.986130655,0.006537102,0.007332243,0,0
Emberiza citrinella,0.860982524,0.999000999,0.993006993,0.993006993,0.978021978,0.998001998,1,1,0.985014985,0.001998002,0.011988012,0.011988012,0.031968032,0.006993007,0.000999001,0.000999001,0.028971029,0.998032297,0.001967703,0.011528308,0.998504945,0.001495055,0.010582533,0.141704981,-1.042285342,-0.139172345,-0.817402924,0.359811304,0.986549052,0.010551853,0.001477153,0.000954032,0.00046791
Emberiza hortulana,0.760721428,0.983016983,0.973026973,0.973026973,0.941058941,0.988011988,0.973026973,0.973026973,0.94005994,0.010989011,0.020979021,0.020979021,0.068931069,0.007992008,0.017982018,0.017982018,0.03996004,0.99792725,0.00207275,0.028830816,0.99792725,0.00207275,0.028136128,-0.408251551,-1.3386482,-0.79292342,-1.216075114,0.403728384,0.969214113,0.028059415,0.002013111,0.000713361,0
Emberiza melanocephala,0.751860402,0.998001998,0.954045954,0.954045954,0.994005994,0.996003996,0.95004995,0.95004995,0.992007992,0.004995005,0.051948052,0.051948052,0.012987013,0.004995005,0.04995005,0.04995005,0.010989011,0.94716555,0.05283445,0.004411364,0.94716555,0.05283445,0.004411364,-2.485326766,1.182850387,-1.837346334,0.608881776,0.865631912,0.943207093,0.004179266,0.05261364,0,0
Emberiza schoeniclus,0.855000557,1,0.987012987,0.987012987,0.987012987,1,1,1,1,0.003996004,0.026973027,0.026973027,0.022977023,0.001998002,0.000999001,0.000999001,0.000999001,0.99706975,0.00293025,0.010720902,0.998037387,0.001962613,0.009177497,0.147166859,-1.15681003,-0.108672541,-0.95028131,0.328797674,0.98641125,0.009136638,0.001939751,0.001553185,0.000959176
Erithacus rubecula,0.898910562,1,0.993006993,0.993006993,0.987012987,1,1,1,0.995004995,0.004995005,0.005994006,0.005994006,0.014985015,0.001998002,0.000999001,0.000999001,0.007992008,0.996060064,0.003939936,0.005592156,0.996693519,0.003306481,0.00464447,-0.050684644,-0.658544567,-0.304987423,-0.431966688,0.340598648,0.990511765,0.004621869,0.003285973,0.000948377,0.000632016
Falco columbarius,0.765546517,0.999000999,0.965034965,0.965034965,1,0.996003996,0.995004995,0.995004995,1,0.004995005,0.028971029,0.028971029,0.000999001,0.003996004,0.011988012,0.011988012,0.000999001,0.987609226,0.012390774,0.023824385,0.991656252,0.008343748,0.000615561,2.076629722,-2.202203829,1.863140976,-1.978069932,0.309537476,0.964364726,0.000593991,0.008114119,0.02294214,0.003985024
Ficedula albicollis,0.764508213,0.99000999,0.98001998,0.98001998,0.981018981,0.989010989,0.977022977,0.977022977,0.98001998,0.014985015,0.02997003,0.02997003,0.021978022,0.017982018,0.040959041,0.040959041,0.027972028,0.976909521,0.023090479,0.01330508,0.976909521,0.023090479,0.01330508,-0.580647932,-1.497540929,-0.837180506,-1.300659055,0.323375067,0.964207887,0.013001854,0.02279026,0,0
Ficedula hypoleuca,0.852125857,1,1,1,0.995004995,1,1,1,1,0.001998002,0.001998002,0.001998002,0.010989011,0.000999001,0.000999001,0.000999001,0.000999001,0.994632989,0.005367011,0.007866159,0.995886254,0.004113746,0.006182706,0.316783145,-1.416170663,0.025124741,-1.1809505,0.374690739,0.98685071,0.006139365,0.004076423,0.001684906,0.001248595
Ficedula parva,0.757958433,0.994005994,0.99000999,0.99000999,0.954045954,0.994005994,0.986013986,0.986013986,0.955044955,0.005994006,0.007992008,0.007992008,0.036963037,0.004995005,0.012987013,0.012987013,0.04995005,0.96884653,0.03115347,0.010965491,0.96884653,0.03115347,0.010965491,-0.203565257,-1.707736732,-0.303582891,-1.549667152,0.187054856,0.958550106,0.010627508,0.030822386,0,0
Ficedula semitorquata,0.615898357,0.935064935,0.954045954,0.954045954,0.958041958,0.925074925,0.94005994,0.94005994,0.943056943,0.076923077,0.053946054,0.053946054,0.058941059,0.080919081,0.05994006,0.05994006,0.054945055,0.966941161,0.033058839,0.19690661,0.966941161,0.033058839,0.19690661,-2.105871462,-0.289189543,-1.568487466,-0.310455498,0.537804611,0.781632092,0.191644617,0.02672329,0,0
Fringilla montifringilla,0.781055686,1,0.997002997,0.997002997,0.999000999,1,1,1,1,0.000999001,0.000999001,0.000999001,0.003996004,0.002997003,0.000999001,0.000999001,0.000999001,0.990091984,0.009908016,0.038595021,0.992531528,0.007468472,0.021714025,1.793907445,-2.344388016,1.752948561,-2.273226776,0.082106957,0.952243501,0.021135987,0.007165318,0.017091252,0.002363942
Gallinago gallinago,0.879336551,1,0.992007992,0.992007992,0.998001998,1,1,1,1,0.006993007,0.015984016,0.015984016,0.007992008,0.002997003,0.000999001,0.000999001,0.000999001,0.994278874,0.005721126,0.004096174,0.99587867,0.00412133,0.001930743,0.337828779,-1.371699932,0.046698153,-1.186760855,0.344905065,0.990229341,0.001915577,0.00409795,0.002157258,0.001599875
Garrulus glandarius,0.880628073,1,0.986013986,0.986013986,0.995004995,1,1,1,0.997002997,0.003996004,0.01998002,0.01998002,0.014985015,0.003996004,0.000999001,0.000999001,0.004995005,0.996539303,0.003460697,0.004683166,0.997144357,0.002855643,0.004052211,-0.18915415,-0.658544567,-0.384093341,-0.444833403,0.289264152,0.99188842,0.004035694,0.002840591,0.00063134,0.000603955
Haematopus ostralegus,0.79265508,1,0.955044955,0.955044955,0.981018981,0.994005994,1,1,1,0.004995005,0.044955045,0.044955045,0.020979021,0.006993007,0.000999001,0.000999001,0.000999001,0.976847236,0.023152764,0.00060723,0.97969328,0.02030672,0.000168921,0.500294189,0.218983256,0.214152286,-0.113777818,0.438870278,0.97626779,0.00016494,0.020235718,0.000428239,0.002903313
Hieraaetus pennatus,0.783852214,1,0.983016983,0.983016983,0.998001998,1,0.986013986,0.986013986,0.999000999,0.000999001,0.01998002,0.01998002,0.002997003,0.000999001,0.011988012,0.011988012,0.001998002,0.968730123,0.031269877,0.003880161,0.968730123,0.031269877,0.003486268,-1.669507762,0.414637372,-1.754955858,0.663336227,0.262968624,0.96508839,0.003376327,0.031152325,0.000382957,0
Hippolais icterina,0.819331975,1,0.998001998,0.998001998,0.969030969,1,1,1,0.968031968,0.003996004,0.00999001,0.00999001,0.046953047,0.000999001,0.000999001,0.000999001,0.056943057,0.992786943,0.007213057,0.006698043,0.993934638,0.006065362,0.006698043,0.128726848,-1.570711494,-0.264849484,-1.279629412,0.489521304,0.98618486,0.006650051,0.00601807,0,0.00114702
Hippolais olivetorum,0.734639227,0.992007992,0.968031968,0.968031968,0.993006993,0.996003996,0.971028971,0.971028971,0.998001998,0.008991009,0.043956044,0.043956044,0.008991009,0.006993007,0.024975025,0.024975025,0.004995005,0.908844557,0.091155443,0.006982342,0.909726468,0.090273532,0.006982342,-3.157680389,2.015315167,-2.292904421,2.194740066,0.883193506,0.90307348,0.006349905,0.089613346,0,0.000963268
Hippolais polyglotta,0.860136618,1,0.992007992,0.992007992,0.997002997,1,0.991008991,0.991008991,1,0.000999001,0.006993007,0.006993007,0.000999001,0.001998002,0.004995005,0.004995005,0.001998002,0.985886024,0.014113976,0.005480366,0.985886024,0.014113976,0.005480366,-0.907978517,1.152609848,-0.628246246,1.16318817,0.279932214,0.980558854,0.005403435,0.014037712,0,0
Jynx torquilla,0.849850674,0.998001998,0.977022977,0.977022977,0.974025974,0.992007992,0.98001998,0.98001998,0.981018981,0.003996004,0.026973027,0.026973027,0.026973027,0.006993007,0.018981019,0.018981019,0.028971029,0.994687427,0.005312573,0.006051439,0.995041053,0.004958947,0.005147845,-0.085292798,-1.124748437,-0.435659752,-0.820428383,0.464077254,0.988699923,0.00511601,0.004927345,0.000903473,0.000353248
Lanius collurio,0.839195305,0.995004995,0.967032967,0.967032967,0.961038961,0.987012987,0.946053946,0.946053946,0.944055944,0.004995005,0.043956044,0.043956044,0.041958042,0.007992008,0.043956044,0.043956044,0.046953047,0.992230857,0.007769143,0.007676969,0.992230857,0.007769143,0.007676969,-0.19743622,-1.094942597,-0.444511294,-0.775757673,0.403639824,0.984672261,0.00761778,0.00770996,0,0
Lanius minor,0.780070787,0.998001998,0.977022977,0.977022977,0.991008991,0.999000999,0.967032967,0.967032967,0.987012987,0.001998002,0.024975025,0.024975025,0.00999001,0.005994006,0.038961039,0.038961039,0.017982018,0.983136603,0.016863397,0.022329121,0.983136603,0.016863397,0.022018643,-1.264268776,-1.256655201,-1.611478443,-1.2022918,0.351439799,0.961546092,0.021648613,0.016493062,0.000312233,0
Lanius senator,0.859252922,0.999000999,0.982017982,0.982017982,0.98001998,0.997002997,0.983016983,0.983016983,0.981018981,0.002997003,0.023976024,0.023976024,0.02997003,0.005994006,0.013986014,0.013986014,0.01998002,0.984792737,0.015207263,0.018251167,0.984792737,0.015207263,0.018251167,-1.592394857,1.168249442,-2.08532074,1.44246895,0.564067607,0.967087535,0.017978607,0.014933858,0,0
Larus ridibundus,0.853049752,1,0.993006993,0.993006993,0.99000999,1,1,1,1,0.003996004,0.005994006,0.005994006,0.008991009,0.000999001,0.000999001,0.000999001,0.000999001,0.997279654,0.002720346,0.009227185,0.998135,0.001865,0.007242217,0.145786614,-1.270976332,-0.215847283,-1.149460658,0.381503781,0.988102372,0.007208255,0.001846255,0.00199406,0.000849058
Limosa limosa,0.72793409,1,0.995004995,0.995004995,0.999000999,1,0.994005994,0.994005994,0.999000999,0.000999001,0.007992008,0.007992008,0.002997003,0.000999001,0.005994006,0.005994006,0.003996004,0.976268916,0.023731084,0.009148454,0.976423238,0.023576762,0.009148454,-0.448168359,-1.583024146,-0.397536149,-1.403436856,0.186588358,0.967547622,0.008933291,0.023362451,0,0.000156636
Linaria cannabina,0.884700021,1,0.996003996,0.996003996,0.998001998,1,1,1,1,0.000999001,0.005994006,0.005994006,0.003996004,0.000999001,0.000999001,0.000999001,0.004995005,0.996088535,0.003911465,0.002936105,0.996549437,0.003450563,0.002864925,-0.346022234,-0.457492515,-0.491473053,-0.265500919,0.240866589,0.99317532,0.002853548,0.00343888,7.11E-05,0.000461146
Locustella fluviatilis,0.775926087,0.991008991,0.969030969,0.969030969,0.954045954,0.996003996,0.973026973,0.973026973,0.958041958,0.006993007,0.021978022,0.021978022,0.030969031,0.011988012,0.026973027,0.026973027,0.043956044,0.978990445,0.021009555,0.018629684,0.978990445,0.021009555,0.018629684,-0.477226429,-1.736591749,-0.482449558,-1.481080629,0.2555645,0.961128349,0.018245424,0.020626227,0,0
Locustella luscinioides,0.803658467,0.997002997,0.992007992,0.992007992,0.992007992,0.999000999,0.982017982,0.982017982,0.983016983,0.003996004,0.023976024,0.023976024,0.018981019,0.003996004,0.013986014,0.013986014,0.00999001,0.992530599,0.007469401,0.012801281,0.992530599,0.007469401,0.012801281,-0.730887133,-1.079824287,-0.743117129,-1.158955874,0.080071099,0.979918633,0.012706879,0.007374489,0,0
Locustella naevia,0.823334508,1,0.972027972,0.972027972,0.961038961,1,0.989010989,0.989010989,0.97002997,0.002997003,0.028971029,0.028971029,0.046953047,0.002997003,0.00999001,0.00999001,0.02997003,0.992632572,0.007367428,0.006811674,0.99352532,0.00647468,0.006778911,0.113011645,-1.008350598,-0.14721809,-0.785050184,0.342903178,0.98592056,0.006729084,0.00642512,3.27E-05,0.000892491
Lophophanes cristatus,0.808654108,0.999000999,1,1,0.997002997,0.995004995,1,1,0.995004995,0.004995005,0.000999001,0.000999001,0.007992008,0.004995005,0.000999001,0.000999001,0.003996004,0.997575672,0.002424328,0.011978315,0.997959084,0.002040916,0.01172107,0.14475659,-0.830272929,-0.207295621,-0.587250907,0.427785534,0.98565502,0.01168995,0.002015753,0.000259673,0.000379604
Loxia curvirostra,0.86006461,0.996003996,0.966033966,0.966033966,0.971028971,0.996003996,0.992007992,0.992007992,1,0.004995005,0.030969031,0.030969031,0.023976024,0.002997003,0.015984016,0.015984016,0.003996004,0.993457297,0.006542703,0.006125732,0.994269371,0.005730629,0.004103238,0.584379092,-0.786636405,0.115349073,-0.524942134,0.537096873,0.987411218,0.004068277,0.005691101,0.00201762,0.000811784
Loxia pytyopsittacus,0.662953338,0.996003996,0.997002997,0.997002997,0.995004995,0.997002997,0.997002997,0.997002997,1,0.002997003,0.002997003,0.002997003,0.003996004,0.005994006,0.005994006,0.005994006,0.000999001,0.998961034,0.001038966,0.055390069,0.998961034,0.001038966,0.042971055,1.371243917,-2.353597866,0.831219141,-2.184959095,0.565743576,0.943682821,0.042371808,0.000981474,0.012963897,2.17E-19
Lullula arborea,0.883909929,1,0.993006993,0.993006993,0.995004995,1,0.997002997,0.997002997,0.997002997,0.004995005,0.00999001,0.00999001,0.007992008,0.000999001,0.006993007,0.006993007,0.003996004,0.994515272,0.005484728,0.002685783,0.994515272,0.005484728,0.002685783,-0.573840926,-0.573240394,-0.680987764,-0.529132508,0.115870405,0.991858831,0.002671092,0.005470078,0,0
Luscinia luscinia,0.741569762,0.996003996,0.987012987,0.987012987,0.969030969,0.991008991,0.976023976,0.976023976,0.963036963,0.007992008,0.030969031,0.030969031,0.02997003,0.008991009,0.032967033,0.032967033,0.037962038,0.985321261,0.014678739,0.024862621,0.985321261,0.014678739,0.024862621,-0.307560766,-1.884997849,-0.482449558,-1.811232203,0.18980901,0.961174374,0.024506613,0.014319013,0,0
Luscinia megarhynchos,0.907490818,1,0.976023976,0.976023976,0.993006993,1,0.987012987,0.987012987,0.996003996,0.003996004,0.02997003,0.02997003,0.008991009,0.002997003,0.021978022,0.021978022,0.010989011,0.994699359,0.005300641,0.003520133,0.994699359,0.005300641,0.003520133,-0.915742918,0.455647198,-0.877848629,0.453098634,0.037979894,0.99121638,0.003501539,0.005282081,0,0
Melanitta fusca,0.570089079,0.993006993,0.973026973,0.973026973,0.996003996,0.987012987,0.976023976,0.976023976,1,0.008991009,0.023976024,0.023976024,0.002997003,0.007992008,0.024975025,0.024975025,0.000999001,0.990843917,0.009156083,0.089791369,0.990843917,0.009156083,0.063729676,1.957091206,-2.399604905,1.719807042,-2.140750283,0.35115451,0.902616761,0.061438959,0.008340803,0.027603478,0
Melanitta nigra,0.677408637,1,0.965034965,0.965034965,1,1,0.973026973,0.973026973,1,0.001998002,0.036963037,0.036963037,0.001998002,0.001998002,0.02997003,0.02997003,0.000999001,0.977479996,0.022520004,0.064515727,0.981042792,0.018957208,0.007683566,2.824773428,-2.541179001,2.378221413,-2.51024029,0.447622504,0.915747648,0.00709069,0.017695475,0.0560639,0.003402287
Melanocorypha calandra,0.805151826,0.998001998,0.996003996,0.996003996,0.998001998,1,1,1,1,0.001998002,0.001998002,0.001998002,0.000999001,0.000999001,0.000999001,0.000999001,0.000999001,0.995419542,0.004580458,0.032373348,0.995419542,0.004580458,0.031329879,-2.704337368,0.721488963,-2.870861096,0.594513621,0.209410815,0.963337327,0.0311574,0.00443283,0.001072443,0
Merops apiaster,0.820462605,0.989010989,0.957042957,0.957042957,0.992007992,0.99000999,0.964035964,0.964035964,0.991008991,0.00999001,0.035964036,0.035964036,0.007992008,0.013986014,0.046953047,0.046953047,0.014985015,0.984968668,0.015031332,0.002766426,0.984968668,0.015031332,0.002494824,-1.595152477,0.069962087,-1.239556147,0.081200467,0.355773876,0.982284672,0.002456756,0.014990372,0.0002682,0
Milvus milvus,0.738896461,0.999000999,0.944055944,0.944055944,0.999000999,0.998001998,0.951048951,0.951048951,0.998001998,0.002997003,0.061938062,0.061938062,0.002997003,0.001998002,0.058941059,0.058941059,0.001998002,0.967153141,0.032846859,0.010839001,0.967153141,0.032846859,0.010839001,-0.534865248,0.01750885,-0.441672708,-0.063001002,0.123153099,0.957010889,0.010486707,0.032502404,0,0
Monticola solitarius,0.867144763,1,0.987012987,0.987012987,0.995004995,0.999000999,0.987012987,0.987012987,0.996003996,0.001998002,0.010989011,0.010989011,0.002997003,0.001998002,0.010989011,0.010989011,0.002997003,0.982625554,0.017374446,0.011354655,0.982625554,0.017374446,0.011354655,-2.708353828,1.582533737,-2.632221358,1.750045065,0.184000538,0.97165987,0.011159575,0.017180555,0,0
Numenius arquata,0.867178883,1,0.994005994,0.994005994,0.997002997,1,1,1,1,0.000999001,0.006993007,0.006993007,0.007992008,0.002997003,0.000999001,0.000999001,0.000999001,0.99598344,0.00401656,0.006106099,0.997225969,0.002774031,0.002885238,0.595633881,-1.250914895,0.291894891,-0.852962257,0.500623287,0.989926145,0.002864437,0.002753725,0.003217286,0.001238407
Numenius phaeopus,0.771663639,0.999000999,0.984015984,0.984015984,1,0.999000999,0.989010989,0.989010989,1,0.002997003,0.021978022,0.021978022,0.001998002,0.000999001,0.015984016,0.015984016,0.000999001,0.99380007,0.00619993,0.03344193,0.994727096,0.005272904,0.005490143,2.135149794,-2.431974473,1.926901168,-2.268139877,0.26497031,0.96076468,0.005303854,0.005092874,0.02793763,0.000900961
Oenanthe hispanica,0.829228568,0.999000999,0.996003996,0.996003996,1,0.999000999,0.994005994,0.994005994,1,0.001998002,0.005994006,0.005994006,0.000999001,0.001998002,0.007992008,0.007992008,0.002997003,0.98248182,0.01751818,0.013107711,0.98248182,0.01751818,0.013107711,-2.744938602,1.349437162,-3.113701061,1.395715667,0.371655016,0.969826427,0.012881046,0.017292527,0,0
Oenanthe leucura,0.784561952,1,0.998001998,0.998001998,0.997002997,1,0.999000999,0.999000999,0.998001998,0.000999001,0.002997003,0.002997003,0.002997003,0.003996004,0.007992008,0.007992008,0.008991009,0.999581477,0.000418523,0.106414167,0.999581477,0.000418523,0.106414167,-3.400254119,0.939550166,-4.04162378,0.797096358,0.656999337,0.89325163,0.106374368,0.000374003,0,0
Oenanthe oenanthe,0.904610829,1,0.973026973,0.973026973,0.987012987,1,0.992007992,0.992007992,1,0.005994006,0.041958042,0.041958042,0.023976024,0.000999001,0.006993007,0.006993007,0.000999001,0.994487306,0.005512694,0.004337311,0.995429073,0.004570927,0.002820816,0.106412728,-0.904485326,-0.138519649,-0.760558334,0.284089508,0.990197581,0.002801066,0.004546905,0.001512438,0.00094201
Oriolus oriolus,0.86419816,1,1,1,1,1,0.999000999,0.999000999,1,0.003996004,0.003996004,0.003996004,0.003996004,0.001998002,0.001998002,0.001998002,0.001998002,0.997111411,0.002888589,0.007490514,0.997111411,0.002888589,0.007490514,-0.561937492,-0.684502692,-0.686093091,-0.569473221,0.169252451,0.989663948,0.007469039,0.002867014,0,0
Otus scops,0.824208369,1,0.992007992,0.992007992,0.993006993,1,0.995004995,0.995004995,0.998001998,0.000999001,0.004995005,0.004995005,0.003996004,0.002997003,0.011988012,0.011988012,0.014985015,0.989442327,0.010557673,0.005125301,0.989442327,0.010557673,0.005125301,-1.572278057,0.883386009,-1.597126492,0.796317078,0.090545257,0.984424406,0.005071464,0.01050413,0,0
Passer italiae,0.808667071,0.997002997,0.91008991,0.91008991,0.983016983,0.994005994,0.918081918,0.918081918,0.985014985,0.007992008,0.08991009,0.08991009,0.024975025,0.005994006,0.087912088,0.087912088,0.015984016,0.968851708,0.031148292,0.030677453,0.968851708,0.031148292,0.030156922,-1.245744346,1.093161558,-0.972059281,1.483030241,0.476341374,0.940028049,0.029229835,0.03022162,0.000520496,0
Perdix perdix,0.810480258,0.996003996,1,1,0.985014985,0.996003996,1,1,0.981018981,0.004995005,0.000999001,0.000999001,0.021978022,0.005994006,0.002997003,0.002997003,0.016983017,0.99919849,0.00080151,0.024914953,0.99919849,0.00080151,0.024914953,-0.312308056,-0.97200454,-0.52541288,-0.889243605,0.228611107,0.974322964,0.02489548,0.000781556,0,0
Periparus ater,0.873609304,1,0.995004995,0.995004995,0.985014985,1,1,1,0.981018981,0.002997003,0.011988012,0.011988012,0.018981019,0.000999001,0.000999001,0.000999001,0.00999001,0.995447899,0.004552101,0.005271683,0.996057882,0.003942118,0.005238232,0.088558462,-0.433097781,-0.20720787,-0.354756168,0.305965899,0.990223975,0.005214337,0.003919029,3.35E-05,0.000609183
Pernis apivorus,0.821549278,0.994005994,0.955044955,0.955044955,0.962037962,0.987012987,0.938061938,0.938061938,0.948051948,0.011988012,0.056943057,0.056943057,0.055944056,0.014985015,0.051948052,0.051948052,0.047952048,0.98772605,0.01227395,0.006581686,0.98772605,0.01227395,0.006551305,-0.019270128,-1.022683469,-0.37815248,-0.726480558,0.46533075,0.98130442,0.006471219,0.012194152,3.02E-05,0
Phasianus colchicus,0.839851007,0.998001998,0.941058941,0.941058941,0.966033966,0.996003996,0.949050949,0.949050949,0.967032967,0.008991009,0.064935065,0.064935065,0.042957043,0.004995005,0.050949051,0.050949051,0.027972028,0.984894439,0.015105561,0.004371399,0.985185033,0.014814967,0.004371399,-0.182060782,-0.503912057,-0.430392927,-0.32475438,0.306212879,0.980653827,0.004305651,0.014746828,0,0.000293694
Phoenicurus phoenicurus,0.875261803,1,0.972027972,0.972027972,0.975024975,1,0.997002997,0.997002997,0.994005994,0.001998002,0.027972028,0.027972028,0.022977023,0.000999001,0.005994006,0.005994006,0.003996004,0.992359035,0.007640965,0.004882028,0.993291739,0.006708261,0.003952841,0.115075342,-0.946122448,-0.184017333,-0.659459809,0.414284801,0.987551149,0.003919125,0.006669491,0.000925781,0.000934454
Phylloscopus bonelli,0.863589626,0.996003996,0.996003996,0.996003996,0.999000999,0.999000999,0.998001998,0.998001998,0.999000999,0.007992008,0.008991009,0.008991009,0.007992008,0.003996004,0.003996004,0.003996004,0.001998002,0.992949109,0.007050891,0.009121984,0.992949109,0.007050891,0.009121984,-0.297579781,0.884063362,-0.612099269,1.000015428,0.335212455,0.983954729,0.009058249,0.006987022,0,0
Phylloscopus trochilus,0.872518562,1,0.988011988,0.988011988,0.98001998,1,1,1,0.992007992,0.000999001,0.015984016,0.015984016,0.028971029,0.001998002,0.000999001,0.000999001,0.006993007,0.997158282,0.002841718,0.009313694,0.998018304,0.001981696,0.007866914,0.318902703,-1.271713454,0.045312169,-0.978572323,0.400978183,0.987897201,0.007833326,0.0019616,0.001454147,0.000853726
Pica pica,0.893862687,1,0.991008991,0.991008991,0.993006993,1,1,1,0.995004995,0.001998002,0.00999001,0.00999001,0.012987013,0.000999001,0.000999001,0.000999001,0.002997003,0.997409866,0.002590134,0.005976506,0.997843504,0.002156496,0.00490115,-0.076159577,-0.721047271,-0.319826473,-0.49570175,0.331894803,0.991464189,0.004883248,0.002142709,0.00107787,0.000431984
Picus canus,0.79661023,1,0.998001998,0.998001998,0.995004995,1,1,1,0.995004995,0.000999001,0.003996004,0.003996004,0.004995005,0.003996004,0.000999001,0.000999001,0.001998002,0.994061053,0.005938947,0.013876541,0.994693071,0.005306929,0.013813873,0.11561021,-1.44792176,-0.185546839,-1.310311064,0.331107643,0.980347717,0.013732092,0.005230393,6.32E-05,0.000626624
Pluvialis apricaria,0.799236073,0.999000999,0.982017982,0.982017982,1,0.996003996,1,1,1,0.001998002,0.022977023,0.022977023,0.000999001,0.004995005,0.000999001,0.000999001,0.000999001,0.984968727,0.015031273,0.017915218,0.98891364,0.01108636,0.000850925,1.899563561,-1.801021792,1.761735791,-1.829371228,0.140713129,0.967583357,0.000824042,0.010847234,0.01682664,0.003918727
Poecile lugubris,0.717129243,0.955044955,0.917082917,0.917082917,0.961038961,0.946053946,0.895104895,0.895104895,0.963036963,0.058941059,0.096903097,0.096903097,0.042957043,0.03996004,0.076923077,0.076923077,0.035964036,0.948430487,0.051569513,0.020654101,0.948430487,0.051569513,0.020654101,-2.033416439,-0.289189543,-1.492796712,0.024961118,0.625268204,0.929831892,0.019609866,0.050558242,0,0
Poecile montanus,0.856646958,1,0.987012987,0.987012987,0.976023976,0.998001998,1,1,0.986013986,0.000999001,0.012987013,0.012987013,0.021978022,0.001998002,0.000999001,0.000999001,0.011988012,0.995972667,0.004027333,0.008960073,0.996777459,0.003222541,0.007724323,0.417461291,-1.35958749,0.093394855,-1.117656363,0.404412815,0.987084299,0.007683911,0.003191204,0.001240398,0.000800188
Poecile palustris,0.835358289,0.998001998,0.988011988,0.988011988,0.962037962,0.999000999,0.995004995,0.995004995,0.966033966,0.003996004,0.013986014,0.013986014,0.03996004,0.003996004,0.005994006,0.005994006,0.041958042,0.991262325,0.008737675,0.009517526,0.991933801,0.008066199,0.009517526,-0.189979657,-0.796547375,-0.386411254,-0.526221885,0.334157512,0.981909616,0.00943515,0.007984685,0,0.000670549
Porzana porzana,0.768177002,1,0.99000999,0.99000999,0.979020979,1,0.987012987,0.987012987,0.976023976,0.000999001,0.006993007,0.006993007,0.018981019,0.000999001,0.010989011,0.010989011,0.01998002,0.987061251,0.012938749,0.023603717,0.987061251,0.012938749,0.023603717,-0.336320996,-1.52366738,-0.32773583,-1.295748622,0.228080392,0.964057362,0.023305432,0.012637206,0,0
Prunella modularis,0.874006364,1,0.991008991,0.991008991,0.985014985,1,1,1,0.997002997,0.002997003,0.014985015,0.014985015,0.021978022,0.004995005,0.000999001,0.000999001,0.006993007,0.997622955,0.002377045,0.008387007,0.998506282,0.001493718,0.007039697,0.292430638,-0.727837442,0.072309856,-0.511875206,0.308371279,0.989275606,0.007013574,0.001479909,0.001353664,0.000877247
Ptyonoprogne rupestris,0.87038859,0.999000999,0.987012987,0.987012987,0.996003996,1,0.985014985,0.985014985,0.997002997,0.006993007,0.026973027,0.026973027,0.00999001,0.002997003,0.021978022,0.021978022,0.005994006,0.989498651,0.010501349,0.00679947,0.989498651,0.010501349,0.006748937,-1.541253155,1.142697907,-1.313671963,1.300688348,0.277045444,0.982840763,0.006678201,0.01043069,5.03E-05,0
Pyrrhula pyrrhula,0.884040653,1,0.979020979,0.979020979,0.974025974,1,1,1,0.994005994,0.001998002,0.008991009,0.008991009,0.025974026,0.001998002,0.000999001,0.000999001,0.008991009,0.9942506,0.0057494,0.007051498,0.995196506,0.004803494,0.005957416,0.359299347,-0.740697075,0.111270763,-0.524567493,0.328983548,0.98727967,0.005916885,0.004765282,0.001094355,0.000943808
Rallus aquaticus,0.850992253,1,0.989010989,0.989010989,1,1,0.996003996,0.996003996,1,0.002997003,0.013986014,0.013986014,0.002997003,0.002997003,0.004995005,0.004995005,0.000999001,0.994231679,0.005768321,0.003213621,0.994426965,0.005573035,0.003161105,-0.514684811,-0.443192505,-0.485393756,-0.497326891,0.061550773,0.991054967,0.003142764,0.005554137,5.24E-05,0.000195753
Regulus ignicapilla,0.866611847,0.997002997,0.994005994,0.994005994,0.999000999,0.998001998,0.992007992,0.992007992,0.999000999,0.010989011,0.016983017,0.016983017,0.00999001,0.005994006,0.012987013,0.012987013,0.006993007,0.993299396,0.006700604,0.004444207,0.993299396,0.006700604,0.004444207,-0.404114376,0.434773246,-0.528783234,0.227999489,0.241449188,0.988914416,0.00441456,0.006671024,0,0
Regulus regulus,0.879013139,0.998001998,0.956043956,0.956043956,0.971028971,0.997002997,1,1,0.989010989,0.002997003,0.041958042,0.041958042,0.025974026,0.002997003,0.000999001,0.000999001,0.010989011,0.995375828,0.004624172,0.005820928,0.996637938,0.003362062,0.004725064,0.33899172,-0.721047271,0.048312742,-0.548276166,0.338148079,0.989608454,0.004698162,0.003338349,0.001096005,0.00125903
Remiz pendulinus,0.837167071,0.997002997,0.997002997,0.997002997,0.996003996,0.998001998,0.996003996,0.996003996,0.997002997,0.001998002,0.006993007,0.006993007,0.002997003,0.004995005,0.008991009,0.008991009,0.005994006,0.99227572,0.00772428,0.013246228,0.99227572,0.00772428,0.013246228,-0.767651323,-1.128156559,-0.891617096,-1.071074914,0.136476471,0.979232002,0.013145256,0.007622742,0,0
Riparia riparia,0.855522336,1,0.983016983,0.983016983,0.993006993,1,1,1,1,0.003996004,0.021978022,0.021978022,0.014985015,0.001998002,0.000999001,0.000999001,0.000999001,0.995447248,0.004552752,0.006307828,0.996164093,0.003835907,0.00496371,-0.059477661,-1.020914969,-0.318913157,-0.779788617,0.354187371,0.989196546,0.004934579,0.003809077,0.001344712,0.000715086
Saxicola rubetra,0.862931405,1,0.999000999,0.999000999,0.984015984,1,1,1,0.993006993,0.003996004,0.007992008,0.007992008,0.01998002,0.001998002,0.000999001,0.000999001,0.011988012,0.994204337,0.005795663,0.011714708,0.995309453,0.004690547,0.010773929,0.155035298,-1.125420251,-0.043909934,-0.997799682,0.23636035,0.982624238,0.010702026,0.004630766,0.000945578,0.001097392
Scolopax rusticola,0.838892388,1,0.992007992,0.992007992,0.996003996,1,1,1,1,0.002997003,0.017982018,0.017982018,0.010989011,0.001998002,0.000999001,0.000999001,0.000999001,0.995670485,0.004329515,0.00586939,0.997069478,0.002930522,0.00520939,0.329033049,-0.994448213,0.044233329,-0.93092825,0.291797304,0.98985166,0.005183527,0.002909308,0.000660601,0.001394905
Serinus serinus,0.884346218,1,0.99000999,0.99000999,0.998001998,1,0.993006993,0.993006993,0.999000999,0.003996004,0.013986014,0.013986014,0.006993007,0.003996004,0.013986014,0.013986014,0.003996004,0.99516283,0.00483717,0.004030467,0.99516283,0.00483717,0.004030467,-0.665037048,-0.084137644,-0.711532872,-0.055508423,0.054603058,0.991171183,0.004011049,0.004817768,0,0
Sitta europaea,0.864304977,1,0.997002997,0.997002997,1,1,0.997002997,0.997002997,1,0.000999001,0.00999001,0.00999001,0.000999001,0.002997003,0.006993007,0.006993007,0.004995005,0.995315386,0.004684614,0.006196035,0.995492689,0.004507311,0.006196035,-0.362932032,-0.643383349,-0.483905562,-0.422468365,0.251869064,0.989177088,0.006167188,0.004478715,8.67E-19,0.000177008
Sitta neumayer,0.775876318,0.993006993,0.978021978,0.978021978,0.989010989,0.996003996,0.978021978,0.978021978,0.993006993,0.013986014,0.027972028,0.027972028,0.00999001,0.015984016,0.032967033,0.032967033,0.015984016,0.945571606,0.054428394,0.023403948,0.945571606,0.054428394,0.023403948,-2.474987662,1.539430466,-2.295498506,2.189400318,0.674297535,0.924619314,0.022158334,0.053222352,0,0
Somateria mollissima,0.857267883,0.998001998,0.99000999,0.99000999,0.991008991,0.999000999,1,1,1,0.004995005,0.010989011,0.010989011,0.011988012,0.002997003,0.000999001,0.000999001,0.000999001,0.992249382,0.007750618,0.015232544,0.996184873,0.003815127,0.010910268,2.060121458,0.452460042,1.815305416,0.361796568,0.261064666,0.977250274,0.010779672,0.003742612,0.004336596,0.003890846
Spinus spinus,0.874828853,1,0.982017982,0.982017982,0.974025974,1,1,1,1,0.000999001,0.018981019,0.018981019,0.025974026,0.001998002,0.000999001,0.000999001,0.000999001,0.995747087,0.004252913,0.005632279,0.997106582,0.002893418,0.003889748,0.522409409,-1.265083888,0.23307308,-0.898324153,0.467149029,0.990162479,0.003866523,0.002873267,0.001741937,0.001355794
Sterna paradisaea,0.794659863,0.999000999,0.988011988,0.988011988,1,0.999000999,1,1,1,0.003996004,0.014985015,0.014985015,0.001998002,0.001998002,0.000999001,0.000999001,0.000999001,0.990569641,0.009430359,0.024284966,0.993341,0.006659,0.003602032,1.953433369,-1.140892067,1.788923451,-1.254291002,0.199806987,0.966735088,0.003494799,0.006480643,0.020566662,0.002722808
Streptopelia decaocto,0.819270911,0.993006993,0.943056943,0.943056943,0.986013986,0.99000999,0.952047952,0.952047952,0.992007992,0.007992008,0.064935065,0.064935065,0.014985015,0.014985015,0.047952048,0.047952048,0.011988012,0.992997963,0.007002037,0.00454374,0.993311836,0.006688164,0.004477953,-0.272552942,-0.580296215,-0.564392877,-0.098145514,0.563595463,0.988517489,0.004446446,0.006655882,6.56E-05,0.000314561
Streptopelia turtur,0.871475396,1,0.991008991,0.991008991,0.989010989,1,0.993006993,0.993006993,0.986013986,0.002997003,0.008991009,0.008991009,0.016983017,0.001998002,0.007992008,0.007992008,0.013986014,0.99757161,0.00242839,0.00876727,0.99757161,0.00242839,0.008759147,-0.62921687,-0.285996351,-0.778305772,-0.050352281,0.278846962,0.988846683,0.008737991,0.002407151,8.18E-06,0
Strix aluco,0.868691047,1,0.988011988,0.988011988,0.992007992,1,1,1,0.994005994,0.000999001,0.006993007,0.006993007,0.006993007,0.002997003,0.000999001,0.000999001,0.005994006,0.996747664,0.003252336,0.006425399,0.997660932,0.002339068,0.006409732,-0.312308056,-0.563345417,-0.458759687,-0.349465939,0.259215183,0.990363859,0.006388918,0.002321959,1.57E-05,0.000909546
Sturnus unicolor,0.831261318,0.999000999,0.998001998,0.998001998,1,1,1,1,1,0.001998002,0.002997003,0.002997003,0.001998002,0.001998002,0.002997003,0.002997003,0.002997003,0.981380925,0.018619075,0.01126634,0.981380925,0.018619075,0.01126634,-3.231562383,1.922425361,-3.358071752,1.793017195,0.180972633,0.970527941,0.011058891,0.018413168,0,0
Sturnus vulgaris,0.882784491,1,0.949050949,0.949050949,0.959040959,1,0.993006993,0.993006993,0.977022977,0.002997003,0.052947053,0.052947053,0.033966034,0.002997003,0.014985015,0.014985015,0.026973027,0.994680312,0.005319688,0.003752926,0.995933682,0.004066318,0.003067298,0.100555139,-0.941815466,-0.20571999,-0.585618888,0.469766386,0.990967134,0.003048944,0.00404604,0.000684093,0.001253789
Sylvia atricapilla,0.882818905,1,0.993006993,0.993006993,0.991008991,1,1,1,0.983016983,0.001998002,0.008991009,0.008991009,0.010989011,0.002997003,0.000999001,0.000999001,0.00999001,0.995625478,0.004374522,0.002932193,0.996348167,0.003651833,0.002860356,-0.199900936,-0.580296215,-0.387711486,-0.347438645,0.299157902,0.992718846,0.002847675,0.003638531,7.17E-05,0.00072322
Sylvia borin,0.872856692,1,0.989010989,0.989010989,0.975024975,1,1,1,0.983016983,0.001998002,0.016983017,0.016983017,0.035964036,0.002997003,0.000999001,0.000999001,0.017982018,0.994524875,0.005475125,0.011627416,0.995479299,0.004520701,0.010687559,0.123985384,-1.032697883,-0.138519649,-0.784032806,0.36158431,0.983023702,0.010619622,0.004464137,0.000944869,0.000947671
Sylvia communis,0.863285534,0.998001998,0.993006993,0.993006993,0.982017982,0.999000999,1,1,0.984015984,0.004995005,0.017982018,0.017982018,0.025974026,0.002997003,0.000999001,0.000999001,0.020979021,0.99715757,0.00284243,0.008451288,0.997830189,0.002169811,0.008241868,-0.177354288,-0.637252105,-0.30913811,-0.49570175,0.19339979,0.988754057,0.008216903,0.002150075,0.000210565,0.0006684
Sylvia conspicillata,0.85999627,1,0.992007992,0.992007992,1,1,0.989010989,0.989010989,1,0.000999001,0.010989011,0.010989011,0.000999001,0.000999001,0.006993007,0.006993007,0.000999001,0.957256989,0.042743011,0.000735097,0.957256989,0.042743011,0.000735097,-3.312350391,1.45949372,-3.270320336,1.474717386,0.044702187,0.956583368,0.000703699,0.042712933,0,0
Sylvia curruca,0.832115762,1,0.988011988,0.988011988,0.974025974,1,1,1,0.964035964,0.001998002,0.020979021,0.020979021,0.03996004,0.003996004,0.000999001,0.000999001,0.032967033,0.992920171,0.007079829,0.007688261,0.993651685,0.006348315,0.007414737,0.105330844,-1.350276085,-0.183404635,-1.039588866,0.424139983,0.985339976,0.007360614,0.006295212,0.000273631,0.000730567
Sylvia hortensis,0.735736047,1,0.996003996,0.996003996,1,0.999000999,0.993006993,0.993006993,1,0.001998002,0.007992008,0.007992008,0.000999001,0.001998002,0.004995005,0.004995005,0.002997003,0.986197101,0.013802899,0.05255549,0.986197101,0.013802899,0.05255549,-2.140396227,1.002510352,-2.861003487,1.135988668,0.73286512,0.935045328,0.051867698,0.013086975,0,0
Sylvia melanocephala,0.844054598,1,0.99000999,0.99000999,1,1,0.999000999,0.999000999,1,0.001998002,0.007992008,0.007992008,0.001998002,0.000999001,0.006993007,0.006993007,0.001998002,0.98525983,0.01474017,0.008493488,0.98525983,0.01474017,0.008493488,-2.814120396,1.633911707,-2.576707057,1.810984493,0.296175396,0.977013855,0.008369341,0.014616804,0,0
Sylvia undata,0.844024329,1,0.996003996,0.996003996,1,1,0.994005994,0.994005994,1,0.000999001,0.003996004,0.003996004,0.000999001,0.000999001,0.003996004,0.003996004,0.001998002,0.986765692,0.013234308,0.010378451,0.986765692,0.013234308,0.010378451,-1.764672432,1.631920947,-1.748914158,1.810204283,0.17897841,0.976658738,0.010242506,0.013098756,0,0
Tetrao urogallus,0.815227909,0.996003996,0.994005994,0.994005994,0.999000999,1,1,1,1,0.004995005,0.005994006,0.005994006,0.003996004,0.002997003,0.003996004,0.003996004,0.000999001,0.996515501,0.003484499,0.015204817,0.996742763,0.003257237,0.0101307,1.31851754,-1.83395808,1.059599819,-1.829371228,0.258958347,0.981415662,0.010044183,0.00320715,0.005108456,0.000224549
Tringa nebularia,0.733958074,0.999000999,0.994005994,0.994005994,0.999000999,0.999000999,0.994005994,0.994005994,1,0.004995005,0.017982018,0.017982018,0.001998002,0.002997003,0.006993007,0.006993007,0.000999001,0.994209556,0.005790444,0.041519252,0.994855209,0.005144791,0.01571739,1.863429138,-2.792664792,1.66641083,-2.416170628,0.424928311,0.953159873,0.015220411,0.004929168,0.026068352,0.000622197
Tringa totanus,0.881311204,1,0.958041958,0.958041958,1,1,1,1,1,0.000999001,0.032967033,0.032967033,0.000999001,0.004995005,0.000999001,0.000999001,0.000999001,0.996488048,0.003511952,0.005337811,0.998353381,0.001646619,0.002766895,0.060348291,-1.394230888,-0.182203577,-1.208940544,0.305227654,0.991187564,0.002750121,0.0016348,0.002569044,0.001858471
Troglodytes troglodytes,0.90147337,1,0.995004995,0.995004995,0.994005994,1,1,1,0.99000999,0.001998002,0.008991009,0.008991009,0.006993007,0.002997003,0.000999001,0.000999001,0.010989011,0.997037373,0.002962627,0.005356702,0.99787178,0.00212822,0.004929491,-0.058293455,-0.432520681,-0.268734845,-0.258630685,0.272989577,0.991712279,0.004912855,0.002115083,0.000428062,0.000831721
Turdus iliacus,0.850952065,0.999000999,0.981018981,0.981018981,0.996003996,0.999000999,0.993006993,0.993006993,1,0.003996004,0.01998002,0.01998002,0.003996004,0.002997003,0.002997003,0.002997003,0.000999001,0.99024822,0.00975178,0.009894582,0.992587583,0.007412417,0.002325367,1.118948752,-2.005239565,1.195895533,-1.962902229,0.08782515,0.98054474,0.002285441,0.007322484,0.007513597,0.002333737
Turdus philomelos,0.876167005,1,0.989010989,0.989010989,0.972027972,1,0.998001998,0.998001998,0.978021978,0.003996004,0.022977023,0.022977023,0.040959041,0.001998002,0.007992008,0.007992008,0.028971029,0.993859632,0.006140368,0.006673672,0.994506897,0.005493103,0.00570803,0.136390396,-0.965235412,-0.196116867,-0.612067837,0.485065373,0.987267396,0.005667703,0.005453116,0.000965262,0.000646523
Turdus pilaris,0.846243372,1,0.999000999,0.999000999,0.988011988,0.997002997,1,1,0.987012987,0.010989011,0.013986014,0.013986014,0.023976024,0.003996004,0.000999001,0.000999001,0.023976024,0.995843759,0.004156241,0.015442742,0.996362713,0.003637287,0.014316821,0.469061197,-1.539580952,0.053871458,-1.310210357,0.474334681,0.980528135,0.014241945,0.003579482,0.0011376,0.000512837
Turdus torquatus,0.854045782,0.999000999,0.987012987,0.987012987,0.995004995,1,1,1,0.998001998,0.001998002,0.00999001,0.00999001,0.006993007,0.000999001,0.000999001,0.000999001,0.002997003,0.98892465,0.01107535,0.012397227,0.992466825,0.007533175,0.011380306,2.727770445,0.155724137,2.80217579,0.260367988,0.128399731,0.976798845,0.011244232,0.007414249,0.001017374,0.0035253
Turdus viscivorus,0.810410105,0.997002997,0.99000999,0.99000999,0.997002997,1,1,1,1,0.006993007,0.024975025,0.024975025,0.007992008,0.003996004,0.000999001,0.000999001,0.000999001,0.989850482,0.010149518,0.003454411,0.990584647,0.009415353,0.002636452,0.031413392,-0.580208749,-0.207785991,-0.362613179,0.323363846,0.986465718,0.002607645,0.009376203,0.000811826,0.000738608
Vanellus vanellus,0.846546988,1,0.988011988,0.988011988,0.959040959,1,1,1,0.978021978,0.000999001,0.012987013,0.012987013,0.02997003,0.004995005,0.000999001,0.000999001,0.011988012,0.992879212,0.007120788,0.006609104,0.994070116,0.005929884,0.005687595,0.117234196,-1.194473458,-0.260540486,-0.889535559,0.485490301,0.98636359,0.005642127,0.005883912,0.000920224,0.001190147
"Acrocephalus arundinaceus",0.866934448071403,1,0.991008991008991,0.991008991008991,0.985014985014985,1,0.985014985014985,0.985014985014985,0.987012987012987,0.001998001998002,0.011988011988012,0.011988011988012,0.016983016983017,0.004995004995005,0.014985014985015,0.014985014985015,0.00799200799200799,0.994407956550914,0.00559204344908575,0.00615309481568141,0.994407956550914,0.00559204344908575,0.00613219377698869,-0.765918100690827,0.994377603068219,-0.786180265846991,0.736809625955363,0.258363732305493,0.988323276705287,0.00609798386577914,0.005557826311294,2.09131176397859e-05,8.67361737988404e-19
"Acrocephalus paludicola",0.568481769536231,0.997002997002997,0.995004995004995,0.995004995004995,1,0.999000999000999,1,1,1,0.00999000999000999,0.00699300699300699,0.00699300699300699,0.004995004995005,0.003996003996004,0.001998001998002,0.001998001998002,0.000999000999000999,0.99663094261959,0.00336905738040987,0.233100230737556,0.99663094261959,0.00336905738040987,0.233100230737556,-0.693069020408534,1.79035334197345,-0.602650790811187,1.92890785560401,0.165447301250038,0.764916750516968,0.232497489485499,0.00258575999753198,0,0
"Passer hispaniolensis",0.847593534095014,1,0.997002997002997,0.997002997002997,1,1,0.999000999000999,0.999000999000999,1,0.000999000999000999,0.012987012987013,0.012987012987013,0.001998001998002,0.001998001998002,0.010989010989011,0.010989010989011,0.002997002997003,0.955833258689055,0.0441667413109452,0.000105680143780697,0.955833258689055,0.0441667413109452,0.000105680143780697,-3.18122180181702,-1.29083108731176,-2.90067369901436,-1.08436139868841,0.348334566625821,0.955736707039393,0.000101013067691931,0.0441622798929154,0,0
