"species","centroid_hist_X","centroid_hist_Y","centroid_rec_X","centroid_rec_Y","centroid_dist","centroid_NS_shift","centroid_EW_shift","n_cells_hist","n_cells_rec","D","shift_p_D_NA","shift_p_E_NA","shift_p_S_NA","shift_p_U_NA","shift_p_D_A","shift_p_E_A","shift_p_S_A","shift_p_U_A","cons_p_D_NA","cons_p_E_NA","cons_p_S_NA","cons_p_U_NA","cons_p_D_A","cons_p_E_A","cons_p_S_A","cons_p_U_A","range_stability_NA","range_expansion_NA","range_unfilling_NA","range_stability_A","range_expansion_A","range_unfilling_A","range_stability_std","range_unfilling_std","range_expansion_std","range_abandonment_std","range_pioneering_std"
"Accipiter gentilis",4607828.70147269,3193319.0029971,4621183.83313962,3130827.79258023,63902.3545826476,-62491.2104168693,13355.1316669285,2010,2129,0.931347661246666,1,0.989010989010989,0.989010989010989,1,1,0.99000999000999,0.99000999000999,1,0.000999000999000999,0.012987012987013,0.012987012987013,0.000999000999000999,0.002997002997003,0.012987012987013,0.012987012987013,0.002997002997003,0.999451992096989,0.000548007903011043,0.0022248308300446,0.999493054492431,0.000506945507568644,0.0022248308300446,0.997229596338955,0.00222361431625277,0.000505797475636539,8.67361737988404e-19,4.09918691559484e-05
"Accipiter nisus",4510290.86718486,3166898.30389824,4530175.51411039,3077743.10165805,91345.7676624421,-89155.2022401839,19884.6469255239,2225,2341,0.94754297886582,1,0.639360639360639,0.639360639360639,1,1,0.632367632367632,0.632367632367632,1,0.000999000999000999,0.385614385614386,0.385614385614386,0.000999000999000999,0.000999000999000999,0.356643356643357,0.356643356643357,0.000999000999000999,0.999990823150246,9.17684975366509e-06,0,0.999990823150246,9.17684975366509e-06,0,0.999990823150246,0,9.17684975366509e-06,0,0
"Acrocephalus melanopogon",4562131.46985409,2220468.76521107,4650068.4220562,2377698.69528875,180150.377392973,157229.930077687,87936.9522021115,119,105,0.78198987017497,0.994005994005994,0.626373626373626,0.626373626373626,1,0.994005994005994,0.666333666333666,0.666333666333666,1,0.00599400599400599,0.352647352647353,0.352647352647353,0.000999000999000999,0.002997002997003,0.32967032967033,0.32967032967033,0.000999000999000999,0.970915258566121,0.0290847414338786,0.0200173207256051,0.970915258566121,0.0290847414338786,0.0200173207256051,0.952034409536026,0.0194464438204205,0.0285191466435532,0,0
"Acrocephalus palustris",4878708.4637414,3231184.02301941,4909283.02507522,3230341.7378255,30586.1610062997,-842.285193901043,30574.5613338184,1260,1461,0.921579601147155,1,0.874125874125874,0.874125874125874,1,1,0.882117882117882,0.882117882117882,1,0.000999000999000999,0.115884115884116,0.115884115884116,0.000999000999000999,0.000999000999000999,0.135864135864136,0.135864135864136,0.000999000999000999,0.998175184438842,0.00182481556115831,0.00154032164771585,0.998252836164367,0.00174716383563263,0.00154032164771585,0.996640474953987,0.00153751516645602,0.00174434184595757,0,7.76680335994695e-05
"Acrocephalus schoenobaenus",4724801.50491073,3481923.73526397,4737177.90733497,3494024.40336135,17309.000703955,12100.6680973782,12376.4024242349,1693,1695,0.943181579159834,1,1,1,1,1,1,1,1,0.000999000999000999,0.205794205794206,0.205794205794206,0.000999000999000999,0.000999000999000999,0.196803196803197,0.196803196803197,0.000999000999000999,1,0,0.022616164213894,1,0,0.022616164213894,0.977383835786106,0.022616164213894,0,0,0
"Acrocephalus scirpaceus",4539151.22497803,2971381.09516762,4587171.39759287,2934890.24747312,60311.8474548952,-36490.8476944985,48020.1726148445,1615,1985,0.894674675170652,1,0.417582417582418,0.417582417582418,1,1,0.44955044955045,0.44955044955045,1,0.001998001998002,0.553446553446553,0.553446553446553,0.001998001998002,0.000999000999000999,0.593406593406593,0.593406593406593,0.000999000999000999,0.995106464506188,0.00489353549381242,0,0.995112175815085,0.00488782418491451,0,0.995106464506188,0,0.00488779613192266,0,5.73936188975107e-06
"Aegithalos caudatus",4469164.27617104,2982216.12590842,4512218.36670383,2988831.48590101,43559.3583451029,6615.35999259073,43054.0905327881,2059,2230,0.940825768111568,1,0.655344655344655,0.655344655344655,1,1,0.623376623376623,0.623376623376623,1,0.000999000999000999,0.368631368631369,0.368631368631369,0.000999000999000999,0.000999000999000999,0.35964035964036,0.35964035964036,0.000999000999000999,0.995667124488993,0.0043328755110068,0.000325939025645404,0.995667124488993,0.0043328755110068,0.000325939025645404,0.995344003394346,0.000324527230737731,0.00433146937491608,0,0
"Alectoris graeca",4861230.01669639,2194900.6142806,4851387.21583178,2240797.00753521,46939.9578466183,45896.3932546098,-9842.80086461734,235,200,0.830409682501586,1,0.999000999000999,0.999000999000999,1,0.997002997002997,0.995004995004995,0.995004995004995,1,0.000999000999000999,0.002997002997003,0.002997002997003,0.000999000999000999,0.000999000999000999,0.002997002997003,0.002997002997003,0.000999000999000999,0.998575857713054,0.00142414228694576,0.0697480092605982,0.998575857713054,0.00142414228694576,0.0697480092605982,0.929019460056933,0.0696555971375277,0.00132494280553975,0,0
"Alectoris rufa",3436962.42497333,2441870.28430016,3481081.87331202,2461690.40217344,48366.9597372096,19820.1178732808,44119.4483386874,569,631,0.931575426912256,1,0.923076923076923,0.923076923076923,1,1,0.919080919080919,0.919080919080919,1,0.000999000999000999,0.0859140859140859,0.0859140859140859,0.000999000999000999,0.002997002997003,0.0699300699300699,0.0699300699300699,0.002997002997003,0.994166077188607,0.00583392281139256,0,0.994354230142379,0.00564576985762091,0,0.994166077188607,0,0.00564470155797193,0,0.000189221253420638
"Anas crecca",4478944.84037178,3720720.39265757,4494702.37010006,3721663.85885111,15785.749003329,943.466193536296,15757.5297282841,1459,1433,0.961696533526408,1,0.942057942057942,0.942057942057942,1,1,0.947052947052947,0.947052947052947,1,0.000999000999000999,0.0789210789210789,0.0789210789210789,0.000999000999000999,0.002997002997003,0.0669330669330669,0.0669330669330669,0.000999000999000999,0.999592257811043,0.00040774218895675,0.000644235700227585,0.999592257811043,0.00040774218895675,0.000637452649331084,0.998948547198767,0.000637188575502869,0.000407479613919725,6.78461181031359e-06,0
"Anser brachyrhynchus",3680084.22742038,5442767.47634583,3759481.84341389,5416198.78634997,83725.0065007461,-26568.6899958579,79397.615993517,56,70,0.716618458861049,0.997002997002997,0.975024975024975,0.975024975024975,1,0.999000999000999,1,1,1,0.004995004995005,0.033966033966034,0.033966033966034,0.002997002997003,0.00599400599400599,0.000999000999000999,0.000999000999000999,0.000999000999000999,0.806685031351892,0.193314968648108,0.0443608546854697,1,0,0.0088903751047291,0.777567918742731,0.00697487976444267,0,0.0291198926405497,0.186337308852277
"Anthus campestris",4661933.51299807,2617560.10463229,4736382.37046363,2575806.29289363,85358.1464924934,-41753.8117386615,74448.857465554,979,1067,0.841179960353297,1,0.886113886113886,0.886113886113886,1,1,0.888111888111888,0.888111888111888,1,0.000999000999000999,0.102897102897103,0.102897102897103,0.000999000999000999,0.000999000999000999,0.113886113886114,0.113886113886114,0.000999000999000999,0.997698548976733,0.00230145102326747,0.00965760021732236,0.997698548976733,0.00230145102326747,0.00965760021732236,0.988085136921584,0.00963558788875535,0.00227927518966111,0,0
"Anthus petrosus",3994320.97442905,3964565.66548965,3993115.50100419,3967880.35145187,3527.08225112159,3314.68596221693,-1205.47342486633,279,272,0.918495243336211,1,1,1,1,1,1,1,1,0.001998001998002,0.122877122877123,0.122877122877123,0.001998001998002,0.001998001998002,0.136863136863137,0.136863136863137,0.000999000999000999,1,0,0.0613148842309417,1,0,0.0608506232723071,0.938685115769058,0.0608205422549589,0,0.000494341975982839,0
"Anthus pratensis",4477501.0598225,3736426.70656458,4466073.10420727,3739252.0981843,11772.0434652857,2825.39161972376,-11427.9556152346,1569,1581,0.979192582991486,1,0.772227772227772,0.772227772227772,1,1,0.796203796203796,0.796203796203796,1,0.002997002997003,0.200799200799201,0.200799200799201,0.002997002997003,0.001998001998002,0.204795204795205,0.204795204795205,0.001998001998002,0.999555920803137,0.000444079196862708,0.00109625191162786,0.999555920803137,0.000444079196862708,0.00109625191162786,0.998460641787452,0.00109576562240293,0.000443592590145161,0,0
"Anthus trivialis",4634662.36580769,3337640.84960704,4670732.2013154,3303148.90950243,49907.1835083254,-34491.9401046163,36069.8355077095,2012,2090,0.945390897810466,1,0.941058941058941,0.941058941058941,1,1,0.928071928071928,0.928071928071928,1,0.001998001998002,0.0649350649350649,0.0649350649350649,0.001998001998002,0.000999000999000999,0.0659340659340659,0.0659340659340659,0.000999000999000999,0.998795486513215,0.00120451348678466,0.00952665223147249,0.998795486513215,0.00120451348678466,0.00952665223147249,0.989291661365953,0.00951528643810778,0.00119305219593934,0,0
"Apus apus",4537731.99584294,3070083.3992749,4574719.68732715,3034382.43114945,51406.6965134417,-35700.9681254444,36987.6914842101,2379,2456,0.969077630191036,1,1,1,1,1,1,1,1,0.001998001998002,0.207792207792208,0.207792207792208,0.001998001998002,0.000999000999000999,0.220779220779221,0.220779220779221,0.000999000999000999,1,0,0.00153491553159163,1,0,0.00153491553159163,0.998465084468408,0.00153491553159163,0,0,0
"Apus pallidus",4186737.32088901,1962527.98493866,4148981.32146535,2032987.28785792,79937.6560849059,70459.3029192688,-37755.9994236599,217,442,0.832385600679499,1,0.87012987012987,0.87012987012987,1,1,0.871128871128871,0.871128871128871,1,0.001998001998002,0.126873126873127,0.126873126873127,0.000999000999000999,0.000999000999000999,0.124875124875125,0.124875124875125,0.000999000999000999,0.97187108543089,0.0281289145691096,0,0.97211673497809,0.0278832650219105,0,0.97187108543089,0,0.0278762190456603,0,0.000252695523449333
"Aquila adalberti",2988811.88734513,1894637.65808422,3047132.59962464,1895794.74230523,58332.1894384545,1157.08422100125,58320.7122795088,42,74,0.58623985077551,0.98001998001998,0.967032967032967,0.967032967032967,1,0.985014985014985,0.977022977022977,0.977022977022977,1,0.018981018981019,0.033966033966034,0.033966033966034,0.028971028971029,0.014985014985015,0.022977022977023,0.022977022977023,0.024975024975025,0.613814760785329,0.386185239214671,0,0.613814760785329,0.386185239214671,0,0.613814760785329,0,0.386185239214671,0,0
"Aquila chrysaetos",4447295.73505277,3160574.0608687,4420852.06721401,3222844.66608287,67652.7593118405,62270.605214172,-26443.6678387579,852,1032,0.938529070246996,1,1,1,1,1,1,1,1,0.000999000999000999,0.628371628371628,0.628371628371628,0.000999000999000999,0.000999000999000999,0.649350649350649,0.649350649350649,0.000999000999000999,1,0,0.0145966778343016,1,0,0.0145966778343016,0.985403322165698,0.0145966778343016,0,0,0
"Asio otus",4579401.21406771,3140125.52538956,4621467.35199304,3086400.64255297,68234.324176025,-53724.8828365891,42066.1379253389,2000,2185,0.934235920150741,1,0.652347652347652,0.652347652347652,1,1,0.668331668331668,0.668331668331668,1,0.000999000999000999,0.354645354645355,0.354645354645355,0.000999000999000999,0.000999000999000999,0.311688311688312,0.311688311688312,0.000999000999000999,0.997768406993,0.00223159300700037,0.000141729447006364,0.998182791870853,0.00181720812914728,0.000141729447006364,0.997627309360439,0.000141413209290054,0.00181619686413476,0,0.000415080566136668
"Branta leucopsis",4382165.03557067,4781773.56593007,4400311.35108264,4084752.34079773,697257.396555709,-697021.225132338,18146.3155119736,55,332,0.630967851156083,1,0.807192807192807,0.807192807192807,1,1,0.826173826173826,0.826173826173826,1,0.000999000999000999,0.196803196803197,0.196803196803197,0.000999000999000999,0.000999000999000999,0.180819180819181,0.180819180819181,0.000999000999000999,0.963835395991382,0.0361646040086177,0.0100377575722245,0.975948087888955,0.0240519121110447,0.0100377575722245,0.954507147044573,0.00967825936420811,0.023523507341194,1.73472347597681e-18,0.0122910862500244
"Buteo buteo",4567427.46277167,2993883.61562047,4583425.1244152,2969335.43344387,29300.8263746328,-24548.1821765979,15997.6616435321,2277,2446,0.94998943492797,1,0.735264735264735,0.735264735264735,1,1,0.752247752247752,0.752247752247752,1,0.001998001998002,0.253746253746254,0.253746253746254,0.001998001998002,0.003996003996004,0.267732267732268,0.267732267732268,0.003996003996004,0.999913393687043,8.6606312957518e-05,6.61045516408041e-05,0.999913393687043,8.6606312957518e-05,6.61045516408041e-05,0.99984730058467,6.60988269477373e-05,8.66005883818252e-05,0,0
"Caprimulgus europaeus",4591711.8502057,2917170.87904881,4647027.07397054,2891755.13757014,60874.739383961,-25415.7414786681,55315.2237648433,1664,1839,0.922679709262379,1,0.915084915084915,0.915084915084915,1,1,0.915084915084915,0.915084915084915,1,0.000999000999000999,0.0859140859140859,0.0859140859140859,0.000999000999000999,0.000999000999000999,0.0729270729270729,0.0729270729270729,0.000999000999000999,0.992082727428841,0.00791727257115928,0.000270274047888972,0.992082727428841,0.00791727257115928,0.000270274047888972,0.991816715536699,0.000268134788346675,0.00791514967495413,0,0
"Caprimulgus ruficollis",3092287.92193957,1941049.32816258,3114699.8286198,1919623.519599,31005.7870992871,-21425.8085635763,22411.9066802291,127,163,0.885207497908516,1,0.997002997002997,0.997002997002997,1,1,0.996003996003996,0.996003996003996,1,0.001998001998002,0.003996003996004,0.003996003996004,0.000999000999000999,0.003996003996004,0.002997002997003,0.002997002997003,0.000999000999000999,0.993650498720012,0.0063495012799885,0.0211368170281225,0.993650498720012,0.0063495012799885,0.0211368170281225,0.972778444828245,0.0210054278829965,0.0062161272887587,0,0
"Carduelis carduelis",4540401.51493766,2815161.5256279,4557842.62735129,2894807.36049518,81533.130774739,79645.8348672786,17441.1124136299,2209,2400,0.946304897892269,1,0.735264735264735,0.735264735264735,1,1,0.75024975024975,0.75024975024975,1,0.000999000999000999,0.256743256743257,0.256743256743257,0.000999000999000999,0.000999000999000999,0.265734265734266,0.265734265734266,0.000999000999000999,0.997302809618753,0.00269719038124699,0,0.997302809618753,0.00269719038124699,0,0.997302809618753,0,0.00269719038124699,0,0
"Carduelis citrinella",3890432.41754221,2353897.63170859,3786929.79203087,2383601.96026638,107680.73468736,29704.3285577847,-103502.62551134,169,149,0.813988563591263,1,1,1,1,1,1,1,1,0.002997002997003,0.002997002997003,0.002997002997003,0.002997002997003,0.000999000999000999,0.000999000999000999,0.000999000999000999,0.000999000999000999,0.944366884856701,0.0556331151432989,0.0702047655327697,0.944366884856701,0.0556331151432989,0.0620818142098732,0.881510754324355,0.0583481456091688,0.0519302297462756,0.00821087032020075,0
"Certhia brachydactyla",4239852.96322109,2576630.18342073,4270987.83568697,2558197.01643906,36182.3427715805,-18433.1669816622,31134.872465875,1222,1331,0.950521812250055,1,0.973026973026973,0.973026973026973,1,1,0.977022977022977,0.977022977022977,1,0.000999000999000999,0.028971028971029,0.028971028971029,0.000999000999000999,0.000999000999000999,0.026973026973027,0.026973026973027,0.000999000999000999,0.997692999125089,0.00230700087491139,0.00075251073750057,0.997692999125089,0.00230700087491139,0.00075251073750057,0.996943955168023,0.000750775997950139,0.00230526883402725,0,0
"Cettia cetti",3983671.69399924,2205539.76082392,4031437.0982865,2279161.39161013,87759.2067326602,73621.6307862084,47765.4042872558,750,884,0.913388538640025,1,0.95004995004995,0.95004995004995,1,1,0.948051948051948,0.948051948051948,1,0.001998001998002,0.0569430569430569,0.0569430569430569,0.001998001998002,0.002997002997003,0.051948051948052,0.051948051948052,0.000999000999000999,0.999311981323856,0.00068801867614418,0.00900599115607459,0.999311981323856,0.00068801867614418,0.00900599115607459,0.990318322757525,0.00899985063164751,0.000681826610827099,0,0
"Charadrius hiaticula",4276761.54146119,4150896.54319827,4302995.70972805,4132880.23893288,31824.8142812636,-18016.3042653911,26234.168266857,765,773,0.950559335593241,1,0.957042957042957,0.957042957042957,1,1,0.946053946053946,0.946053946053946,1,0.000999000999000999,0.0599400599400599,0.0599400599400599,0.000999000999000999,0.000999000999000999,0.0539460539460539,0.0539460539460539,0.000999000999000999,0.999990266514768,9.73348523195221e-06,0.00157905637563079,0.999990266514768,9.73348523195221e-06,0.00157905637563079,0.998411240854162,0.0015790410301783,9.71811565940432e-06,0,0
"Ciconia ciconia",4898182.4638731,2868246.08187309,4788592.80377546,2814167.31732036,122206.408898488,-54078.7645527306,-109589.660097633,1173,1423,0.906784704318933,1,0.892107892107892,0.892107892107892,1,1,0.913086913086913,0.913086913086913,1,0.000999000999000999,0.0959040959040959,0.0959040959040959,0.000999000999000999,0.000999000999000999,0.101898101898102,0.101898101898102,0.000999000999000999,0.998474813208273,0.00152518679172693,0.00135739219879335,0.998474813208273,0.00152518679172693,0.00135739219879335,0.997121555603609,0.0013553247280377,0.00152311966835323,0,0
"Cinclus cinclus",4307581.23837043,3148679.5554405,4330651.48606375,3182505.95207041,40944.6142684886,33826.3966299137,23070.2476933189,1209,1207,0.932308498553071,1,1,1,1,1,1,1,1,0.001998001998002,0.041958041958042,0.041958041958042,0.001998001998002,0.000999000999000999,0.036963036963037,0.036963036963037,0.000999000999000999,1,0,0.0143484379623798,1,0,0.0143484379623798,0.98565156203762,0.0143484379623798,0,0,0
"Circus aeruginosus",4750160.52308314,3065751.50629392,4703550.88154437,3087365.59625501,51377.3059747102,21614.0899610943,-46609.6415387709,1361,1761,0.911912340313914,1,0.902097902097902,0.902097902097902,1,1,0.897102897102897,0.897102897102897,1,0.000999000999000999,0.0989010989010989,0.0989010989010989,0.000999000999000999,0.000999000999000999,0.0979020979020979,0.0979020979020979,0.000999000999000999,0.998429488059868,0.00157051194013171,0.00175232833687826,0.998429488059868,0.00157051194013171,0.00175232833687826,0.996682654698634,0.00174958109924133,0.00156776420212512,0,0
"Circus pygargus",4333420.35217399,2809380.25794589,4531949.45244533,2889358.54440529,214033.478595117,79978.2864593933,198529.100271335,910,1132,0.8884206506877,1,0.919080919080919,0.919080919080919,1,1,0.916083916083916,0.916083916083916,1,0.000999000999000999,0.0859140859140859,0.0859140859140859,0.000999000999000999,0.000999000999000999,0.0919080919080919,0.0919080919080919,0.000999000999000999,0.994115949311809,0.00588405068819121,0.000393042034484649,0.994285452886045,0.00571454711395488,0.000393042034484649,0.993727518129592,0.000390730258864915,0.00571134044484089,0,0.000170411166701749
"Coccothraustes coccothraustes",4633904.01167223,2936758.97139731,4677472.32903977,3007693.79320128,83246.3045582222,70934.8218039717,43568.3173675444,1585,1942,0.905284235503595,1,0.869130869130869,0.869130869130869,1,1,0.89010989010989,0.89010989010989,1,0.000999000999000999,0.116883116883117,0.116883116883117,0.000999000999000999,0.000999000999000999,0.133866133866134,0.133866133866134,0.000999000999000999,0.99389362045704,0.00610637954296023,0.000108948542088965,0.99389362045704,0.00610637954296023,0.000108948542088965,0.99378599834319,0.000108283332979178,0.00610571832383088,0,0
"Columba livia",4530659.62676908,3011995.9963791,4574048.86124588,2958714.70942796,68713.3262741087,-53281.2869511368,43389.2344768001,2104,2407,0.916899232665704,1,1,1,1,1,1,1,1,0.000999000999000999,0.483516483516484,0.483516483516484,0.000999000999000999,0.000999000999000999,0.4995004995005,0.4995004995005,0.000999000999000999,1,0,5.39520825391798e-05,1,0,5.39520825391798e-05,0.999946047917461,5.39520825391798e-05,0,0,0
"Columba oenas",4438774.64215321,3105300.77216344,4518566.63917994,3134136.36927219,84842.5273676573,28835.5971087464,79791.9970267303,1501,1595,0.933503190944556,1,0.948051948051948,0.948051948051948,1,1,0.942057942057942,0.942057942057942,1,0.000999000999000999,0.0569430569430569,0.0569430569430569,0.000999000999000999,0.000999000999000999,0.0589410589410589,0.0589410589410589,0.000999000999000999,0.996794491839473,0.00320550816052692,0.00307153067158732,0.996794491839473,0.00320550816052692,0.00307153067158732,0.993742591191852,0.00306171500003871,0.00319569380810909,0,0
"Columba palumbus",4488282.42402756,3124654.5651128,4538385.51475055,3106032.73628086,53451.7746107904,-18621.8288319376,50103.0907229958,2354,2538,0.950703517945334,1,0.476523476523477,0.476523476523477,1,1,0.498501498501498,0.498501498501498,1,0.000999000999000999,0.517482517482518,0.517482517482518,0.000999000999000999,0.001998001998002,0.49050949050949,0.49050949050949,0.001998001998002,0.999330880876005,0.000669119123994623,2.35104270197477e-05,0.999408253479878,0.000591746520122226,2.35104270197477e-05,0.999307401900643,2.3494696113017e-05,0.000591686806215668,0,7.74165970284732e-05
"Coracias garrulus",4782174.34821392,2605935.04872687,4889952.04280251,2402217.07376039,230471.353480811,-203717.974966485,107777.69458859,653,535,0.765903879638292,1,0.908091908091908,0.908091908091908,1,1,0.922077922077922,0.922077922077922,1,0.000999000999000999,0.0899100899100899,0.0899100899100899,0.000999000999000999,0.000999000999000999,0.0929070929070929,0.0929070929070929,0.000999000999000999,0.988435241290785,0.0115647587092151,0.0520976508021973,0.988435241290785,0.0115647587092151,0.0520976508021973,0.937504930933595,0.051526198408993,0.0109688706574119,0,0
"Coturnix coturnix",4530578.75661711,2762680.51867257,4570569.45897535,2977393.08805608,218404.999316347,214712.56938351,39990.7023582365,1797,2200,0.864610800405295,0.999000999000999,0.448551448551449,0.448551448551449,1,1,0.410589410589411,0.410589410589411,1,0.004995004995005,0.565434565434565,0.565434565434565,0.002997002997003,0.000999000999000999,0.551448551448551,0.551448551448551,0.000999000999000999,0.998297924982784,0.00170207501721638,0.000276350465584434,0.998297924982784,0.00170207501721638,0.000276350465584434,0.998022514325498,0.000275880226126535,0.00170160544837574,0,0
"Crex crex",4860957.2620005,3317510.47078467,4918851.94302399,3346086.84266034,64563.1715483911,28576.3718756675,57894.6810234804,1210,1438,0.90099215159879,1,0.94005994005994,0.94005994005994,1,1,0.951048951048951,0.951048951048951,1,0.000999000999000999,0.0569430569430569,0.0569430569430569,0.000999000999000999,0.000999000999000999,0.0589410589410589,0.0589410589410589,0.000999000999000999,0.991444243660625,0.00855575633937498,0.00629469059070179,0.991444243660625,0.00855575633937498,0.00629469059070179,0.985256470722637,0.00624117087526936,0.00850235840209377,0,0
"Cyanistes caeruleus",4561406.7341734,3020482.31283504,4569955.15267177,3076466.25272755,56632.8260350058,55983.9398925086,8548.41849836707,2396,2558,0.957612271258862,1,0.63036963036963,0.63036963036963,1,1,0.598401598401598,0.598401598401598,1,0.000999000999000999,0.406593406593407,0.406593406593407,0.000999000999000999,0.002997002997003,0.368631368631369,0.368631368631369,0.002997002997003,0.998195570288249,0.00180442971175046,0.000205177246758599,0.998195570288249,0.00180442971175046,0.000205177246758599,0.997991132753593,0.000204807094663678,0.00180406015174367,0,0
"Cygnus olor",4562551.35888857,3278668.5112863,4649236.26601887,3167704.71272985,140809.224535415,-110963.798556455,86684.9071302917,1174,1679,0.83576590904112,1,0.831168831168831,0.831168831168831,1,1,0.845154845154845,0.845154845154845,1,0.000999000999000999,0.168831168831169,0.168831168831169,0.000999000999000999,0.001998001998002,0.16983016983017,0.16983016983017,0.000999000999000999,0.961167089809404,0.0388329101905957,0,0.961299576959877,0.0387004230401227,0,0.961167089809404,0,0.0386950893138905,0,0.000137820876705233
"Dendrocopos major",4606463.6474224,3148665.43991004,4570024.21235021,3107514.57022704,54965.6847864834,-41150.8696829998,-36439.4350721827,2241,2387,0.959176413660172,1,0.93006993006993,0.93006993006993,1,1,0.911088911088911,0.911088911088911,1,0.000999000999000999,0.0749250749250749,0.0749250749250749,0.000999000999000999,0.000999000999000999,0.0699300699300699,0.0699300699300699,0.000999000999000999,0.997737694518386,0.00226230548161363,0,0.997737694518386,0.00226230548161363,0,0.997737694518386,0,0.00226230548161363,0,0
"Emberiza caesia",5509380.12709856,1811237.07829177,5669888.46075479,1750988.31633154,171443.397338127,-60248.7619602312,160508.333656225,91,37,0.524278070613627,0.934065934065934,0.873126873126873,0.873126873126873,0.908091908091908,0.945054945054945,0.889110889110889,0.889110889110889,0.92007992007992,0.0799200799200799,0.13986013986014,0.13986013986014,0.102897102897103,0.0779220779220779,0.118881118881119,0.118881118881119,0.0889110889110889,0.964451757262988,0.0355482427370122,0.405717081944185,0.972573312937171,0.0274266870628289,0.405717081944185,0.581544547918608,0.397020593783799,0.0163996277881505,5.55111512312578e-17,0.00503523050944253
"Emberiza calandra",4428712.93277227,2634189.65287121,4597675.80821582,2622013.40477867,169401.045733972,-12176.2480925401,168962.875443549,1600,1755,0.895525949922975,1,0.776223776223776,0.776223776223776,1,1,0.789210789210789,0.789210789210789,1,0.000999000999000999,0.224775224775225,0.224775224775225,0.000999000999000999,0.000999000999000999,0.234765234765235,0.234765234765235,0.000999000999000999,0.999623841523081,0.0003761584769193,0.000975064954857887,0.999623841523081,0.0003761584769193,0.000975064954857887,0.998649509630788,0.000974698533408473,0.000375791835803518,0,0
"Emberiza cia",4176761.93548821,2214327.53763874,4177066.24529748,2246685.88479553,32359.7780458914,32358.3471567901,304.309809261933,617,647,0.92962978148732,1,0.952047952047952,0.952047952047952,1,1,0.932067932067932,0.932067932067932,1,0.000999000999000999,0.048951048951049,0.048951048951049,0.000999000999000999,0.000999000999000999,0.047952047952048,0.047952047952048,0.000999000999000999,0.974680868635326,0.0253191313646743,0,0.974680868635326,0.0253191313646743,0,0.974680868635326,0,0.0253191313646743,0,0
"Emberiza cirlus",4137166.4926591,2254289.36179085,4174266.77065638,2252882.81182359,37126.9310647451,-1406.54996725684,37100.2779972865,877,962,0.948535359242505,1,0.792207792207792,0.792207792207792,1,1,0.799200799200799,0.799200799200799,1,0.001998001998002,0.203796203796204,0.203796203796204,0.001998001998002,0.000999000999000999,0.213786213786214,0.213786213786214,0.000999000999000999,0.98916673979227,0.0108332602077299,0,0.98916673979227,0.0108332602077299,0,0.98916673979227,0,0.0108332602077299,0,0
"Emberiza citrinella",4651398.19633265,3294299.10669694,4678889.73430592,3293091.51660995,27518.0474226285,-1207.59008698817,27491.5379732717,2101,2064,0.959226025775891,1,1,1,1,1,1,1,1,0.003996003996004,0.217782217782218,0.217782217782218,0.003996003996004,0.000999000999000999,0.198801198801199,0.198801198801199,0.000999000999000999,1,0,0.0131896799393717,1,0,0.0131896799393717,0.986810320060628,0.0131896799393717,0,0,0
"Emberiza hortulana",4733808.44732405,3055390.69569463,4971285.52280296,3001018.93605911,243621.939947696,-54371.7596355183,237477.07547891,1241,1066,0.830260898666999,1,0.981018981018981,0.981018981018981,1,1,0.974025974025974,0.974025974025974,1,0.000999000999000999,0.015984015984016,0.015984015984016,0.000999000999000999,0.000999000999000999,0.028971028971029,0.028971028971029,0.000999000999000999,0.991947061311895,0.00805293868810512,0.00413105597783858,0.991947061311895,0.00805293868810512,0.00413105597783858,0.987882136488402,0.00409792516358412,0.00801993834801433,0,0
"Emberiza melanocephala",5399127.32150775,2083687.15420219,5411981.55281189,2272291.22036248,189041.596043348,188604.066160293,12854.2313041408,214,299,0.735975399520261,0.966033966033966,0.91008991008991,0.91008991008991,1,0.976023976023976,0.903096903096903,0.903096903096903,1,0.036963036963037,0.0899100899100899,0.0899100899100899,0.000999000999000999,0.031968031968032,0.0879120879120879,0.0879120879120879,0.000999000999000999,0.934006814745274,0.0659931852547264,0.0011438217883454,0.934006814745274,0.0659931852547264,0.0011438217883454,0.933008905057782,0.00106841799410609,0.0659226769481118,0,0
"Emberiza schoeniclus",4627203.41668152,3435825.8920832,4670576.95453059,3466975.52038608,53400.0292972975,31149.6283028745,43373.5378490733,1946,1939,0.964535287433262,1,1,1,1,1,1,1,1,0.000999000999000999,0.213786213786214,0.213786213786214,0.000999000999000999,0.000999000999000999,0.201798201798202,0.201798201798202,0.000999000999000999,1,0,0.00642256187602418,1,0,0.00642256187602418,0.993577438123976,0.00642256187602418,0,0,0
"Erithacus rubecula",4550199.40442698,3156750.27118044,4527919.65773156,3130842.48122295,34170.1725675004,-25907.7899574814,-22279.7466954133,2427,2527,0.971788583651552,1,0.622377622377622,0.622377622377622,1,1,0.611388611388611,0.611388611388611,1,0.000999000999000999,0.391608391608392,0.391608391608392,0.000999000999000999,0.002997002997003,0.38961038961039,0.38961038961039,0.002997002997003,0.999987519235885,1.24807641148167e-05,0.000307599557115046,0.999987519235885,1.24807641148167e-05,0.000307599557115046,0.999679927355696,0.000307595719218415,1.24769250852025e-05,0,0
"Falco columbarius",4420867.6484857,4436304.67628576,4465739.104263,4440531.27825064,45070.0755240477,4226.60196488257,44871.4557772959,594,534,0.950449596131455,1,0.934065934065934,0.934065934065934,1,1,0.929070929070929,0.929070929070929,1,0.000999000999000999,0.0689310689310689,0.0689310689310689,0.000999000999000999,0.000999000999000999,0.0679320679320679,0.0679320679320679,0.000999000999000999,0.997123286001706,0.00287671399829379,0.000550230291811008,0.997123286001706,0.00287671399829379,0.000550230291811008,0.996576216000906,0.000548648305059083,0.00287513569403449,0,0
"Falco eleonorae",5157734.71201898,1907831.49181591,5266755.94742318,1742391.10124539,198131.654717725,-165440.390570515,109021.235404206,54,68,0.694933059054262,1,0.968031968031968,0.968031968031968,1,1,0.975024975024975,0.975024975024975,1,0.001998001998002,0.028971028971029,0.028971028971029,0.001998001998002,0.001998001998002,0.030969030969031,0.030969030969031,0.000999000999000999,0.977119606227733,0.0228803937722674,0.362535910469016,0.977119606227733,0.0228803937722674,0.362459361662131,0.62808863299007,0.357085637041654,0.0147074269670816,0.000118303001194475,1.73472347597681e-18
"Ficedula albicollis",5068702.5986799,2909491.24312458,5269516.3052995,2904577.74818405,200873.809141039,-4913.49494053004,200813.706619593,405,618,0.795571390326899,0.987012987012987,0.991008991008991,0.991008991008991,1,0.979020979020979,0.99000999000999,0.99000999000999,1,0.014985014985015,0.010989010989011,0.010989010989011,0.001998001998002,0.00699300699300699,0.004995004995005,0.004995004995005,0.000999000999000999,0.99802074813198,0.00197925186802001,0.0129457474806327,0.99802074813198,0.00197925186802001,0.0129457474806327,0.985125865322726,0.0129204556452256,0.00195367903204853,0,0
"Ficedula hypoleuca",4672962.42709177,3600139.77321975,4692529.85281707,3658335.02152933,61396.8327792931,58195.248309576,19567.4257253036,1464,1396,0.945404155354896,1,0.92007992007992,0.92007992007992,1,1,0.898101898101898,0.898101898101898,1,0.001998001998002,0.105894105894106,0.105894105894106,0.001998001998002,0.000999000999000999,0.0929070929070929,0.0929070929070929,0.000999000999000999,0.997685763033689,0.00231423696631043,0.00644766645738579,0.997685763033689,0.00231423696631043,0.00644766645738579,0.99126780913567,0.00643284101649813,0.00229934984783165,0,0
"Ficedula parva",5069718.56375832,3413235.03277885,5088433.61054584,3491076.97789388,80060.1111387563,77841.9451150284,18715.0467875162,714,870,0.869240408628846,1,0.981018981018981,0.981018981018981,1,1,0.967032967032967,0.967032967032967,1,0.000999000999000999,0.028971028971029,0.028971028971029,0.000999000999000999,0.000999000999000999,0.031968031968032,0.031968031968032,0.000999000999000999,0.974565612664519,0.025434387335481,0,0.974912906567792,0.0250870934322081,0,0.974565612664519,0,0.0250781566394535,0,0.000356230696027495
"Ficedula semitorquata",5493295.39042145,2123116.53266885,5528756.18423337,2248406.29995206,130211.34237712,125289.767283205,35460.7938119229,64,81,0.656279398250263,0.958041958041958,0.914085914085914,0.914085914085914,0.975024975024975,0.959040959040959,0.915084915084915,0.915084915084915,0.967032967032967,0.036963036963037,0.0779220779220779,0.0779220779220779,0.027972027972028,0.03996003996004,0.102897102897103,0.102897102897103,0.027972027972028,0.943827449279798,0.0561725507202024,0.118154307208801,0.944797246554336,0.0552027534456638,0.118154307208801,0.837871145823157,0.112262366958592,0.0489552593964419,0,0.000911227821809045
"Fringilla montifringilla",4688469.90869718,4442947.21781195,4734450.80903736,4582769.5689547,147188.766810446,139822.351142749,45980.9003401799,536,453,0.861708587726973,1,0.927072927072927,0.927072927072927,1,1,0.912087912087912,0.912087912087912,1,0.000999000999000999,0.0949050949050949,0.0949050949050949,0.000999000999000999,0.001998001998002,0.0999000999000999,0.0999000999000999,0.000999000999000999,0.999870560389748,0.000129439610252092,0.0826307183437243,0.999870560389748,0.000129439610252092,0.0645154708255457,0.917260348464482,0.063258644483424,0.000118745192336356,0.0193622618597577,1.35525271560688e-20
"Gallinago gallinago",4563866.65841906,3707043.90197647,4601142.78488827,3788961.65967321,90000.1590588119,81917.7576967459,37276.1264692117,1600,1470,0.940720634534526,1,0.758241758241758,0.758241758241758,1,1,0.78021978021978,0.78021978021978,1,0.000999000999000999,0.217782217782218,0.217782217782218,0.000999000999000999,0.000999000999000999,0.204795204795205,0.204795204795205,0.000999000999000999,0.996500734571727,0.00349926542827309,0.00164028821397186,0.996500734571727,0.00349926542827309,0.00164028821397186,0.994871896531126,0.00163455779217339,0.00349354567670042,0,0
"Garrulus glandarius",4577257.5130636,3073689.62095943,4591007.36804033,3050183.36877355,27232.3778562766,-23506.2521858783,13749.854976723,2336,2425,0.96917048021799,1,0.751248751248751,0.751248751248751,1,1,0.749250749250749,0.749250749250749,1,0.000999000999000999,0.27972027972028,0.27972027972028,0.000999000999000999,0.000999000999000999,0.25974025974026,0.25974025974026,0.000999000999000999,0.999215021583808,0.00078497841619218,6.51689576387893e-05,0.999215021583808,0.00078497841619218,6.51689576387893e-05,0.999149954895134,6.51178047448182e-05,0.000784927300120946,0,0
"Haematopus ostralegus",4347015.61836571,3786188.99563176,4410824.40630961,3778288.56971778,64296.0196940049,-7900.42591398209,63808.7879438996,746,879,0.931821582307655,1,0.86013986013986,0.86013986013986,1,1,0.832167832167832,0.832167832167832,1,0.000999000999000999,0.150849150849151,0.150849150849151,0.000999000999000999,0.000999000999000999,0.145854145854146,0.145854145854146,0.000999000999000999,0.999246809536088,0.000753190463912307,0.00733528674866508,0.999246809536088,0.000753190463912307,0.00733528674866508,0.991922527896514,0.00732980237682673,0.000747669726659719,0,0
"Hieraaetus pennatus",4251467.20571366,2329362.97228615,4243818.64097632,2326842.23337446,8053.23954705843,-2520.73891168926,-7648.56473734789,410,572,0.896513471543202,1,0.841158841158841,0.841158841158841,1,1,0.865134865134865,0.865134865134865,1,0.001998001998002,0.160839160839161,0.160839160839161,0.001998001998002,0.001998001998002,0.142857142857143,0.142857142857143,0.001998001998002,0.983903367023497,0.0160966329765029,0,0.984599701223171,0.015400298776829,0,0.983903367023497,0,0.0153894072899535,0,0.000707225686549354
"Hippolais icterina",4915400.86050628,3481914.36608955,4926543.07391116,3466443.54093096,19065.5540346346,-15470.8251585895,11142.2134048818,1335,1379,0.95233730507114,1,0.821178821178821,0.821178821178821,1,1,0.826173826173826,0.826173826173826,1,0.001998001998002,0.173826173826174,0.173826173826174,0.001998001998002,0.000999000999000999,0.161838161838162,0.161838161838162,0.000999000999000999,0.995077783624188,0.00492221637581254,0.00432183493392438,0.995077783624188,0.00492221637581254,0.00432183493392438,0.990798298955786,0.00430065341506791,0.0049010476291462,0,0
"Hippolais olivetorum",5488906.63997494,1899365.41957883,5432896.94735885,2016559.17780565,129890.194527051,117193.75822682,-56009.6926160892,92,105,0.760853199729467,0.987012987012987,0.973026973026973,0.973026973026973,1,0.992007992007992,0.969030969030969,0.969030969030969,1,0.014985014985015,0.030969030969031,0.030969030969031,0.000999000999000999,0.014985014985015,0.033966033966034,0.033966033966034,0.000999000999000999,0.948370583706666,0.0516294162933335,0.00654289084223058,0.948370583706666,0.0516294162933335,0.00654289084223058,0.942483874863369,0.00620718202824217,0.0513089431083889,0,0
"Hippolais polyglotta",3637860.66104907,2325017.84137959,3678927.77982819,2382480.97266471,70629.4535014227,57463.1312851263,41067.1187791154,625,690,0.924243763608078,0.999000999000999,0.839160839160839,0.839160839160839,1,1,0.819180819180819,0.819180819180819,1,0.002997002997003,0.20979020979021,0.20979020979021,0.001998001998002,0.001998001998002,0.184815184815185,0.184815184815185,0.001998001998002,0.97007341988935,0.0299265801106499,0,0.97007341988935,0.0299265801106499,0,0.97007341988935,0,0.0299265801106499,0,0
"Jynx torquilla",4677349.4671498,3189114.36212212,4690621.72887359,3098469.12773708,91611.7429589899,-90645.234385042,13272.2617237922,1934,2095,0.922791210173103,1,0.834165834165834,0.834165834165834,1,1,0.829170829170829,0.829170829170829,1,0.000999000999000999,0.180819180819181,0.180819180819181,0.000999000999000999,0.001998001998002,0.155844155844156,0.155844155844156,0.001998001998002,0.99924515850822,0.000754841491779647,0.000481856493600882,0.99924515850822,0.000754841491779647,0.000481856493600882,0.998764029015615,0.000481492943457582,0.000754478040927926,0,0
"Lanius collurio",4811250.23428923,3049368.47595351,4795201.23703879,3045281.69990457,16561.1609260608,-4086.776048942,-16048.9972504415,1942,2002,0.960211072362391,1,0.906093906093906,0.906093906093906,1,1,0.915084915084915,0.915084915084915,1,0.000999000999000999,0.0849150849150849,0.0849150849150849,0.000999000999000999,0.000999000999000999,0.0809190809190809,0.0809190809190809,0.000999000999000999,0.998154812017447,0.00184518798255285,0.000355670066547752,0.998154812017447,0.00184518798255285,0.000355670066547752,0.99780045306365,0.000355014021403143,0.00184453291494692,0,0
"Lanius minor",5231330.58896686,2558841.41644683,5509138.26594428,2646623.91392338,291346.653062653,87782.4974765526,277807.676977417,531,578,0.764124522714499,1,0.964035964035964,0.964035964035964,1,1,0.966033966033966,0.966033966033966,1,0.000999000999000999,0.042957042957043,0.042957042957043,0.000999000999000999,0.000999000999000999,0.042957042957043,0.042957042957043,0.000999000999000999,0.994955870466915,0.00504412953308546,0.0394396333242545,0.994955870466915,0.00504412953308546,0.0393496063722763,0.955905342250782,0.039155242319404,0.00484615500124502,9.32604285689281e-05,0
"Lanius senator",4162963.23814481,2180120.61067289,4210736.36857948,2119497.74708502,77184.2184719201,-60622.8635878707,47773.1304346649,758,704,0.882649895601607,1,1,1,1,1,1,1,1,0.000999000999000999,0.11988011988012,0.11988011988012,0.000999000999000999,0.001998001998002,0.0959040959040959,0.0959040959040959,0.000999000999000999,1,0,0.0734404394939144,1,0,0.0693070349794994,0.926559560506086,0.0689992277626922,0,0.00444121173122219,0
"Larus ridibundus",4582502.62081414,3551662.32538471,4604857.21154642,3507829.8671889,49203.7815446692,-43832.4581958116,22354.5907322848,1576,1560,0.935284388667165,1,1,1,1,1,1,1,1,0.000999000999000999,0.44955044955045,0.44955044955045,0.000999000999000999,0.000999000999000999,0.470529470529471,0.470529470529471,0.000999000999000999,1,0,0.00193164807180982,1,0,0.00193164807180982,0.99806835192819,0.00193164807180982,0,0,0
"Limosa limosa",4811336.6437048,3415911.46350566,4778002.6791917,3591462.44611597,178687.718340146,175550.982610314,-33333.9645131007,610,458,0.876420138379086,1,0.896103896103896,0.896103896103896,1,1,0.905094905094905,0.905094905094905,1,0.001998001998002,0.104895104895105,0.104895104895105,0.001998001998002,0.000999000999000999,0.107892107892108,0.107892107892108,0.000999000999000999,0.99508438643395,0.00491561356604968,0.00216742390982332,0.99508438643395,0.00491561356604968,0.00216742390982332,0.992938195722871,0.00215679267038891,0.00490501160673996,0,0
"Linaria cannabina",4538793.21011751,2911021.1216232,4560383.14652013,2933089.85652827,30873.1989625243,22068.7349050734,21589.9364026207,2263,2337,0.970719666515674,1,0.558441558441558,0.558441558441558,1,1,0.553446553446553,0.553446553446553,1,0.001998001998002,0.468531468531469,0.468531468531469,0.001998001998002,0.000999000999000999,0.462537462537463,0.462537462537463,0.000999000999000999,0.998492777798444,0.00150722220155615,2.44214952045002e-05,0.998492777798444,0.00150722220155615,2.44214952045002e-05,0.998468429864104,2.43846874822995e-05,0.0015071854484138,0,0
"Locustella fluviatilis",5115312.94487684,3308468.55802114,5082529.05529292,3400160.80370522,97376.8521510063,91692.2456840733,-32783.8895839173,711,952,0.85649160671602,1,0.951048951048951,0.951048951048951,1,1,0.951048951048951,0.951048951048951,1,0.000999000999000999,0.044955044955045,0.044955044955045,0.000999000999000999,0.000999000999000999,0.041958041958042,0.041958041958042,0.000999000999000999,0.990599649961752,0.00940035003824795,0.0121363141145348,0.990599649961752,0.00940035003824795,0.0116119088782009,0.978689075779324,0.0114979616510168,0.00928732398733458,0.000525638582324274,0
"Locustella luscinioides",4687814.97265957,2931616.4889773,4943943.50214592,3041439.0527972,278680.496520323,109822.563819901,256128.529486345,786,1117,0.792552166313995,0.991008991008991,0.891108891108891,0.891108891108891,1,0.987012987012987,0.88011988011988,0.88011988011988,1,0.012987012987013,0.130869130869131,0.130869130869131,0.000999000999000999,0.00599400599400599,0.100899100899101,0.100899100899101,0.000999000999000999,0.99520050258356,0.00479949741644024,0.00144747564756309,0.995385533055359,0.00461446694464147,0.00144747564756309,0.993766877944789,0.0014405384995774,0.00460696308783981,2.16840434497101e-19,0.000185620467793426
"Locustella naevia",4476462.53890429,3347640.09616902,4485895.85543359,3382230.9163279,35854.0416132646,34590.8201588774,9433.31652929727,1219,1346,0.93742253327678,1,0.97002997002997,0.97002997002997,1,1,0.967032967032967,0.967032967032967,1,0.000999000999000999,0.040959040959041,0.040959040959041,0.000999000999000999,0.000999000999000999,0.035964035964036,0.035964035964036,0.000999000999000999,0.999239862175077,0.000760137824922692,0.00715770133610399,0.999239862175077,0.000760137824922692,0.00715770133610399,0.992092999497303,0.00715229941109225,0.000754701091605149,0,0
"Lophophanes cristatus",4417814.78428105,3184995.04630733,4426659.90890109,3119368.93501616,66219.5040206819,-65626.1112911706,8845.12462003808,1563,1646,0.942320850852479,1,1,1,1,1,0.998001998001998,0.998001998001998,1,0.001998001998002,0.002997002997003,0.002997002997003,0.001998001998002,0.000999000999000999,0.002997002997003,0.002997002997003,0.000999000999000999,0.996884601478959,0.0031153985210411,0.00190099965103799,0.996884601478959,0.0031153985210411,0.00190099965103799,0.994995416931923,0.00189508850295478,0.00310949456512175,0,0
"Loxia curvirostra",4469330.43640914,3406789.3748085,4413664.48242778,3330056.5295632,94797.8268321274,-76732.8452453008,-55665.9539813586,1333,1558,0.92878796376822,1,0.559440559440559,0.559440559440559,1,1,0.515484515484515,0.515484515484515,1,0.001998001998002,0.474525474525474,0.474525474525474,0.001998001998002,0.000999000999000999,0.485514485514486,0.485514485514486,0.000999000999000999,0.997975593171798,0.00202440682820238,0.000863183657373903,0.997975593171798,0.00202440682820238,0.000863183657373903,0.997115899344425,0.000861437727790264,0.00202266292778417,0,0
"Loxia pytyopsittacus",4744387.52753383,4403600.15703205,4776928.86586568,4385157.92039893,37403.940868039,-18442.2366331117,32541.3383318521,455,425,0.929942016538098,1,0.908091908091908,0.908091908091908,1,1,0.93006993006993,0.93006993006993,1,0.000999000999000999,0.0749250749250749,0.0749250749250749,0.000999000999000999,0.000999000999000999,0.0809190809190809,0.0809190809190809,0.000999000999000999,0.972368021926157,0.0276319780738435,0.00309252721942156,0.972368021926157,0.0276319780738435,0.00309252721942156,0.969443788886335,0.00300733155953584,0.0275488795541296,0,0
"Lullula arborea",4580236.37808091,2798725.87234974,4640954.44038687,2870520.51378835,94027.4089268042,71794.6414386039,60718.0623059627,1634,1934,0.9320203387023,1,0.772227772227772,0.772227772227772,1,1,0.74025974025974,0.74025974025974,1,0.000999000999000999,0.265734265734266,0.265734265734266,0.000999000999000999,0.001998001998002,0.245754245754246,0.245754245754246,0.001998001998002,0.999036946036605,0.000963053963395476,0.00196052348573702,0.999036946036605,0.000963053963395476,0.00196052348573702,0.997080193217836,0.00195863909391047,0.000961167688253224,0,0
"Luscinia luscinia",5194927.45406035,3539182.93602379,5213266.83654649,3548424.85191608,20536.4544002325,9241.91589228576,18339.3824861348,840,880,0.964871700275617,1,1,1,1,1,1,1,1,0.001998001998002,0.042957042957043,0.042957042957043,0.001998001998002,0.000999000999000999,0.038961038961039,0.038961038961039,0.000999000999000999,1,0,0.0112570826106371,1,0,0.0112570826106371,0.988742917389363,0.0112570826106371,0,0,0
"Luscinia megarhynchos",4343252.85721281,2485157.83998248,4372575.56872003,2513494.86211435,40777.5457014977,28337.0221318719,29322.711507218,1382,1451,0.956034112283409,1,0.825174825174825,0.825174825174825,1,1,0.803196803196803,0.803196803196803,1,0.000999000999000999,0.183816183816184,0.183816183816184,0.000999000999000999,0.000999000999000999,0.184815184815185,0.184815184815185,0.000999000999000999,0.998261825322217,0.00173817467778335,5.61017311044098e-05,0.998529895880522,0.00147010411947794,5.61017311044098e-05,0.99820591844538,5.60042219572541e-05,0.00146962713770305,0,0.000268450194959841
"Melanitta fusca",4765053.51653404,4608835.14817685,4779771.60364016,4577459.49077446,34656.2254940616,-31375.6574023897,14718.0871061124,247,200,0.883462876867038,1,1,1,1,1,1,1,1,0.001998001998002,0.026973026973027,0.026973026973027,0.000999000999000999,0.001998001998002,0.034965034965035,0.034965034965035,0.001998001998002,1,0,0.0493331782591499,1,0,0.0493331782591499,0.95066682174085,0.0493331782591499,0,0,0
"Melanitta nigra",4530313.26306592,4671771.74016226,4587102.29920604,4711279.02333367,69179.6216331757,39507.2831714097,56789.0361401159,230,196,0.903577463153518,1,0.927072927072927,0.927072927072927,1,1,0.937062937062937,0.937062937062937,1,0.001998001998002,0.0689310689310689,0.0689310689310689,0.001998001998002,0.000999000999000999,0.051948051948052,0.051948051948052,0.000999000999000999,0.995073387835345,0.00492661216465499,0.000592493361352778,0.995073387835345,0.00492661216465499,0.000592493361352778,0.994486716350803,0.000589576097315046,0.00492370755188197,0,0
"Melanocorypha calandra",4649684.44134305,2292487.66127327,4645382.97388986,2299448.72608241,8182.85069690086,6961.06480913237,-4301.46745318733,461,434,0.909164606907558,1,0.817182817182817,0.817182817182817,1,1,0.795204795204795,0.795204795204795,1,0.000999000999000999,0.195804195804196,0.195804195804196,0.000999000999000999,0.000999000999000999,0.174825174825175,0.174825174825175,0.000999000999000999,0.998604790195102,0.00139520980489821,0.0181653572775689,0.998604790195102,0.00139520980489821,0.0181653572775689,0.980489627406362,0.0181404725539128,0.00136990003972551,0,0
"Merops apiaster",4640546.05198409,2406022.7690416,4697117.25976921,2527155.62158651,133691.695762801,121132.852544907,56571.2077851184,861,1384,0.865462939589328,1,0.782217782217782,0.782217782217782,1,1,0.774225774225774,0.774225774225774,1,0.001998001998002,0.228771228771229,0.228771228771229,0.000999000999000999,0.000999000999000999,0.205794205794206,0.205794205794206,0.000999000999000999,0.998592898845073,0.00140710115492738,0.000272620619627342,0.998592898845073,0.00140710115492738,0.000217860644729904,0.998321044790968,0.000217542260362691,0.00140671808976244,5.46948589073798e-05,2.16840434497101e-19
"Milvus milvus",4114414.44435981,2730978.8599856,4120382.64393392,2927360.14065988,196471.949156685,196381.280674281,5968.19957411056,626,787,0.816225627518705,0.996003996003996,0.578421578421578,0.578421578421578,1,0.997002997002997,0.581418581418581,0.581418581418581,1,0.004995004995005,0.395604395604396,0.395604395604396,0.001998001998002,0.001998001998002,0.432567432567433,0.432567432567433,0.000999000999000999,0.962420351394417,0.0375796486055826,0.0259575607873759,0.962420351394417,0.0375796486055826,0.0259575607873759,0.938353608056505,0.025006477993782,0.0366399139497131,0,0
"Monticola solitarius",4223148.48716083,2011732.52640635,4228184.18699837,2017717.39885795,7821.57088542431,5984.87245159945,5035.69983754028,504,582,0.942717668667666,1,0.875124875124875,0.875124875124875,1,1,0.877122877122877,0.877122877122877,1,0.000999000999000999,0.108891108891109,0.108891108891109,0.000999000999000999,0.000999000999000999,0.122877122877123,0.122877122877123,0.000999000999000999,0.98847109036063,0.0115289096393705,0.000244071973627832,0.98847109036063,0.0115289096393705,0.000244071973627832,0.988232613042402,0.000241258768772498,0.0115261281888256,0,0
"Numenius arquata",4484121.42129683,3797849.60701613,4450135.66857535,3821548.51313364,41432.7109807226,23698.9061175021,-33985.7527214848,1084,1050,0.944358212111764,1,0.983016983016983,0.983016983016983,1,1,0.965034965034965,0.965034965034965,1,0.000999000999000999,0.02997002997003,0.02997002997003,0.000999000999000999,0.000999000999000999,0.03996003996004,0.03996003996004,0.000999000999000999,0.999111495120337,0.000888504879663163,0.00200252111263721,0.999111495120337,0.000888504879663163,0.00200252111263721,0.997112527369725,0.00200074542268286,0.000886727207592146,0,0
"Numenius phaeopus",4522370.69923729,4643184.52534355,4540356.5788912,4666254.53998919,29252.6484728251,23070.014645637,17985.8796539055,450,441,0.966505883355651,1,0.886113886113886,0.886113886113886,1,1,0.907092907092907,0.907092907092907,1,0.000999000999000999,0.0999000999000999,0.0999000999000999,0.000999000999000999,0.000999000999000999,0.105894105894106,0.105894105894106,0.000999000999000999,0.996826888694136,0.0031731113058636,0.00631783320997479,0.996826888694136,0.0031731113058636,0.00631783320997479,0.990548960393368,0.00629791227741901,0.00315312732921279,0,0
"Oenanthe hispanica",4204357.1238121,2014972.33699959,4218158.01287939,1993720.8028945,25339.5390815963,-21251.5341050944,13800.8890672941,479,414,0.932314198267623,1,0.845154845154845,0.845154845154845,1,1,0.852147852147852,0.852147852147852,1,0.001998001998002,0.153846153846154,0.153846153846154,0.001998001998002,0.000999000999000999,0.154845154845155,0.154845154845155,0.000999000999000999,0.994114856872803,0.00588514312719747,0,0.994114856872803,0.00588514312719747,0,0.994114856872802,0,0.00588514312719747,0,0
"Oenanthe leucura",3192342.68270825,1937691.93888195,3206459.16022594,1907791.98193241,33064.8206269461,-29899.9569495444,14116.4775176924,147,117,0.849402574247306,0.999000999000999,1,1,1,0.999000999000999,1,1,1,0.001998001998002,0.00699300699300699,0.00699300699300699,0.001998001998002,0.000999000999000999,0.001998001998002,0.001998001998002,0.000999000999000999,1,0,0.0729430129439892,1,0,0.0729430129439892,0.927056987056011,0.0729430129439892,0,0,0
"Oenanthe oenanthe",4620634.5018188,3274577.09957466,4655454.61320542,3286539.85881597,36817.764267294,11962.7592413193,34820.1113866149,2286,2252,0.95336133921901,1,1,1,1,1,1,1,1,0.000999000999000999,0.812187812187812,0.812187812187812,0.000999000999000999,0.001998001998002,0.821178821178821,0.821178821178821,0.001998001998002,1,0,0.000472154476400786,1,0,0.000472154476400786,0.999527845523599,0.000472154476400786,0,0,0
"Oriolus oriolus",4669612.52692033,2818491.70004269,4672438.71492795,2838692.74685974,20397.7849571824,20201.0468170592,2826.18800762482,1843,1916,0.957554878008871,1,0.909090909090909,0.909090909090909,1,1,0.87012987012987,0.87012987012987,1,0.000999000999000999,0.0939060939060939,0.0939060939060939,0.000999000999000999,0.000999000999000999,0.0939060939060939,0.0939060939060939,0.000999000999000999,0.999402323410676,0.00059767658932395,0.00686221437492981,0.999402323410676,0.00059767658932395,0.00674875120439938,0.992548281243145,0.00674397481663039,0.000593577638931488,0.000114166301292911,0
"Otus scops",4428246.55610645,2230178.03596,4618416.30670266,2343073.62044741,221155.933762994,112895.584487411,190169.750596218,851,1095,0.86810405840061,0.999000999000999,0.696303696303696,0.696303696303696,1,0.997002997002997,0.719280719280719,0.719280719280719,1,0.000999000999000999,0.287712287712288,0.287712287712288,0.000999000999000999,0.000999000999000999,0.287712287712288,0.287712287712288,0.000999000999000999,0.999076748623788,0.000923251376212331,0.000896200326289698,0.999076748623788,0.000923251376212331,0.000682098295127008,0.998182201629788,0.000681323107287713,0.00092242472125871,0.000214050541665815,0
"Passer italiae",4512885.98825264,2182402.35156828,4545022.75755524,2189940.9738057,33009.1315615423,7538.62223741785,32136.7693026029,185,196,0.830895036673997,1,0.963036963036963,0.963036963036963,1,0.999000999000999,0.978021978021978,0.978021978021978,1,0.000999000999000999,0.032967032967033,0.032967032967033,0.000999000999000999,0.003996003996004,0.020979020979021,0.020979020979021,0.000999000999000999,0.854298671663926,0.145701328336074,0,0.870392217596504,0.129607782403496,0,0.854298671663926,0,0.12721133542573,0,0.0184899929103441
"Perdix perdix",4751366.84978623,3057300.15364912,4843999.86535258,3095736.261398,100290.627437463,38436.1077488838,92633.0155663528,1564,1462,0.911361820905563,1,1,1,1,1,1,1,1,0.000999000999000999,0.0729270729270729,0.0729270729270729,0.000999000999000999,0.001998001998002,0.0889110889110889,0.0889110889110889,0.001998001998002,1,0,0.0203990931875717,1,0,0.0203990931875717,0.979600906812428,0.0203990931875717,0,0,0
"Periparus ater",4385919.37656818,3130305.89805996,4452774.30679196,3114336.19593867,68735.8209456339,-15969.7021212918,66854.9302237872,1916,1994,0.946216966728746,1,0.629370629370629,0.629370629370629,1,1,0.608391608391608,0.608391608391608,1,0.001998001998002,0.388611388611389,0.388611388611389,0.001998001998002,0.001998001998002,0.378621378621379,0.378621378621379,0.001998001998002,0.997872990590183,0.00212700940981664,0.000382528076018375,0.997872990590183,0.00212700940981664,0.000382528076018375,0.99749208775526,0.000381714745779863,0.0021261974989605,0,0
"Pernis apivorus",4640677.15288821,3163052.53203284,4678269.4993146,3069918.1756415,100435.018047846,-93134.3563913447,37592.3464263817,1551,1830,0.901395398526993,1,0.821178821178821,0.821178821178821,1,1,0.834165834165834,0.834165834165834,1,0.001998001998002,0.151848151848152,0.151848151848152,0.001998001998002,0.001998001998002,0.158841158841159,0.158841158841159,0.001998001998002,0.999458357831552,0.000541642168448046,0.00107670846985324,0.999458357831552,0.000541642168448046,0.00107670846985324,0.998382814799992,0.00107612590672948,0.000541059293278402,0,0
"Phasianus colchicus",4501201.55881029,3018149.10049625,4540729.06264301,3028479.11575235,40855.0214103108,10330.0152561027,39527.5038327193,1514,1674,0.89479092872674,1,0.938061938061938,0.938061938061938,1,1,0.934065934065934,0.934065934065934,1,0.001998001998002,0.0609390609390609,0.0609390609390609,0.001998001998002,0.001998001998002,0.0539460539460539,0.0539460539460539,0.001998001998002,0.996712669630575,0.0032873303694248,0.00352930708586941,0.996712669630575,0.0032873303694248,0.00352930708586941,0.99320648772312,0.00351774590038519,0.00327576637649455,0,0
"Phoenicurus phoenicurus",4565839.54394235,3307079.55907878,4610409.76259236,3276795.71031775,53885.2102741591,-30283.8487610244,44570.2186500104,1975,2086,0.947971248985205,1,0.887112887112887,0.887112887112887,1,1,0.875124875124875,0.875124875124875,1,0.000999000999000999,0.123876123876124,0.123876123876124,0.000999000999000999,0.001998001998002,0.113886113886114,0.113886113886114,0.001998001998002,0.995710951263428,0.00428904873657203,0.00285478219493098,0.995710951263428,0.00428904873657203,0.00285478219493098,0.992880570495999,0.00284257270027744,0.00427685680372329,0,0
"Phylloscopus bonelli",3918273.79744544,2352962.36598651,3680694.03994299,2325971.11863375,239108.06889058,-26991.2473527538,-237579.757502454,583,538,0.83344182743493,1,0.934065934065934,0.934065934065934,1,1,0.938061938061938,0.938061938061938,1,0.000999000999000999,0.0669330669330669,0.0669330669330669,0.000999000999000999,0.000999000999000999,0.0709290709290709,0.0709290709290709,0.000999000999000999,0.999094908840475,0.000905091159524957,0.105956712521628,0.999094908840475,0.000905091159524957,0.0652510740024057,0.893319766600444,0.062359070523722,0.000809268284949351,0.0435118945908848,0
"Phylloscopus trochilus",4599319.78808961,3589920.3075872,4599502.87455892,3603888.84476615,13969.7369901825,13968.5371789471,183.086469314061,1696,1695,0.965981194436062,1,1,1,1,1,1,1,1,0.000999000999000999,0.243756243756244,0.243756243756244,0.000999000999000999,0.000999000999000999,0.253746253746254,0.253746253746254,0.000999000999000999,1,0,0.012230725081954,1,0,0.012230725081954,0.987769274918046,0.012230725081954,0,0,0
"Pica pica",4574939.25418541,3136247.28910509,4590496.14248602,3123798.60964406,19924.5174074868,-12448.6794610303,15556.8883006135,2496,2543,0.985127207684857,1,1,1,1,1,1,1,1,0.001998001998002,0.124875124875125,0.124875124875125,0.001998001998002,0.000999000999000999,0.130869130869131,0.130869130869131,0.000999000999000999,1,0,7.77293342813786e-05,1,0,7.77293342813786e-05,0.999922270665719,7.77293342813786e-05,0,0,0
"Picus canus",4908817.89088584,3177475.44869401,5009071.56281401,3309479.88912976,165758.773613456,132004.440435748,100253.671928175,1010,1296,0.872665044099575,1,0.989010989010989,0.989010989010989,1,1,0.989010989010989,0.989010989010989,1,0.000999000999000999,0.011988011988012,0.011988011988012,0.000999000999000999,0.000999000999000999,0.014985014985015,0.014985014985015,0.000999000999000999,0.971583845145391,0.0284161548546091,0.0130924225773495,0.971583845145391,0.0284161548546091,0.0130924225773495,0.959220323662601,0.0127251204768027,0.0280545558605968,0,0
"Pluvialis apricaria",4439098.8259814,4409899.15192548,4448256.45944175,4446833.09099978,38052.3075008319,36933.9390742937,9157.63346035592,658,630,0.960567597905359,1,0.942057942057942,0.942057942057942,1,1,0.959040959040959,0.959040959040959,1,0.001998001998002,0.045954045954046,0.045954045954046,0.001998001998002,0.000999000999000999,0.0589410589410589,0.0589410589410589,0.000999000999000999,0.99990807456035,9.19254396495608e-05,0.00348138820455901,0.99990807456035,9.19254396495608e-05,0.00348138820455901,0.996427325268717,0.00348106929045785,9.16054408245849e-05,0,0
"Poecile lugubris",5405385.60753214,2224508.17038039,5374372.95581933,2210601.86413316,33987.7907446479,-13906.3062472325,-31012.6517128116,156,189,0.837675663994244,1,1,1,1,1,1,1,1,0.000999000999000999,0.000999000999000999,0.000999000999000999,0.000999000999000999,0.000999000999000999,0.001998001998002,0.001998001998002,0.000999000999000999,0.977762015027753,0.0222379849722467,0.0151127109067835,0.977762015027753,0.0222379849722467,0.0151127109067835,0.963309125666023,0.01478160241408,0.0219092719198967,0,0
"Poecile montanus",4687121.77951165,3568080.20483195,4741971.61797645,3536789.91749761,63147.3424704519,-31290.2873343383,54849.838464804,1471,1462,0.941327575130497,1,0.932067932067932,0.932067932067932,1,1,0.933066933066933,0.933066933066933,1,0.000999000999000999,0.0629370629370629,0.0629370629370629,0.000999000999000999,0.000999000999000999,0.0599400599400599,0.0599400599400599,0.000999000999000999,0.997255271057992,0.00274472894200748,0.0110267474655401,0.997255271057992,0.00274472894200748,0.0110267474655401,0.986288639478,0.0109968148559974,0.00271454566600233,0,0
"Poecile palustris",4633055.67653945,3056612.70157145,4670840.29628337,3024859.27661434,49355.4200235289,-31753.4249571068,37784.6197439162,1543,1584,0.954303898019517,1,0.998001998001998,0.998001998001998,1,1,1,1,1,0.002997002997003,0.003996003996004,0.003996003996004,0.002997002997003,0.001998001998002,0.001998001998002,0.001998001998002,0.001998001998002,0.994970776002557,0.00502922399744338,0,0.995004344876714,0.00499565512328634,0,0.994970776002557,0,0.00499548658279802,0,3.37374146453621e-05
"Porzana porzana",4879444.06998539,3264078.15136492,4899666.80377305,3447924.8463038,184955.578996142,183846.694938885,20222.7337876661,1003,994,0.871936596940373,0.999000999000999,0.929070929070929,0.929070929070929,1,1,0.919080919080919,0.919080919080919,1,0.000999000999000999,0.0949050949050949,0.0949050949050949,0.000999000999000999,0.000999000999000999,0.0729270729270729,0.0729270729270729,0.000999000999000999,0.997913875350041,0.0020861246499593,0.0221634283785363,0.997913875350041,0.0020861246499593,0.0221391740573835,0.975841801349437,0.0220934625044624,0.0020399832956944,2.47528504064079e-05,0
"Prunella modularis",4446277.36783106,3367061.84582438,4415234.02488227,3412107.3086637,54706.3329409377,45045.462839318,-31043.3429487925,1931,1839,0.956482913696763,1,0.949050949050949,0.949050949050949,1,1,0.948051948051948,0.948051948051948,1,0.003996003996004,0.0559440559440559,0.0559440559440559,0.003996003996004,0.001998001998002,0.03996003996004,0.03996003996004,0.001998001998002,0.997801818088079,0.00219818191192084,0.00150400273398302,0.997801818088079,0.00219818191192084,0.00150400273398302,0.996304415279439,0.00150070162380473,0.0021948830967562,0,0
"Ptyonoprogne rupestris",4171408.18216309,2149204.66884922,4129979.45445025,2165933.21359977,44678.6715265305,16728.5447505508,-41428.7277128375,568,684,0.92289068566488,1,0.848151848151848,0.848151848151848,1,1,0.873126873126873,0.873126873126873,1,0.000999000999000999,0.140859140859141,0.140859140859141,0.000999000999000999,0.000999000999000999,0.155844155844156,0.155844155844156,0.000999000999000999,0.963342124065411,0.036657875934589,0,0.963342124065411,0.036657875934589,0,0.963342124065411,0,0.036657875934589,0,0
"Pyrrhula pyrrhula",4456789.54726644,3390753.2388035,4447077.83412338,3409164.58391091,20815.7392575256,18411.3451074106,-9711.71314306185,1760,1759,0.963699245232767,1,0.95004995004995,0.95004995004995,1,1,0.949050949050949,0.949050949050949,1,0.000999000999000999,0.041958041958042,0.041958041958042,0.000999000999000999,0.001998001998002,0.048951048951049,0.048951048951049,0.001998001998002,0.987928400668407,0.0120715993315925,0,0.987928400668407,0.0120715993315925,0,0.987928400668407,0,0.0120715993315925,0,0
"Rallus aquaticus",4452936.51227488,2939735.00494131,4545851.75792448,3043094.19510496,138983.326573408,103359.190163644,92915.2456496041,1646,1839,0.917955307475307,1,0.607392607392607,0.607392607392607,1,1,0.611388611388611,0.611388611388611,1,0.001998001998002,0.404595404595405,0.404595404595405,0.001998001998002,0.000999000999000999,0.406593406593407,0.406593406593407,0.000999000999000999,0.999573360450143,0.000426639549856934,0.00100716361211053,0.999573360450143,0.000426639549856934,0.00100716361211053,0.998567055613963,0.00100673434886998,0.000426210037167507,0,0
"Regulus ignicapilla",4216809.20863213,2628131.16485018,4261237.01058039,2719957.56056977,102009.394355635,91826.3957195841,44427.8019482596,1045,1400,0.860854416736184,1,0.817182817182817,0.817182817182817,1,1,0.802197802197802,0.802197802197802,1,0.001998001998002,0.181818181818182,0.181818181818182,0.001998001998002,0.000999000999000999,0.172827172827173,0.172827172827173,0.000999000999000999,0.966392780720634,0.0336072192793662,0.00016396696805159,0.96649096490217,0.0335090350978297,0,0.966239648664749,0,0.0335003217575852,0.000158457367376887,0.000101572210289086
"Regulus regulus",4424743.41757111,3399599.703214,4456015.12882845,3382896.86031331,35452.8544115736,-16702.8429006916,31271.7112573497,1706,1798,0.955094195970028,1,0.785214785214785,0.785214785214785,1,1,0.855144855144855,0.855144855144855,1,0.000999000999000999,0.22977022977023,0.22977022977023,0.000999000999000999,0.001998001998002,0.180819180819181,0.180819180819181,0.001998001998002,0.995567595305726,0.0044324046942744,0.000406794656634473,0.997378969919847,0.00262103008015265,0.000406794656634473,0.995164398087212,0.000404992308321743,0.00261521036712174,5.42101086242752e-20,0.00181539923734411
"Remiz pendulinus",4810407.49019649,2859205.60331452,4988824.72888084,2915846.46022546,187192.141211525,56640.8569109393,178417.238684354,995,1174,0.843362060768963,0.999000999000999,0.939060939060939,0.939060939060939,1,0.999000999000999,0.933066933066933,0.933066933066933,1,0.003996003996004,0.0679320679320679,0.0679320679320679,0.001998001998002,0.001998001998002,0.051948051948052,0.051948051948052,0.000999000999000999,0.990007367328687,0.00999263267131332,0.00722463069678665,0.990007367328687,0.00999263267131332,0.00722463069678665,0.982925890160788,0.00715295400983412,0.00992115582937826,0,0
"Riparia riparia",4595716.75935406,3281251.05769854,4590289.77657014,3233456.37158615,48101.8103891949,-47794.686112382,-5426.98278391734,2037,2067,0.936046498879,1,1,1,1,1,1,1,1,0.000999000999000999,0.0959040959040959,0.0959040959040959,0.000999000999000999,0.001998001998002,0.0919080919080919,0.0919080919080919,0.001998001998002,1,0,0.00712012722957656,1,0,0.00712012722957656,0.992879872770423,0.00712012722957656,0,0,0
"Saxicola rubetra",4690412.72902302,3348083.1567963,4771040.31414124,3384062.47394324,88291.1022943855,35979.317146943,80627.5851182295,1989,1894,0.932194102109276,1,1,1,1,1,1,1,1,0.000999000999000999,0.0999000999000999,0.0999000999000999,0.000999000999000999,0.000999000999000999,0.104895104895105,0.104895104895105,0.000999000999000999,1,0,0.0107724290010696,1,0,0.0107724290010696,0.98922757099893,0.0107724290010696,0,0,0
"Scolopax rusticola",4497027.88037197,3500176.10000556,4604412.66851803,3527870.76664927,110898.545011565,27694.666643715,107384.788146066,1571,1541,0.92663000992017,1,0.792207792207792,0.792207792207792,1,1,0.957042957042957,0.957042957042957,1,0.000999000999000999,0.210789210789211,0.210789210789211,0.000999000999000999,0.001998001998002,0.047952047952048,0.047952047952048,0.000999000999000999,0.997650837085648,0.0023491629143521,0.000403876685437976,0.99968169215958,0.000318307840419439,0.000389886571513701,0.997248855334263,0.00038896558961241,0.000317533202810255,1.39627059813016e-05,0.00203068316733269
"Serinus serinus",4503517.9756311,2624842.53670169,4481854.86357311,2686181.96746924,65052.4111076945,61339.4307675525,-21663.1120579923,1642,1710,0.931271659614492,1,0.686313686313686,0.686313686313686,1,1,0.736263736263736,0.736263736263736,1,0.001998001998002,0.310689310689311,0.310689310689311,0.001998001998002,0.000999000999000999,0.304695304695305,0.304695304695305,0.000999000999000999,0.996256702577333,0.00374329742266739,0.00324718234483977,0.996655777299873,0.0033442227001269,0.00324718234483977,0.9930337458951,0.00323506649831839,0.00333206917639253,0,0.000399118430189548
"Sitta europaea",4618646.74459749,2939695.60597724,4556879.731942,2964214.50214344,66455.5499683176,24518.8961662021,-61767.0126554826,1871,1989,0.933184380421807,1,0.809190809190809,0.809190809190809,1,1,0.814185814185814,0.814185814185814,1,0.002997002997003,0.197802197802198,0.197802197802198,0.002997002997003,0.000999000999000999,0.215784215784216,0.215784215784216,0.000999000999000999,0.995687335676129,0.00431266432387143,0.000448236499735749,0.995687335676129,0.00431266432387143,0.000448236499735749,0.995242956167704,0.000446304268922591,0.00431073956337325,0,0
"Sitta neumayer",5333244.90878505,1992537.0020121,5313122.10727717,2003326.75270239,22832.9993755577,10789.7506902863,-20122.8015078837,90,102,0.928353858541404,1,0.999000999000999,0.999000999000999,1,1,1,1,1,0.000999000999000999,0.001998001998002,0.001998001998002,0.000999000999000999,0.001998001998002,0.002997002997003,0.002997002997003,0.001998001998002,0.996325716997031,0.00367428300296894,0.0137393985152003,0.996325716997031,0.00367428300296894,0.0137393985152003,0.982686409326426,0.0136896071615156,0.00362398351205806,0,0
"Somateria mollissima",4215679.36675048,4419317.90027566,4219157.19115701,4338345.50803788,81047.0453953228,-80972.3922377797,3477.82440653164,376,398,0.93600280784466,1,0.763236763236763,0.763236763236763,1,1,0.747252747252747,0.747252747252747,1,0.000999000999000999,0.243756243756244,0.243756243756244,0.000999000999000999,0.000999000999000999,0.23976023976024,0.23976023976024,0.000999000999000999,0.987027523663901,0.012972476336099,0.00550391076529034,0.987027523663901,0.012972476336099,0.00550391076529034,0.981665102503125,0.0054328993186233,0.0129019981782517,0,0
"Spinus spinus",4608691.08895809,3554117.47704314,4552804.87973938,3584356.4693609,63542.6237830254,30238.9923177627,-55886.2092187097,1410,1491,0.937089429638917,1,0.866133866133866,0.866133866133866,1,1,0.871128871128871,0.871128871128871,1,0.000999000999000999,0.132867132867133,0.132867132867133,0.000999000999000999,0.000999000999000999,0.106893106893107,0.106893106893107,0.000999000999000999,0.997178097803175,0.00282190219682523,0.00130499704403474,0.997183386217757,0.00281661378224327,0.00130499704403474,0.995880450736646,0.00130131926221385,0.00281293355041812,0,5.29645072229988e-06
"Sterna paradisaea",4359136.30693852,4511628.46053886,4374127.51065983,4524693.28625724,19885.3177008936,13064.8257183814,14991.2037213091,613,594,0.959998988929684,1,0.916083916083916,0.916083916083916,1,1,0.911088911088911,0.911088911088911,1,0.000999000999000999,0.0869130869130869,0.0869130869130869,0.000999000999000999,0.000999000999000999,0.0829170829170829,0.0829170829170829,0.000999000999000999,0.998548934541844,0.0014510654581558,0.000572104706357686,0.998548934541844,0.0014510654581558,0.000572104706357686,0.997978488480061,0.000571275019230299,0.00145023650070829,0,0
"Streptopelia decaocto",4625814.80337834,2997361.26242605,4548754.55241743,2884277.48165945,136843.793248455,-113083.780766596,-77060.2509609098,1965,2377,0.863498260718071,0.998001998001998,0.766233766233766,0.766233766233766,1,0.997002997002997,0.792207792207792,0.792207792207792,1,0.001998001998002,0.266733266733267,0.266733266733267,0.001998001998002,0.004995004995005,0.203796203796204,0.203796203796204,0.000999000999000999,0.998415105056113,0.00158489494388688,0,0.99866190653969,0.00133809346030948,0,0.998415105056113,0,0.00133776277436961,0,0.000247132169517266
"Streptopelia turtur",4582447.62485332,2724641.42329828,4636343.63024094,2690876.79358757,63598.9749622051,-33764.6297107064,53896.0053876173,1935,1938,0.949649050505145,1,1,1,1,1,1,1,1,0.000999000999000999,0.216783216783217,0.216783216783217,0.000999000999000999,0.000999000999000999,0.237762237762238,0.237762237762238,0.000999000999000999,1,0,0.00351664896845283,1,0,0.00351664896845283,0.996483351031547,0.00351664896845283,0,0,0
"Strix aluco",4559460.21039901,2966559.8990206,4539664.01618602,2959340.1185343,21071.6524171378,-7219.78048630059,-19796.1942129871,2023,2077,0.972899032997449,1,1,1,1,1,1,1,1,0.000999000999000999,0.017982017982018,0.017982017982018,0.000999000999000999,0.000999000999000999,0.026973026973027,0.026973026973027,0.000999000999000999,1,0,0.00171234089276153,1,0,0.00171234089276153,0.998287659107238,0.00171234089276153,0,0,0
"Sturnus unicolor",3286922.24111926,1997408.33072733,3330459.76271195,1994835.79103997,43613.4583228315,-2572.53968735924,43537.5215926943,290,322,0.934036183139772,1,0.803196803196803,0.803196803196803,1,1,0.82017982017982,0.82017982017982,1,0.000999000999000999,0.185814185814186,0.185814185814186,0.000999000999000999,0.001998001998002,0.188811188811189,0.188811188811189,0.001998001998002,0.969145592875259,0.0308544071247415,0,0.969145592875259,0.0308544071247415,0,0.969145592875259,0,0.0308544071247415,0,0
"Sturnus vulgaris",4652535.38832008,3283087.1981783,4658920.91179383,3234263.58390282,49239.4173498678,-48823.6142754783,6385.52347374707,2230,2302,0.955859366914553,1,0.723276723276723,0.723276723276723,1,1,0.742257742257742,0.742257742257742,1,0.001998001998002,0.268731268731269,0.268731268731269,0.001998001998002,0.000999000999000999,0.280719280719281,0.280719280719281,0.000999000999000999,0.999013939594611,0.000986060405389116,5.74558891889952e-05,0.999013939594611,0.000986060405389116,5.74558891889952e-05,0.998956596956263,5.7399237463562e-05,0.000986003806273754,0,0
"Sylvia atricapilla",4525562.05493038,3029105.02209753,4538254.06039456,3048360.97287956,23062.4942975113,19255.950782028,12692.0054641832,2380,2522,0.965675725158841,1,0.707292707292707,0.707292707292707,1,1,0.723276723276723,0.723276723276723,1,0.000999000999000999,0.288711288711289,0.288711288711289,0.000999000999000999,0.000999000999000999,0.261738261738262,0.261738261738262,0.000999000999000999,0.999990674135585,9.32586441472296e-06,2.24085517887932e-05,0.999990674135585,9.32586441472296e-06,2.24085517887932e-05,0.999968266001748,2.24083428143603e-05,9.32565543755611e-06,0,0
"Sylvia borin",4525613.24565582,3346737.47997977,4589190.27528148,3348421.37735948,63599.325518497,1683.89737970009,63577.0296256626,1945,1957,0.957247176702642,1,1,1,1,1,1,1,1,0.000999000999000999,0.197802197802198,0.197802197802198,0.000999000999000999,0.000999000999000999,0.207792207792208,0.207792207792208,0.000999000999000999,1,0,0.00627800151843825,1,0,0.00627800151843825,0.993721998481562,0.00627800151843825,0,0,0
"Sylvia communis",4599225.93826714,3051927.75796122,4635607.06461878,3116465.6274881,74085.9160548218,64537.8695268775,36381.1263516378,2258,2291,0.957689419208712,1,0.822177822177822,0.822177822177822,1,1,0.847152847152847,0.847152847152847,1,0.001998001998002,0.183816183816184,0.183816183816184,0.001998001998002,0.000999000999000999,0.158841158841159,0.158841158841159,0.000999000999000999,0.997568539130246,0.00243146086975436,0.00134352952173766,0.997568539130246,0.00243146086975436,0.00134352952173766,0.99623153077682,0.00134026716058181,0.00242820206259839,0,0
"Sylvia conspicillata",3678337.20727169,1962989.16386335,3559969.65662484,1996386.13426186,122988.758339671,33396.9703985094,-118367.550646852,244,276,0.90472469317048,1,0.92007992007992,0.92007992007992,1,1,0.913086913086913,0.913086913086913,1,0.000999000999000999,0.112887112887113,0.112887112887113,0.000999000999000999,0.000999000999000999,0.0719280719280719,0.0719280719280719,0.000999000999000999,0.998022664041459,0.00197733595854052,0.00338219202218698,0.99816993825429,0.00183006174571027,0.00338219202218698,0.994653811725218,0.00337552686689479,0.00182361521951535,4.33680868994202e-19,0.000147046188372236
"Sylvia curruca",4837497.66045534,3332867.32604398,4850982.91608017,3331397.37925413,13565.1340882422,-1469.94678984908,13485.2556248298,1755,1811,0.966820409768889,1,1,1,1,1,1,1,1,0.000999000999000999,0.47952047952048,0.47952047952048,0.000999000999000999,0.000999000999000999,0.427572427572428,0.427572427572428,0.000999000999000999,1,0,0.00864588509847732,1,0,0.00861751785684832,0.991354114901523,0.00861727127672844,0,2.86138217488741e-05,0
"Sylvia hortensis",4070274.39318418,2065011.77669089,3362313.43214525,2064336.71284934,707961.282886535,-675.063841542695,-707960.961038925,418,248,0.573839204527142,1,1,1,1,1,1,1,1,0.000999000999000999,0.0589410589410589,0.0589410589410589,0.000999000999000999,0.000999000999000999,0.0709290709290709,0.0709290709290709,0.000999000999000999,1,0,0.317473534636652,1,0,0.236870185038388,0.682526465363348,0.211851466126174,0,0.105622068510478,0
"Sylvia melanocephala",4225843.97818153,1997014.00623902,4157411.82810757,2026349.05081056,74454.7110917756,29335.044571544,-68432.1500739623,580,640,0.939287052454916,1,0.884115884115884,0.884115884115884,1,1,0.864135864135864,0.864135864135864,1,0.000999000999000999,0.111888111888112,0.111888111888112,0.000999000999000999,0.000999000999000999,0.117882117882118,0.117882117882118,0.000999000999000999,0.985261449445104,0.014738550554896,0,0.985261449445104,0.014738550554896,0,0.985261449445104,0,0.014738550554896,0,0
"Sylvia ruppeli",5616224.3091091,1685050.07777284,5627458.72790826,1672975.61649403,16492.5674450168,-12074.4612788076,11234.4187991638,40,31,0.842677939694212,1,0.995004995004995,0.995004995004995,1,1,0.997002997002997,0.997002997002997,1,0.000999000999000999,0.003996003996004,0.003996003996004,0.000999000999000999,0.000999000999000999,0.003996003996004,0.003996003996004,0.000999000999000999,0.993945227039876,0.00605477296012423,0.0402987391610187,0.993945227039876,0.00605477296012423,0.0402987391610187,0.954123293407867,0.0400645151751519,0.00581219141698123,0,0
"Sylvia undata",3495912.79385309,2197426.49894804,3473815.62965037,2224763.60444771,35151.130890802,27337.1054996699,-22097.1642027255,459,473,0.947303028554003,1,0.916083916083916,0.916083916083916,1,1,0.898101898101898,0.898101898101898,1,0.000999000999000999,0.0879120879120879,0.0879120879120879,0.000999000999000999,0.000999000999000999,0.0939060939060939,0.0939060939060939,0.000999000999000999,0.980422033253331,0.0195779667466691,0.00412372572377671,0.980422033253331,0.0195779667466691,0.00412372572377671,0.976457875205949,0.00404331799258656,0.0194988068014641,0,0
"Tetrao urogallus",4757613.86317487,3851324.08549819,4812593.04364062,3856485.85282842,55220.9573138427,5161.76733023534,54979.1804657523,788,710,0.934165865064982,1,0.995004995004995,0.995004995004995,1,1,0.992007992007992,0.992007992007992,1,0.001998001998002,0.00699300699300699,0.00699300699300699,0.001998001998002,0.000999000999000999,0.013986013986014,0.013986013986014,0.000999000999000999,0.993904879778868,0.00609512022113212,0.00746924585278468,0.993904879778868,0.00609512022113212,0.00746924585278468,0.986526072415578,0.00742405788864965,0.00604986969577215,0,0
"Tringa nebularia",4712411.18529259,4539906.00299259,4747032.28720438,4492656.65523912,58575.7762280237,-47249.3477534726,34621.1019117953,419,438,0.942320101401018,0.999000999000999,0.95004995004995,0.95004995004995,1,0.999000999000999,0.945054945054945,0.945054945054945,1,0.002997002997003,0.0639360639360639,0.0639360639360639,0.002997002997003,0.002997002997003,0.0579420579420579,0.0579420579420579,0.001998001998002,0.994714262253492,0.00528573774650798,0.00133476133023172,0.994714262253492,0.00528573774650798,0.00133476133023172,0.99339356471024,0.00132771549918213,0.00527871979057733,0,0
"Tringa totanus",4666907.46675468,3599901.96970982,4672933.3764205,3638589.77789416,39154.2857093414,38687.8081843373,6025.90966582298,1367,1404,0.937442653034521,1,0.7002997002997,0.7002997002997,1,1,0.712287712287712,0.712287712287712,1,0.000999000999000999,0.298701298701299,0.298701298701299,0.000999000999000999,0.002997002997003,0.301698301698302,0.301698301698302,0.000999000999000999,0.998021061036636,0.00197893896336404,0.000426716108284435,0.998021061036636,0.00197893896336404,0.000344886329920289,0.997596031788598,0.000344175935721932,0.00197809618862476,8.16960870550806e-05,0
"Troglodytes troglodytes",4457449.44956725,3098902.29485009,4439235.33965429,3122177.98603289,29555.2296549774,23275.6911827978,-18214.1099129627,2328,2392,0.96838661151192,1,0.76023976023976,0.76023976023976,1,1,0.761238761238761,0.761238761238761,1,0.000999000999000999,0.244755244755245,0.244755244755245,0.000999000999000999,0.001998001998002,0.234765234765235,0.234765234765235,0.001998001998002,0.999288096679252,0.00071190332074767,3.42580766268442e-05,0.999288096679252,0.00071190332074767,3.42580766268442e-05,0.999253887361306,3.42336890232373e-05,0.000711878949670773,0,0
"Turdus iliacus",4729743.22771593,4240518.19390156,4698762.284949,4354730.08016866,118339.231784794,114211.886267095,-30980.9427669225,825,743,0.91363144990338,1,1,1,1,1,1,1,1,0.000999000999000999,0.0729270729270729,0.0729270729270729,0.000999000999000999,0.000999000999000999,0.0619380619380619,0.0619380619380619,0.000999000999000999,1,0,0.0345282403391988,1,0,0.0345282403391988,0.965471759660801,0.0345282403391988,0,0,0
"Turdus philomelos",4593064.50592404,3310414.29351684,4604060.68359618,3251010.98018319,60412.4950520428,-59403.3133336501,10996.1776721403,2156,2353,0.936062085310662,1,0.666333666333666,0.666333666333666,1,1,0.667332667332667,0.667332667332667,1,0.000999000999000999,0.341658341658342,0.341658341658342,0.000999000999000999,0.000999000999000999,0.341658341658342,0.341658341658342,0.000999000999000999,0.991779933091062,0.00822006690893766,0,0.991779933091062,0.00822006690893766,0,0.991779933091062,0,0.00822006690893767,0,0
"Turdus pilaris",4778216.16600375,3656755.1566642,4835654.17910971,3636141.74002026,61024.8989781809,-20613.4166439432,57438.0131059596,1393,1421,0.95494388829826,1,0.876123876123876,0.876123876123876,1,1,0.866133866133866,0.866133866133866,1,0.000999000999000999,0.13986013986014,0.13986013986014,0.000999000999000999,0.002997002997003,0.123876123876124,0.123876123876124,0.002997002997003,0.998581060689456,0.00141893931054431,0.00379425637205741,0.998581060689456,0.00141893931054431,0.00379425637205741,0.994797543947355,0.00378889295125264,0.00141356310139233,0,0
"Turdus torquatus",4408622.52857651,3458644.16241079,4436472.86744577,3503886.70400596,53127.4782492388,45242.5415951735,27850.338869255,533,513,0.931664740645923,1,0.999000999000999,0.999000999000999,1,1,1,1,1,0.000999000999000999,0.000999000999000999,0.000999000999000999,0.000999000999000999,0.000999000999000999,0.000999000999000999,0.000999000999000999,0.000999000999000999,0.999953118319305,4.68816806953656e-05,0.00853657387600985,0.999953118319305,4.68816806953656e-05,0.00853657387600985,0.9914173414263,0.00853617708333347,4.64814903669857e-05,0,0
"Turdus viscivorus",4413163.24691046,3130906.64271824,4447578.0734942,3149409.02273252,39073.2434663663,18502.3800142868,34414.8265837394,1977,2212,0.941371648063333,1,1,1,1,1,1,1,1,0.000999000999000999,0.629370629370629,0.629370629370629,0.000999000999000999,0.001998001998002,0.684315684315684,0.684315684315684,0.000999000999000999,1,0,0.000673746709380327,1,0,0.000662694479866072,0.99932625329062,0.000662687150757623,0,1.10595586227048e-05,0
"Vanellus vanellus",4647193.98960736,3420011.00971578,4666777.90295638,3322222.09570484,99730.6440644018,-97788.9140109387,19583.9133490128,1951,1960,0.943602306265549,1,0.864135864135864,0.864135864135864,1,1,0.875124875124875,0.875124875124875,1,0.000999000999000999,0.124875124875125,0.124875124875125,0.000999000999000999,0.000999000999000999,0.134865134865135,0.134865134865135,0.000999000999000999,0.999901437928741,9.85620712592327e-05,0.000349958985041474,0.999901437928741,9.85620712592327e-05,0.000349958985041474,0.999551547913596,0.000349924504428887,9.85275819752918e-05,0,0
