"species","centroid_hist_X","centroid_hist_Y","centroid_rec_X","centroid_rec_Y","centroid_dist","centroid_NS_shift","centroid_EW_shift","n_cells_hist","n_cells_rec","D","shift_p_D_NA","shift_p_E_NA","shift_p_S_NA","shift_p_U_NA","shift_p_D_A","shift_p_E_A","shift_p_S_A","shift_p_U_A","cons_p_D_NA","cons_p_E_NA","cons_p_S_NA","cons_p_U_NA","cons_p_D_A","cons_p_E_A","cons_p_S_A","cons_p_U_A","range_stability_NA","range_expansion_NA","range_unfilling_NA","range_stability_A","range_expansion_A","range_unfilling_A","range_stability_std","range_unfilling_std","range_expansion_std"
"Accipiter gentilis",4572784.13919179,3209819.18462339,4557040.68122712,3178261.75624611,35266.5245590308,-31557.4283772828,-15743.4579646718,1757,1760,0.959991056710534,1,0.994005994005994,0.994005994005994,1,1,0.99000999000999,0.99000999000999,1,0.000999000999000999,0.012987012987013,0.012987012987013,0.000999000999000999,0.000999000999000999,0.00599400599400599,0.00599400599400599,0.000999000999000999,0.999977188942877,2.28110571223727e-05,0.00158583096467109,0.999977188942877,2.28110571223727e-05,0.00158583096467109,0.998391430268979,0.00158579484755568,2.27748834655207e-05
"Accipiter nisus",4488777.58748005,3183122.99866331,4497384.26204061,3131735.51583417,52103.2459498114,-51387.4828291386,8606.67456056736,1917,1921,0.968950399679127,1,0.721278721278721,0.721278721278721,1,1,0.71028971028971,0.71028971028971,1,0.001998001998002,0.277722277722278,0.277722277722278,0.001998001998002,0.000999000999000999,0.283716283716284,0.283716283716284,0.000999000999000999,0.999940659925395,5.93400746051737e-05,0.000124468635149694,0.999940659925395,5.93400746051737e-05,0.000124468635149694,0.999816206060844,0.000124461250090866,5.93326890653078e-05
"Acrocephalus melanopogon",4544442.93293592,2251125.6185146,4638015.90758629,2412490.66486631,186533.052752076,161365.046351713,93572.9746503672,104,85,0.778335497850833,0.994005994005994,0.705294705294705,0.705294705294705,1,0.997002997002997,0.704295704295704,0.704295704295704,1,0.003996003996004,0.268731268731269,0.268731268731269,0.000999000999000999,0.00599400599400599,0.313686313686314,0.313686313686314,0.000999000999000999,0.983403777461744,0.0165962225382556,0.039206323423975,0.983403777461744,0.0165962225382556,0.0369031176037434,0.945463322019828,0.0385807501572187,0.0159559278229536
"Acrocephalus palustris",4841587.39217933,3238676.86486093,4829802.29826954,3273255.28073021,36531.5655631081,34578.4158692816,-11785.0939097945,1152,1226,0.953929905239124,1,0.797202797202797,0.797202797202797,1,1,0.831168831168831,0.831168831168831,1,0.000999000999000999,0.184815184815185,0.184815184815185,0.000999000999000999,0.000999000999000999,0.175824175824176,0.175824175824176,0.000999000999000999,0.997970449768679,0.00202955023132107,0.00182249821131002,0.997987651027837,0.00201234897216268,0.00182249821131002,0.996155335039856,0.0018188060871376,0.00202585887300619
"Acrocephalus schoenobaenus",4676976.34137048,3475153.70618324,4683155.07502566,3509138.14356507,34541.5508299984,33984.4373818319,6178.73365518451,1454,1401,0.951861214730297,1,1,1,1,1,1,1,1,0.000999000999000999,0.222777222777223,0.222777222777223,0.000999000999000999,0.000999000999000999,0.208791208791209,0.208791208791209,0.000999000999000999,1,0,0.0224352926713337,1,0,0.0224352926713337,0.977564707328666,0.0224352926713337,0
"Acrocephalus scirpaceus",4517394.59600482,3003413.66575382,4529682.29250138,2996121.41030983,14288.6134614931,-7292.25544399023,12287.6964965593,1453,1623,0.932422558513263,1,0.507492507492508,0.507492507492508,1,1,0.497502497502497,0.497502497502497,1,0.001998001998002,0.487512487512487,0.487512487512487,0.001998001998002,0.000999000999000999,0.494505494505495,0.494505494505495,0.000999000999000999,0.996331028372044,0.00366897162795566,0,0.996331028372044,0.00366897162795566,0,0.996331028372044,0,0.00366897162795566
"Aegithalos caudatus",4450945.24617591,3033253.96228874,4479594.45122684,3048044.46350039,32241.8342552333,14790.5012116488,28649.2050509285,1777,1840,0.959285859698497,1,0.83016983016983,0.83016983016983,1,1,0.837162837162837,0.837162837162837,1,0.000999000999000999,0.148851148851149,0.148851148851149,0.000999000999000999,0.000999000999000999,0.158841158841159,0.158841158841159,0.000999000999000999,0.995886531985804,0.00411346801419636,0.00031872940382808,0.995886531985804,0.00411346801419636,0.00031872940382808,0.995570418940842,0.000317418736782625,0.00411216232237549
"Alectoris graeca",4768832.57913025,2214608.37433272,4748365.7637602,2260965.88139885,50674.5398871879,46357.5070661348,-20466.8153700437,179,144,0.8486572624457,1,1,1,1,1,0.999000999000999,0.999000999000999,1,0.000999000999000999,0.000999000999000999,0.000999000999000999,0.000999000999000999,0.000999000999000999,0.000999000999000999,0.000999000999000999,0.000999000999000999,0.99852708929623,0.00147291070377029,0.0532266545371641,0.99852708929623,0.00147291070377029,0.0532266545371641,0.945452954592231,0.0531524234774701,0.00139462193029899
"Alectoris rufa",3480040.77632534,2494095.82028745,3526608.20060324,2516654.32122813,51743.7046274106,22558.5009406838,46567.4242778993,463,519,0.908357965889884,1,0.76023976023976,0.76023976023976,1,1,0.768231768231768,0.768231768231768,1,0.000999000999000999,0.274725274725275,0.274725274725275,0.000999000999000999,0.000999000999000999,0.270729270729271,0.270729270729271,0.000999000999000999,0.967191936079645,0.0328080639203551,0,0.967488854062368,0.0325111459376323,0,0.967191936079645,0,0.0328080639203551
"Anas crecca",4481306.07243281,3663518.75511405,4485070.02089586,3691982.23656375,28711.271031944,28463.4814496972,3763.94846304972,1300,1250,0.963462223762103,1,0.831168831168831,0.831168831168831,1,1,0.845154845154845,0.845154845154845,1,0.001998001998002,0.156843156843157,0.156843156843157,0.001998001998002,0.001998001998002,0.16983016983017,0.16983016983017,0.000999000999000999,0.999926330507033,7.36694929673081e-05,0.00215578319000724,0.999926330507033,7.36694929673081e-05,0.00214827552751825,0.997770864593913,0.00215562471689921,7.35106891873864e-05
"Anser brachyrhynchus",3589616.56189916,5341742.00040841,3583558.13729662,5286874.60504331,55200.8657795815,-54867.395365105,-6058.42460253695,26,33,0.860778792364725,1,0.941058941058941,0.941058941058941,1,1,1,1,1,0.002997002997003,0.0599400599400599,0.0599400599400599,0.002997002997003,0.000999000999000999,0.038961038961039,0.038961038961039,0.000999000999000999,0.900199503634809,0.0998004963651914,0.116905912436152,1,0,0,0.804345372383681,0.106480986563634,0.0891736410526855
"Anthus campestris",4609199.49237946,2654635.381099,4608211.60163952,2609400.94692603,45245.2203338915,-45234.4341729651,-987.890739948489,852,778,0.895911765538709,1,0.761238761238761,0.761238761238761,1,1,0.73026973026973,0.73026973026973,1,0.000999000999000999,0.276723276723277,0.276723276723277,0.000999000999000999,0.001998001998002,0.258741258741259,0.258741258741259,0.001998001998002,0.996249232710286,0.00375076728971435,0.00529644951456459,0.996249232710286,0.00375076728971435,0.00529644951456459,0.9909923357509,0.00527668859034794,0.00373097565875167
"Anthus petrosus",4005103.09348872,3907572.63443071,4014176.2184202,3928397.80676846,22715.8402644297,20825.1723377472,9073.12493147841,234,225,0.936686506259899,1,1,1,1,1,1,1,1,0.000999000999000999,0.284715284715285,0.284715284715285,0.000999000999000999,0.000999000999000999,0.261738261738262,0.261738261738262,0.000999000999000999,1,0,0.0347269449530848,1,0,0.0337218169395702,0.965273055046915,0.0347269449530848,0
"Anthus pratensis",4498815.4558578,3675137.54898498,4471407.86799206,3678556.18490816,27619.9736457697,3418.63592317328,-27407.5878657317,1381,1360,0.978049508622979,1,0.851148851148851,0.851148851148851,1,1,0.82017982017982,0.82017982017982,1,0.000999000999000999,0.166833166833167,0.166833166833167,0.000999000999000999,0.000999000999000999,0.153846153846154,0.153846153846154,0.000999000999000999,0.999899007435527,0.000100992564472874,0.00267279641713947,0.999899007435527,0.000100992564472874,0.00267279641713947,0.997226750134926,0.00267252720597711,0.000100722659096719
"Anthus trivialis",4599687.79801843,3330528.47755623,4589514.19095873,3320691.13643379,14151.8748215365,-9837.34112243727,-10173.6070597032,1751,1740,0.971866908231008,1,0.897102897102897,0.897102897102897,1,1,0.923076923076923,0.923076923076923,1,0.000999000999000999,0.0949050949050949,0.0949050949050949,0.000999000999000999,0.000999000999000999,0.0789210789210789,0.0789210789210789,0.000999000999000999,0.999883131023133,0.000116868976867145,0.00569561399425522,0.999883131023133,0.000116868976867145,0.00569561399425522,0.994188844441897,0.00569495214446633,0.000116203413636713
"Apus apus",4502958.45742775,3115065.01635337,4516066.85404138,3105477.03341602,16240.673587858,-9587.98293735506,13108.3966136342,1968,1970,0.989287963515682,1,1,1,1,1,1,1,1,0.001998001998002,0.0799200799200799,0.0799200799200799,0.001998001998002,0.000999000999000999,0.0559440559440559,0.0559440559440559,0.000999000999000999,1,0,0.000259386551957936,1,0,0.000259386551957936,0.999740613448042,0.000259386551957936,0
"Apus pallidus",4132172.50030851,1974700.49051651,4095683.76094389,2048435.87322314,82269.8897733065,73735.3827066266,-36488.7393646222,166,285,0.863623992703938,0.999000999000999,0.79020979020979,0.79020979020979,1,0.999000999000999,0.837162837162837,0.837162837162837,1,0.000999000999000999,0.175824175824176,0.175824175824176,0.000999000999000999,0.001998001998002,0.163836163836164,0.163836163836164,0.000999000999000999,0.969281492253293,0.0307185077467072,0.00671343206875371,0.969281492253293,0.0307185077467072,0.00671343206875371,0.962972877436411,0.00650854768950135,0.0305185748740874
"Aquila adalberti",2956344.88128768,1915488.84947656,3021949.40253361,1929762.51275538,67139.3377335944,14273.6632788137,65604.5212459378,30,42,0.691381084022854,0.98001998001998,0.919080919080919,0.919080919080919,0.963036963036963,0.972027972027972,0.926073926073926,0.926073926073926,0.961038961038961,0.032967032967033,0.0779220779220779,0.0779220779220779,0.045954045954046,0.030969030969031,0.0889110889110889,0.0889110889110889,0.037962037962038,0.764776478403315,0.235223521596685,0.0373480491061121,0.764776478403315,0.235223521596685,0.0373480491061121,0.742738631523325,0.028816062604331,0.228445305872344
"Aquila chrysaetos",4425846.28857444,3164574.56524839,4417767.80434123,3270321.16260238,106054.72530469,105746.597353991,-8078.48423321359,695,812,0.916476051366995,1,1,1,1,1,1,1,1,0.000999000999000999,0.636363636363636,0.636363636363636,0.000999000999000999,0.000999000999000999,0.619380619380619,0.619380619380619,0.000999000999000999,1,0,0.0229365232348473,1,0,0.0229365232348473,0.977063476765153,0.0229365232348473,0
"Asio otus",4534793.08700833,3154066.93690446,4544857.57778407,3141486.02066844,16111.2826277965,-12580.9162360206,10064.4907757407,1752,1779,0.969456767361002,1,0.589410589410589,0.589410589410589,1,1,0.63036963036963,0.63036963036963,1,0.001998001998002,0.407592407592408,0.407592407592408,0.001998001998002,0.000999000999000999,0.331668331668332,0.331668331668332,0.000999000999000999,0.997366612012968,0.002633387987032,4.50930508498818e-05,0.997896382035838,0.00210361796416163,4.50930508498818e-05,0.99732175613908,4.49743086920618e-05,0.00263326955222776
"Branta leucopsis",4381394.26386287,4417172.05358506,4421728.22059959,3953124.53728335,465797.086134967,-464047.51630171,40333.956736722,41,281,0.643554826271286,1,0.754245754245754,0.754245754245754,1,1,0.783216783216783,0.783216783216783,1,0.000999000999000999,0.255744255744256,0.255744255744256,0.000999000999000999,0.000999000999000999,0.20979020979021,0.20979020979021,0.000999000999000999,0.932356247214813,0.0676437527851872,0.0208353507729652,0.939745898116368,0.0602541018836322,0.0203712612044681,0.914218760599456,0.0194533866958452,0.0663278527046988
"Buteo buteo",4527269.87824686,3050396.24331133,4509565.24389556,3041030.13113651,20029.4317139684,-9366.11217482062,-17704.6343512991,1895,1936,0.976704696568263,1,1,1,1,1,1,1,1,0.001998001998002,0.525474525474525,0.525474525474525,0.001998001998002,0.000999000999000999,0.516483516483517,0.516483516483517,0.000999000999000999,1,0,9.59333956953796e-05,1,0,9.59333956953796e-05,0.999904066604305,9.59333956953796e-05,0
"Caprimulgus europaeus",4563049.77990022,2962388.8404037,4569389.66371057,2959837.34146074,6834.0525008703,-2551.49894296285,6339.88381034788,1476,1482,0.960021166339303,1,0.903096903096903,0.903096903096903,1,1,0.913086913086913,0.913086913086913,1,0.000999000999000999,0.102897102897103,0.102897102897103,0.000999000999000999,0.000999000999000999,0.0929070929070929,0.0929070929070929,0.000999000999000999,0.994915860828732,0.00508413917126777,0.000166343502327983,0.994915860828732,0.00508413917126777,0.000166343502327983,0.994751204314459,0.000165497928775747,0.00508329775676531
"Caprimulgus ruficollis",3108632.12539844,1959143.6892079,3131781.09949623,1949247.64693781,25175.5169637422,-9896.04227009951,23148.9740977883,102,110,0.909129655395339,1,1,1,1,1,1,1,1,0.000999000999000999,0.000999000999000999,0.000999000999000999,0.000999000999000999,0.000999000999000999,0.000999000999000999,0.000999000999000999,0.000999000999000999,0.988951281676346,0.011048718323654,0.0372396325510928,0.988951281676346,0.011048718323654,0.0372396325510928,0.952515011837943,0.0368433415411933,0.0106416466208631
"Carduelis carduelis",4480765.99505855,2891019.60559263,4484597.60946429,2970986.11469039,80058.2528302789,79966.5090977629,3831.61440573819,1765,1873,0.948466137896258,1,0.475524475524476,0.475524475524476,1,1,0.474525474525474,0.474525474525474,1,0.000999000999000999,0.566433566433566,0.566433566433566,0.000999000999000999,0.000999000999000999,0.519480519480519,0.519480519480519,0.000999000999000999,0.995496535653392,0.00450346434660738,0,0.995496535653392,0.00450346434660738,0,0.995496535653393,0,0.00450346434660738
"Carduelis citrinella",3841630.95928123,2421286.0277433,3827298.12849041,2397544.01579138,27732.8896800067,-23742.0119519187,-14332.8307908233,140,138,0.904407441352044,1,1,1,1,1,1,1,1,0.001998001998002,0.001998001998002,0.001998001998002,0.000999000999000999,0.000999000999000999,0.000999000999000999,0.000999000999000999,0.000999000999000999,0.950325625101761,0.0496743748982391,0,0.950325625101761,0.0496743748982391,0,0.950325625101761,0,0.0496743748982391
"Certhia brachydactyla",4249870.37020888,2627404.2184293,4264973.97994245,2627837.79258633,15109.8316844899,433.574157027528,15103.6097335694,1087,1126,0.968418142133414,1,0.972027972027972,0.972027972027972,1,1,0.97002997002997,0.97002997002997,1,0.000999000999000999,0.02997002997003,0.02997002997003,0.000999000999000999,0.000999000999000999,0.034965034965035,0.034965034965035,0.000999000999000999,0.996125477732406,0.00387452226759429,0.000422755482233496,0.996125477732406,0.00387452226759429,0.000422755482233496,0.99570599116775,0.000421118196485136,0.00387289063576472
"Cettia cetti",3950033.02305914,2266205.71053641,3957174.47296573,2341040.93905052,75175.2069071108,74835.228514106,7141.44990659785,598,671,0.923931682141752,1,0.911088911088911,0.911088911088911,1,1,0.902097902097902,0.902097902097902,1,0.000999000999000999,0.0929070929070929,0.0929070929070929,0.000999000999000999,0.001998001998002,0.0979020979020979,0.0979020979020979,0.000999000999000999,0.995763486072016,0.00423651392798446,0.00600321618620481,0.995763486072016,0.00423651392798446,0.00600321618620481,0.98981087616676,0.00597793551231347,0.00421118832092595
"Charadrius hiaticula",4305876.4483712,4078374.30091629,4335366.4120044,4075739.45137113,29607.4380386668,-2634.84954516264,29489.9636332067,626,637,0.954184974002271,1,0.872127872127872,0.872127872127872,1,1,0.884115884115884,0.884115884115884,1,0.001998001998002,0.132867132867133,0.132867132867133,0.001998001998002,0.000999000999000999,0.141858141858142,0.141858141858142,0.000999000999000999,0.999942615010166,5.73849898343778e-05,0.00340512871867521,0.999942615010166,5.73849898343778e-05,0.00340512871867521,0.996537876421534,0.00340493398073356,5.71895977325067e-05
"Ciconia ciconia",4814503.31565627,2918622.68800251,4692989.64609168,2863154.66649233,133574.972585833,-55468.0215101726,-121513.669564593,919,1109,0.896050236539988,0.997002997002997,0.887112887112887,0.887112887112887,1,1,0.898101898101898,0.898101898101898,1,0.003996003996004,0.114885114885115,0.114885114885115,0.000999000999000999,0.001998001998002,0.106893106893107,0.106893106893107,0.000999000999000999,0.996938208834106,0.00306179116589439,0.00028431245992696,0.996938208834106,0.00306179116589439,0.00028431245992696,0.996655634473647,0.000283442201286762,0.00306092332506645
"Cinclus cinclus",4272710.50632323,3136730.83829723,4297583.14373574,3196247.77736264,64505.148070294,59516.9390654131,24872.6374125155,1035,1018,0.92564835941734,1,0.955044955044955,0.955044955044955,1,1,0.963036963036963,0.963036963036963,1,0.000999000999000999,0.036963036963037,0.036963036963037,0.000999000999000999,0.001998001998002,0.037962037962038,0.037962037962038,0.001998001998002,0.999942079116615,5.7920883385389e-05,0.0197885502214617,0.999942079116615,5.7920883385389e-05,0.0197885502214617,0.980155798490938,0.019787426730913,5.67747781492108e-05
"Circus aeruginosus",4692541.39256858,3099896.39820765,4631420.31952418,3149179.28036544,78514.8905869261,49282.882157784,-61121.0730444007,1179,1421,0.913978349317884,1,0.826173826173826,0.826173826173826,1,1,0.822177822177822,0.822177822177822,1,0.000999000999000999,0.181818181818182,0.181818181818182,0.000999000999000999,0.000999000999000999,0.167832167832168,0.167832167832168,0.000999000999000999,0.987226236680153,0.0127737633198474,0.000434346405454723,0.987226236680153,0.0127737633198474,0.000434346405454723,0.986802913530483,0.000428800546360182,0.0127682859231567
"Circus pygargus",4344040.40784027,2833281.59346052,4490064.70585558,2934574.10959932,177716.823729753,101292.516138797,146024.298015309,816,927,0.895305623145123,1,0.907092907092907,0.907092907092907,1,1,0.911088911088911,0.911088911088911,1,0.000999000999000999,0.0949050949050949,0.0949050949050949,0.000999000999000999,0.001998001998002,0.10989010989011,0.10989010989011,0.001998001998002,0.99368019432952,0.00631980567047988,0.000403396515696745,0.993776273072331,0.00622372692766919,0.000403396515696745,0.993281879461905,0.000400848150026691,0.00631727238806834
"Coccothraustes coccothraustes",4582519.86205661,2981959.17040836,4585430.14474711,3060664.97622557,78759.5937945023,78705.8058172101,2910.28269049805,1398,1586,0.925266901131931,1,0.804195804195804,0.804195804195804,1,1,0.827172827172827,0.827172827172827,1,0.000999000999000999,0.167832167832168,0.167832167832168,0.000999000999000999,0.002997002997003,0.173826173826174,0.173826173826174,0.002997002997003,0.993217801531062,0.00678219846893805,0.000143344157732262,0.993217801531062,0.00678219846893805,0.000143344157732262,0.993076395019335,0.000142372107617688,0.00678123287304774
"Columba livia",4506470.40302496,3103445.81763171,4495576.56267883,3033876.90807497,70416.6807965352,-69568.9095567418,-10893.8403461315,1691,1883,0.919372091266731,1,0.450549450549451,0.450549450549451,1,1,0.446553446553447,0.446553446553447,1,0.000999000999000999,0.563436563436563,0.563436563436563,0.000999000999000999,0.000999000999000999,0.571428571428571,0.571428571428571,0.000999000999000999,0.99994947348601,5.05265139900186e-05,7.66188417498528e-05,0.99994947348601,5.05265139900186e-05,7.66188417498528e-05,0.999872862386334,7.66149707634715e-05,5.05226429026265e-05
"Columba oenas",4428725.75911025,3119239.641081,4495933.01356992,3171924.66317502,85396.2915181611,52685.0220940206,67207.2544596735,1354,1377,0.932613704975069,1,0.871128871128871,0.871128871128871,1,1,0.853146853146853,0.853146853146853,1,0.000999000999000999,0.151848151848152,0.151848151848152,0.000999000999000999,0.000999000999000999,0.123876123876124,0.123876123876124,0.000999000999000999,0.993633929102407,0.00636607089759318,0.00202589261191504,0.993633929102407,0.00636607089759318,0.00202589261191504,0.991633722542809,0.00201302159780791,0.00635325585938315
"Columba palumbus",4475848.08161386,3147931.3238715,4478977.13276806,3159703.99472915,12181.4096166284,11772.6708576488,3129.05115419254,1990,2029,0.981994039134492,1,0.182817182817183,0.182817182817183,1,1,0.393606393606394,0.393606393606394,1,0.000999000999000999,0.807192807192807,0.807192807192807,0.000999000999000999,0.000999000999000999,0.61038961038961,0.61038961038961,0.000999000999000999,0.999170111261559,0.000829888738440702,9.47824666085297e-06,0.999790601587928,0.000209398412071581,9.47824666085297e-06,0.999160648740076,9.47038084518194e-06,0.00082988087907829
"Coracias garrulus",4775090.37277098,2679012.98918653,4743127.53028233,2386670.32052629,294084.782366151,-292342.668660242,-31962.8424886512,522,347,0.744875749520484,1,0.94005994005994,0.94005994005994,1,1,0.925074925074925,0.925074925074925,1,0.001998001998002,0.0719280719280719,0.0719280719280719,0.001998001998002,0.000999000999000999,0.0539460539460539,0.0539460539460539,0.000999000999000999,0.994450858434843,0.00554914156515646,0.0689067683076768,0.994450858434843,0.00554914156515646,0.0689067683076768,0.926280648631517,0.0685506068249758,0.00516874454350729
"Coturnix coturnix",4481605.98242227,2806411.97984174,4496300.90453992,3035963.88555928,230021.777565943,229551.905717535,14694.9221176505,1497,1780,0.852853217721377,0.998001998001998,0.456543456543457,0.456543456543457,1,0.999000999000999,0.453546453546454,0.453546453546454,1,0.000999000999000999,0.522477522477522,0.522477522477522,0.000999000999000999,0.003996003996004,0.568431568431568,0.568431568431568,0.000999000999000999,0.996178382294447,0.00382161770555279,0.000485738469080151,0.996178382294447,0.00382161770555279,0.000485738469080151,0.995696348449937,0.00048388306058183,0.00381976848948105
"Crex crex",4818400.89120769,3335718.19515606,4852911.77416048,3392598.33154072,66530.8271203522,56880.1363846557,34510.8829527898,1086,1201,0.909069168451361,1,0.974025974025974,0.974025974025974,1,1,0.972027972027972,0.972027972027972,1,0.000999000999000999,0.016983016983017,0.016983016983017,0.000999000999000999,0.000999000999000999,0.037962037962038,0.037962037962038,0.000999000999000999,0.995105475712684,0.00489452428731552,0.0090839625272264,0.995105475712684,0.00489452428731552,0.0090839625272264,0.986109818955169,0.00903990278123326,0.00485027826359781
"Cyanistes caeruleus",4503205.49985352,3079160.33258149,4508178.52282179,3137009.26736448,58062.2959670873,57848.9347829903,4973.02296827361,1965,2041,0.964579617065519,1,0.380619380619381,0.380619380619381,1,1,0.383616383616384,0.383616383616384,1,0.000999000999000999,0.594405594405594,0.594405594405594,0.000999000999000999,0.000999000999000999,0.592407592407592,0.592407592407592,0.000999000999000999,0.99823076885036,0.00176923114964049,0.000309475964228374,0.99823076885036,0.00176923114964049,0.000309475964228374,0.997922386817598,0.000308928598861467,0.00176868458354037
"Cygnus olor",4518423.19747312,3271096.49480804,4559322.72998809,3187966.1538277,92646.7773398046,-83130.3409803421,40899.5325149735,1039,1413,0.849572039853536,0.998001998001998,0.834165834165834,0.834165834165834,1,0.999000999000999,0.836163836163836,0.836163836163836,1,0.002997002997003,0.150849150849151,0.150849150849151,0.001998001998002,0.000999000999000999,0.166833166833167,0.166833166833167,0.000999000999000999,0.958621334565134,0.0413786654348662,0,0.958760123207143,0.0412398767928572,0,0.958621334565134,0,0.0413786654348662
"Dendrocopos major",4534935.23381377,3158503.64963503,4509659.1498786,3149489.97889175,26835.1761567907,-9013.67074328475,-25276.0839351676,1900,1943,0.973870764602892,1,0.955044955044955,0.955044955044955,1,1,0.962037962037962,0.962037962037962,1,0.000999000999000999,0.0559440559440559,0.0559440559440559,0.000999000999000999,0.000999000999000999,0.050949050949051,0.050949050949051,0.000999000999000999,0.996679161239921,0.00332083876007937,0,0.996679161239921,0.00332083876007937,0,0.996679161239921,0,0.00332083876007937
"Emberiza caesia",5502825.83483317,1812868.47979942,5642052.20561531,1735671.48436956,159195.974900637,-77196.9954298679,139226.370782138,57,20,0.493182760170726,0.918081918081918,0.787212787212787,0.787212787212787,0.904095904095904,0.919080919080919,0.804195804195804,0.804195804195804,0.913086913086913,0.0849150849150849,0.205794205794206,0.205794205794206,0.100899100899101,0.0719280719280719,0.192807192807193,0.192807192807193,0.0809190809190809,0.980914851296665,0.0190851487033346,0.462089614034145,0.986336026342719,0.0136639736572813,0.462089614034145,0.532339010074076,0.457303547427812,0.0103574424981124
"Emberiza calandra",4392548.30027747,2697202.99564394,4486099.98006107,2674823.42422555,96191.2782283474,-22379.5714183883,93551.6797835967,1328,1331,0.933778847937448,1,0.589410589410589,0.589410589410589,1,1,0.608391608391608,0.608391608391608,1,0.000999000999000999,0.373626373626374,0.373626373626374,0.000999000999000999,0.000999000999000999,0.408591408591409,0.408591408591409,0.000999000999000999,0.999302388165813,0.000697611834186653,0.0015746770281645,0.999302388165813,0.000697611834186653,0.0015746770281645,0.99772990567058,0.00157358024343351,0.000696514085986791
"Emberiza cia",4139558.94831525,2237581.85087176,4098658.05697442,2279523.03228649,58582.8098586667,41941.1814147229,-40900.8913408252,497,485,0.938640466853659,1,0.949050949050949,0.949050949050949,1,1,0.956043956043956,0.956043956043956,1,0.000999000999000999,0.0649350649350649,0.0649350649350649,0.000999000999000999,0.000999000999000999,0.048951048951049,0.048951048951049,0.000999000999000999,0.980234847474586,0.019765152525414,0.00027161525536448,0.980234847474586,0.019765152525414,0.00027161525536448,0.97997386174246,0.000266248167771773,0.0197598900897684
"Emberiza cirlus",4047010.31881128,2291789.31317102,4068733.74872116,2300125.17387216,23267.8744340474,8335.86070114607,21723.4299098849,705,731,0.97405322305243,1,0.803196803196803,0.803196803196803,1,1,0.794205794205794,0.794205794205794,1,0.000999000999000999,0.195804195804196,0.195804195804196,0.000999000999000999,0.000999000999000999,0.185814185814186,0.185814185814186,0.000999000999000999,0.993317910326695,0.00668208967330523,0.000600248797318823,0.993317910326695,0.00668208967330523,0.000600248797318823,0.992725654185164,0.000596240272498667,0.00667810554233755
"Emberiza citrinella",4589961.57227879,3312956.96412789,4603691.50605313,3320693.87285961,15759.7854734943,7736.90873172088,13729.9337743334,1775,1719,0.966898911765461,1,1,1,1,1,1,1,1,0.000999000999000999,0.11988011988012,0.11988011988012,0.000999000999000999,0.001998001998002,0.13986013986014,0.13986013986014,0.001998001998002,1,0,0.0103288868343809,1,0,0.0103288868343809,0.989671113165619,0.0103288868343809,0
"Emberiza hortulana",4701938.21403065,3111200.9521671,4819399.29390919,3069035.51306166,124799.958097697,-42165.4391054399,117461.079878538,1081,812,0.900133859606781,1,0.989010989010989,0.989010989010989,1,1,0.985014985014985,0.985014985014985,1,0.000999000999000999,0.013986013986014,0.013986013986014,0.000999000999000999,0.002997002997003,0.018981018981019,0.018981018981019,0.000999000999000999,0.998329022170963,0.00167097782903722,0.00616225447313613,0.998329022170963,0.00167097782903722,0.00609705582344517,0.992187281231538,0.0061520208298353,0.00166069793862679
"Emberiza melanocephala",5351095.72351133,2076188.13971536,5296974.4415851,2213890.48621269,147956.241464191,137702.346497332,-54121.2819262324,131,164,0.785894374409758,0.982017982017982,0.922077922077922,0.922077922077922,1,0.979020979020979,0.904095904095904,0.904095904095904,1,0.00999000999000999,0.0859140859140859,0.0859140859140859,0.000999000999000999,0.013986013986014,0.0929070929070929,0.0929070929070929,0.000999000999000999,0.899882179271276,0.100117820728724,0.00206380400642061,0.899882179271276,0.100117820728724,0.00206380400642061,0.898210590293767,0.00185756426342674,0.0999318454428062
"Emberiza schoeniclus",4582810.61255147,3416261.65250064,4603615.5662812,3468618.36806852,56338.9009899149,52356.7155678752,20804.9537297264,1665,1606,0.962507700759911,1,1,1,1,1,1,1,1,0.000999000999000999,0.132867132867133,0.132867132867133,0.000999000999000999,0.000999000999000999,0.13986013986014,0.13986013986014,0.000999000999000999,1,0,0.00696046014856958,1,0,0.00696046014856958,0.99303953985143,0.00696046014856958,0
"Erithacus rubecula",4506176.07103875,3180501.40363978,4479114.5662439,3177857.28201653,27190.3736811433,-2644.12162324646,-27061.50479485,2016,2024,0.986568408047524,1,0.545454545454545,0.545454545454545,1,1,0.520479520479521,0.520479520479521,1,0.000999000999000999,0.476523476523477,0.476523476523477,0.000999000999000999,0.000999000999000999,0.471528471528472,0.471528471528472,0.000999000999000999,0.999928361441913,7.163855808746e-05,0.000176700492909724,0.999928361441913,7.163855808746e-05,0.000176700492909724,0.999751686262997,0.000176687836577813,7.1625900425616e-05
"Falco columbarius",4446826.75203741,4414019.69695682,4488346.83389066,4419532.19336655,41884.4220894598,5512.49640973005,41520.0818532519,492,445,0.949959606902167,1,0.898101898101898,0.898101898101898,1,1,0.888111888111888,0.888111888111888,1,0.000999000999000999,0.0989010989010989,0.0989010989010989,0.000999000999000999,0.001998001998002,0.108891108891109,0.108891108891109,0.001998001998002,0.996093400017166,0.00390659998283422,0.000541462710792816,0.996093400017166,0.00390659998283422,0.000541462710792816,0.995556158462845,0.000539348573448416,0.00390449296370644
"Ficedula albicollis",5051591.8000892,2918457.6202482,5158629.18134233,2931381.77062266,107814.816460576,12924.15037446,107037.381253121,381,469,0.87948795527143,0.997002997002997,0.997002997002997,0.997002997002997,1,0.998001998001998,0.997002997002997,0.997002997002997,1,0.003996003996004,0.003996003996004,0.003996003996004,0.001998001998002,0.00999000999000999,0.012987012987013,0.012987012987013,0.003996003996004,0.999616867337977,0.000383132662022855,0.0142873499544177,0.999616867337977,0.000383132662022855,0.0142873499544177,0.985340385038396,0.0142819541827055,0.000377660778897946
"Ficedula hypoleuca",4639275.69082714,3567216.11479225,4658436.66237262,3623486.40637565,59443.1538988934,56270.2915834016,19160.9715454746,1308,1224,0.949317347186779,1,0.921078921078921,0.921078921078921,1,1,0.921078921078921,0.921078921078921,1,0.001998001998002,0.0749250749250749,0.0749250749250749,0.001998001998002,0.001998001998002,0.0969030969030969,0.0969030969030969,0.001998001998002,0.998952306298253,0.00104769370174724,0.00470677255015164,0.998952306298253,0.00104769370174724,0.00470677255015164,0.994255367931763,0.00470186448029251,0.00104276758794477
"Ficedula parva",5056738.59019471,3424950.72309257,5035368.83117777,3528798.66196501,106023.869993967,103847.938872447,-21369.7590169376,670,743,0.905611872105026,0.998001998001998,0.919080919080919,0.919080919080919,1,0.999000999000999,0.902097902097902,0.902097902097902,1,0.003996003996004,0.0809190809190809,0.0809190809190809,0.001998001998002,0.000999000999000999,0.0709290709290709,0.0709290709290709,0.000999000999000999,0.986864683946547,0.0131353160534534,0.00085192670506584,0.986914571744268,0.0130854282557325,0.00085192670506584,0.986034981621416,0.000840745786760302,0.0131242725918237
"Ficedula semitorquata",5483143.83093401,2152320.57311605,5573824.86101223,2256101.45109858,137816.979544876,103780.877982532,90681.0300782239,49,46,0.625721946657581,0.982017982017982,1,1,0.983016983016983,0.987012987012987,1,1,0.988011988011988,0.016983016983017,0.022977022977023,0.022977022977023,0.015984015984016,0.018981018981019,0.024975024975025,0.024975024975025,0.016983016983017,1,0,0.300271450515415,1,0,0.300170455998658,0.699728549484585,0.300271450515415,0
"Fringilla montifringilla",4697486.68000463,4394933.69528388,4738917.0378014,4539178.45056279,150076.726952052,144244.755278911,41430.357796764,456,382,0.86593414339793,1,0.949050949050949,0.949050949050949,1,1,0.969030969030969,0.969030969030969,1,0.001998001998002,0.044955044955045,0.044955044955045,0.001998001998002,0.000999000999000999,0.040959040959041,0.040959040959041,0.000999000999000999,0.999383914778232,0.000616085221768107,0.0820834075563306,0.999383914778232,0.000616085221768107,0.0653094636288138,0.91739747072977,0.0820369858230662,0.000565543447164116
"Gallinago gallinago",4565731.85395543,3657270.45655153,4595601.29643129,3749899.30046351,97325.6714248014,92628.8439119807,29869.4424758535,1400,1250,0.932382802648191,1,0.812187812187812,0.812187812187812,1,1,0.78021978021978,0.78021978021978,1,0.000999000999000999,0.20979020979021,0.20979020979021,0.000999000999000999,0.000999000999000999,0.203796203796204,0.203796203796204,0.000999000999000999,0.998786761253539,0.00121323874646108,0.00207642727654635,0.998786761253539,0.00121323874646108,0.00207642727654635,0.996715364106383,0.00207391329912682,0.00121072259448978
"Garrulus glandarius",4523152.10711438,3105570.36395611,4524451.79467937,3112173.21545648,6729.54944275743,6602.85150036961,1299.68756498769,1972,1953,0.987079456326898,1,0.883116883116883,0.883116883116883,1,1,0.94005994005994,0.94005994005994,1,0.000999000999000999,0.124875124875125,0.124875124875125,0.000999000999000999,0.000999000999000999,0.0779220779220779,0.0779220779220779,0.000999000999000999,0.999321666993397,0.000678333006602693,0.000120838853133649,0.999523572375682,0.000476427624317599,0.000120838853133649,0.999200992012735,0.000120756894049408,0.000678251093215685
"Haematopus ostralegus",4289611.22431093,3796782.49953752,4334842.08622447,3817834.82248144,49890.1911278855,21052.3229439221,45230.8619135404,609,711,0.93521773090762,1,0.94005994005994,0.94005994005994,1,1,0.929070929070929,0.929070929070929,1,0.000999000999000999,0.0679320679320679,0.0679320679320679,0.000999000999000999,0.001998001998002,0.0649350649350649,0.0649350649350649,0.001998001998002,0.998144383206092,0.00185561679390824,0.00848038438872199,0.998144383206092,0.00185561679390824,0.00848038438872199,0.989695309346597,0.00846478124973849,0.00183990940366447
"Hieraaetus pennatus",4275702.8861826,2366988.73933373,4163388.81102234,2348042.71363424,113900.848850702,-18946.0256994935,-112314.07516026,354,413,0.904386791004098,1,0.84015984015984,0.84015984015984,1,1,0.82017982017982,0.82017982017982,1,0.000999000999000999,0.140859140859141,0.140859140859141,0.000999000999000999,0.000999000999000999,0.151848151848152,0.151848151848152,0.000999000999000999,0.993045164820137,0.00695483517986322,0.00447953216804116,0.993045164820137,0.00695483517986322,0.00447953216804116,0.988627587167131,0.00444851635102254,0.00692389648184693
"Hippolais icterina",4850145.05389221,3501467.49234466,4859013.4390088,3509694.8391536,12097.0033516887,8227.34680894203,8868.38511659019,1158,1148,0.971602678899113,1,0.982017982017982,0.982017982017982,1,1,0.982017982017982,0.982017982017982,1,0.000999000999000999,0.032967032967033,0.032967032967033,0.000999000999000999,0.000999000999000999,0.015984015984016,0.015984015984016,0.000999000999000999,0.9984932013354,0.00150679866459971,0.00533194918141791,0.9984932013354,0.00150679866459971,0.00533194918141791,0.993177265686761,0.00532395778111432,0.00149877653212474
"Hippolais olivetorum",5480425.40831683,1923282.32429829,5470811.30333022,2035736.70913065,112864.607750692,112454.384832358,-9614.10498660523,60,62,0.819192168215799,0.997002997002997,0.973026973026973,0.973026973026973,1,0.999000999000999,0.975024975024975,0.975024975024975,1,0.003996003996004,0.025974025974026,0.025974025974026,0.000999000999000999,0.003996003996004,0.037962037962038,0.037962037962038,0.000999000999000999,0.961631395996825,0.0383686040031746,0.00867310395808569,0.961631395996825,0.0383686040031746,0.00867310395808569,0.953608403862873,0.00834310544284593,0.0380484906942813
"Hippolais polyglotta",3688698.15157536,2372996.60132898,3726066.92918548,2434047.73629726,71579.7919876106,61051.1349682803,37368.7776101176,530,585,0.921478799084266,1,0.812187812187812,0.812187812187812,1,0.999000999000999,0.826173826173826,0.826173826173826,1,0.001998001998002,0.225774225774226,0.225774225774226,0.000999000999000999,0.001998001998002,0.215784215784216,0.215784215784216,0.000999000999000999,0.9730503849452,0.0269496150547994,0,0.9730503849452,0.0269496150547994,0,0.973050384945201,0,0.0269496150547995
"Jynx torquilla",4640771.80717323,3196911.58907887,4619917.35972031,3151449.51011262,50017.0831066701,-45462.0789662469,-20854.4474529121,1691,1709,0.964481197226783,1,0.823176823176823,0.823176823176823,1,1,0.843156843156843,0.843156843156843,1,0.000999000999000999,0.173826173826174,0.173826173826174,0.000999000999000999,0.000999000999000999,0.170829170829171,0.170829170829171,0.000999000999000999,0.999087611878009,0.000912388121991411,0.000542725932376236,0.999087611878009,0.000912388121991411,0.000542725932376236,0.998545875578972,0.000542231024182205,0.000911893396845572
"Lanius collurio",4716047.8210781,3114867.81222641,4679287.97953981,3102833.8305746,38679.486350209,-12033.9816518109,-36759.8415382858,1609,1625,0.971514834265404,1,0.655344655344655,0.655344655344655,1,1,0.671328671328671,0.671328671328671,1,0.000999000999000999,0.352647352647353,0.352647352647353,0.000999000999000999,0.000999000999000999,0.328671328671329,0.328671328671329,0.000999000999000999,0.997157338906307,0.00284266109369277,6.98750114581805e-05,0.997157338906307,0.00284266109369277,6.98750114581805e-05,0.997087860578361,6.96763943215772e-05,0.00284246302731748
"Lanius minor",5177956.91773323,2604391.86619594,5421297.53598173,2664057.05530073,250548.580679424,59665.1891047917,243340.618248502,424,342,0.789183618541066,1,0.974025974025974,0.974025974025974,1,1,0.972027972027972,0.972027972027972,1,0.000999000999000999,0.027972027972028,0.027972027972028,0.000999000999000999,0.000999000999000999,0.023976023976024,0.023976023976024,0.000999000999000999,0.998119217968663,0.00188078203133695,0.0520324450947824,0.998119217968663,0.00188078203133695,0.0520324450947824,0.946277238849364,0.0519396663104095,0.00178309484022669
"Lanius senator",4116512.5339208,2238715.10934865,4110578.785092,2158789.70147886,80145.3691632625,-79925.4078697897,-5933.74882880831,599,504,0.886699563007138,1,1,1,1,1,1,1,1,0.001998001998002,0.277722277722278,0.277722277722278,0.001998001998002,0.001998001998002,0.294705294705295,0.294705294705295,0.000999000999000999,1,0,0.0711781818570542,1,0,0.0668080236153267,0.928821818142946,0.0711781818570542,0
"Larus ridibundus",4542400.67912562,3547062.68981902,4588293.69109269,3529282.94752142,49216.7429192431,-17779.7422976037,45893.0119670704,1365,1320,0.944046586198753,1,1,1,1,1,1,1,1,0.000999000999000999,0.347652347652348,0.347652347652348,0.000999000999000999,0.001998001998002,0.395604395604396,0.395604395604396,0.001998001998002,1,0,0.00202916303733062,1,0,0.00202916303733062,0.997970836962669,0.00202916303733062,0
"Limosa limosa",4772003.28056169,3392012.65852863,4728751.84730697,3603788.17738625,216147.072304951,211775.518857619,-43251.4332547244,547,392,0.864925415182541,0.999000999000999,0.962037962037962,0.962037962037962,1,0.999000999000999,0.964035964035964,0.964035964035964,1,0.000999000999000999,0.030969030969031,0.030969030969031,0.000999000999000999,0.001998001998002,0.040959040959041,0.040959040959041,0.000999000999000999,0.997977539481592,0.00202246051840832,0.0084669619363664,0.997977539481592,0.00202246051840832,0.0084669619363664,0.989544646699204,0.00844998253845334,0.00200537076234306
"Linaria cannabina",4498050.71689268,2984018.87815978,4493354.74858338,3003262.19398291,19808.0115667968,19243.3158231215,-4695.96830930095,1851,1849,0.984477906141745,1,0.427572427572428,0.427572427572428,1,1,0.425574425574426,0.425574425574426,1,0.000999000999000999,0.593406593406593,0.593406593406593,0.000999000999000999,0.000999000999000999,0.573426573426573,0.573426573426573,0.000999000999000999,0.996936398246356,0.00306360175364387,0,0.996936398246356,0.00306360175364387,0,0.996936398246356,0,0.00306360175364387
"Locustella fluviatilis",5096685.22808826,3316112.35366568,5020762.76666901,3426765.16861984,134194.879206461,110652.814954159,-75922.461419248,671,823,0.861926065090678,0.998001998001998,0.923076923076923,0.923076923076923,1,0.997002997002997,0.927072927072927,0.927072927072927,1,0.002997002997003,0.0709290709290709,0.0709290709290709,0.000999000999000999,0.001998001998002,0.0939060939060939,0.0939060939060939,0.000999000999000999,0.992020014856705,0.00797998514329494,0.0113314870797554,0.992020014856705,0.00797998514329494,0.0112531402581197,0.980867647929224,0.011242078547268,0.00789027352350798
"Locustella luscinioides",4677881.15566857,2957270.96162212,4837610.73471158,3089756.69187612,207523.509854166,132485.730253996,159729.57904301,738,893,0.848879462083968,0.994005994005994,0.858141858141858,0.858141858141858,1,0.997002997002997,0.846153846153846,0.846153846153846,1,0.003996003996004,0.12987012987013,0.12987012987013,0.001998001998002,0.00599400599400599,0.145854145854146,0.145854145854146,0.000999000999000999,0.995977390958712,0.0040226090412876,0.00562622948453445,0.995977390958712,0.0040226090412876,0.00553967084932069,0.990396208363184,0.00560372418710878,0.00400006744970766
"Locustella naevia",4499298.37509535,3340706.34966947,4489480.07126835,3372809.04425756,33570.5539104683,32102.6945880945,-9818.30382699519,1140,1209,0.945760981122947,1,0.967032967032967,0.967032967032967,1,1,0.966033966033966,0.966033966033966,1,0.000999000999000999,0.03996003996004,0.03996003996004,0.000999000999000999,0.000999000999000999,0.035964035964036,0.035964035964036,0.000999000999000999,0.999425287351849,0.000574712648150795,0.010214988348243,0.999425287351849,0.000574712648150795,0.010214988348243,0.989221977095259,0.010209177600084,0.000568845304656809
"Lophophanes cristatus",4418649.00408544,3212738.35959508,4419642.27975833,3167215.26679344,45533.9277329419,-45523.0928016366,993.275672894903,1410,1411,0.962412381580421,1,0.998001998001998,0.998001998001998,1,1,0.996003996003996,0.996003996003996,1,0.000999000999000999,0.002997002997003,0.002997002997003,0.000999000999000999,0.000999000999000999,0.00599400599400599,0.00599400599400599,0.000999000999000999,0.998261024042815,0.00173897595718489,0.000554750444477299,0.998261024042815,0.00173897595718489,0.000554750444477299,0.997708200782815,0.000553786281028459,0.00173801293615677
"Loxia curvirostra",4457602.17698412,3391729.22479127,4411534.66487316,3355546.05470213,58578.4727506019,-36183.1700891405,-46067.5121109588,1216,1353,0.94328833728749,1,0.533466533466533,0.533466533466533,1,1,0.525474525474525,0.525474525474525,1,0.000999000999000999,0.464535464535465,0.464535464535465,0.000999000999000999,0.001998001998002,0.483516483516484,0.483516483516484,0.001998001998002,0.998022496774454,0.00197750322554579,0.00364679272058593,0.998022496774454,0.00197750322554579,0.00364679272058593,0.994390086686465,0.00363960742340849,0.00197030589012628
"Loxia pytyopsittacus",4745435.91820669,4370254.00407957,4769552.64532564,4359728.69490032,26313.4691792733,-10525.3091792492,24116.7271189475,403,378,0.933802766034547,1,0.929070929070929,0.929070929070929,1,1,0.918081918081918,0.918081918081918,1,0.000999000999000999,0.0859140859140859,0.0859140859140859,0.000999000999000999,0.001998001998002,0.0719280719280719,0.0719280719280719,0.001998001998002,0.969661440142944,0.0303385598570557,0.00330324348757728,0.969661440142944,0.0303385598570557,0.00330324348757728,0.966555276271171,0.00320334886299633,0.0302413748658327
"Lullula arborea",4532536.62108475,2846169.07074341,4571417.21196413,2931251.52695558,93545.3082854847,85082.4562121728,38880.5908793844,1413,1570,0.945665688397012,1,0.562437562437562,0.562437562437562,1,1,0.559440559440559,0.559440559440559,1,0.000999000999000999,0.41958041958042,0.41958041958042,0.000999000999000999,0.000999000999000999,0.428571428571429,0.428571428571429,0.000999000999000999,0.998128448526875,0.001871551473125,0.00151283942497567,0.998128448526875,0.001871551473125,0.00151283942497567,0.996621262249196,0.00151001234350505,0.00186872540729907
"Luscinia luscinia",5116178.41081838,3591673.38793796,5114231.6518246,3609429.39740233,17862.411446348,17756.0094643696,-1946.75899377372,716,717,0.971608377147218,1,1,1,1,1,1,1,1,0.000999000999000999,0.000999000999000999,0.000999000999000999,0.000999000999000999,0.000999000999000999,0.000999000999000999,0.000999000999000999,0.000999000999000999,1,0,0.0147444911930944,1,0,0.0147444911930944,0.985255508806906,0.0147444911930944,0
"Luscinia megarhynchos",4280102.57940533,2556537.70146345,4297518.66347905,2582271.14880981,31072.9833905748,25733.4473463604,17416.0840737242,1122,1145,0.97463779530919,1,0.832167832167832,0.832167832167832,1,1,0.823176823176823,0.823176823176823,1,0.000999000999000999,0.193806193806194,0.193806193806194,0.000999000999000999,0.002997002997003,0.165834165834166,0.165834165834166,0.002997002997003,0.998729963124956,0.00127003687504433,0.000341148848609,0.999049663099428,0.000950336900571957,0.000341148848609,0.998389680121876,0.000340715724613841,0.00126960415351016
"Melanitta fusca",4781800.40507705,4585545.785002,4802106.75321226,4570722.52904464,25141.1354510066,-14823.2559573576,20306.3481352143,197,166,0.915583580168428,1,1,1,1,1,1,1,1,0.000999000999000999,0.00599400599400599,0.00599400599400599,0.000999000999000999,0.000999000999000999,0.00799200799200799,0.00799200799200799,0.000999000999000999,1,0,0.0270166742248949,1,0,0.0270166742248949,0.972983325775105,0.0270166742248949,0
"Melanitta nigra",4544350.56905836,4653000.70673265,4607139.71174396,4697885.96097824,77182.6566521502,44885.2542455858,62789.1426856015,182,155,0.900224488265556,1,0.948051948051948,0.948051948051948,1,1,0.95004995004995,0.95004995004995,1,0.000999000999000999,0.04995004995005,0.04995004995005,0.000999000999000999,0.002997002997003,0.044955044955045,0.044955044955045,0.002997002997003,0.998090562271859,0.00190943772814068,0.00246528522679084,0.998090562271859,0.00190943772814068,0.00246528522679084,0.995634671113363,0.00246058950092235,0.00190473938571415
"Melanocorypha calandra",4464398.95616627,2224605.1340614,4404411.50263324,2218728.55523146,60274.6112399091,-5876.57882994041,-59987.453533032,313,264,0.894494407049753,1,0.825174825174825,0.825174825174825,1,1,0.839160839160839,0.839160839160839,1,0.000999000999000999,0.177822177822178,0.177822177822178,0.000999000999000999,0.000999000999000999,0.156843156843157,0.156843156843157,0.000999000999000999,0.999744589271464,0.000255410728536062,0.0280651668723929,0.999744589271464,0.000255410728536062,0.0280651668723929,0.971693555783817,0.0280581998529126,0.000248244363270219
"Merops apiaster",4536226.92056102,2429222.90722037,4577895.04748118,2559256.57090021,136546.645843231,130033.663679844,41668.1269201525,639,1019,0.85128772470453,0.999000999000999,0.619380619380619,0.619380619380619,1,0.998001998001998,0.627372627372627,0.627372627372627,1,0.000999000999000999,0.380619380619381,0.380619380619381,0.000999000999000999,0.000999000999000999,0.371628371628372,0.371628371628372,0.000999000999000999,0.998463645068172,0.00153635493182738,0.000361576278018486,0.998463645068172,0.00153635493182738,0.000361576278018486,0.998103178755448,0.000361020969071098,0.00153580027548106
"Milvus milvus",4153182.55229789,2772572.71765743,4174458.09052313,2969205.42878582,197780.362049605,196632.711128385,21275.5382252424,586,718,0.819919944706864,0.993006993006993,0.654345654345654,0.654345654345654,1,0.996003996003996,0.62037962037962,0.62037962037962,1,0.004995004995005,0.3996003996004,0.3996003996004,0.000999000999000999,0.004995004995005,0.384615384615385,0.384615384615385,0.000999000999000999,0.975603237246081,0.0243967627539195,0.0242282253785317,0.975603237246081,0.0243967627539195,0.0242282253785317,0.952529132833041,0.0236511150559248,0.0238197521110345
"Monticola solitarius",4145574.76035679,2043748.78108138,4164741.18014824,2049954.85904882,20146.1423443794,6206.07796743652,19166.4197914503,381,402,0.960814317001354,1,0.884115884115884,0.884115884115884,1,1,0.89010989010989,0.89010989010989,1,0.000999000999000999,0.12987012987013,0.12987012987013,0.000999000999000999,0.001998001998002,0.115884115884116,0.115884115884116,0.001998001998002,0.992909927191397,0.00709007280860265,0.00399000582869996,0.992909927191397,0.00709007280860265,0.00399000582869996,0.988976188368994,0.0039618284747443,0.00706198315626151
"Numenius arquata",4497629.86217134,3754725.00194926,4450596.78858271,3790290.09973804,58965.9748661746,35565.0977887795,-47033.0735886237,964,914,0.940934251061373,1,0.898101898101898,0.898101898101898,1,1,0.904095904095904,0.904095904095904,1,0.000999000999000999,0.101898101898102,0.101898101898102,0.000999000999000999,0.000999000999000999,0.0979020979020979,0.0979020979020979,0.000999000999000999,0.998762860867804,0.00123713913219644,0.00497902831763075,0.998762860867804,0.00123713913219644,0.00497902831763075,0.993796113837324,0.00497289919867837,0.00123098696399729
"Numenius phaeopus",4551412.26825126,4608862.33640739,4577247.0629496,4643754.7500057,43415.6324820994,34892.413598313,25834.7946983324,365,348,0.95736318100681,1,0.89010989010989,0.89010989010989,1,1,0.9000999000999,0.9000999000999,1,0.000999000999000999,0.10989010989011,0.10989010989011,0.000999000999000999,0.000999000999000999,0.101898101898102,0.101898101898102,0.000999000999000999,0.999917511515646,8.24884843538177e-05,0.011256603292604,0.999917511515646,8.24884843538177e-05,0.011256603292604,0.988662754776244,0.011255685203815,8.15600199409913e-05
"Oenanthe hispanica",4128374.46073069,2048880.90422592,4108821.08345784,2009032.15013274,44387.5857144025,-39848.7540931839,-19553.3772728494,339,273,0.927156204059645,1,0.916083916083916,0.916083916083916,1,1,0.923076923076923,0.923076923076923,1,0.002997002997003,0.0719280719280719,0.0719280719280719,0.002997002997003,0.001998001998002,0.0729270729270729,0.0729270729270729,0.001998001998002,0.998686558729369,0.00131344127063099,0.00651160313459431,0.998686558729369,0.00131344127063099,0.00651160313459431,0.992191994032548,0.00650310614481892,0.00130489982263309
"Oenanthe leucura",3199234.01192871,1966114.10919474,3214732.1150592,1939785.92546665,30551.0140431251,-26328.1837280896,15498.1031304863,108,76,0.855405665056361,1,1,1,1,0.999000999000999,1,1,0.999000999000999,0.001998001998002,0.004995004995005,0.004995004995005,0.000999000999000999,0.001998001998002,0.003996003996004,0.003996003996004,0.000999000999000999,1,0,0.0931068242303412,1,0,0.0931068242303412,0.906893175769659,0.0931068242303412,0
"Oenanthe oenanthe",4560292.41010727,3302402.3245689,4575035.77153171,3326325.12830435,28101.0185697355,23922.8037354522,14743.3614244396,1868,1760,0.962927619982435,1,1,1,1,1,1,1,1,0.000999000999000999,1,1,0.000999000999000999,0.000999000999000999,1,1,0.000999000999000999,1,0,0.00068120355147552,1,0,0.000433060454786232,0.999318796448524,0.00068120355147552,0
"Oriolus oriolus",4581557.33502194,2876959.94926322,4583138.28514963,2906095.89317517,29178.8044811068,29135.9439119515,1580.95012769941,1508,1512,0.967828329250912,1,1,1,1,1,1,1,1,0.000999000999000999,0.0869130869130869,0.0869130869130869,0.000999000999000999,0.001998001998002,0.0839160839160839,0.0839160839160839,0.000999000999000999,1,0,0.0115624490598667,1,0,0.0115052805606373,0.988437550940133,0.0115624490598667,0
"Otus scops",4343352.78564333,2272963.71891588,4473262.17874725,2352920.52113439,152543.569637132,79956.8022185122,129909.393103918,669,769,0.902940891028736,0.997002997002997,0.631368631368631,0.631368631368631,1,1,0.626373626373626,0.626373626373626,1,0.001998001998002,0.362637362637363,0.362637362637363,0.001998001998002,0.000999000999000999,0.383616383616384,0.383616383616384,0.000999000999000999,0.999591411424225,0.000408588575774675,0.00135275231579557,0.999591411424225,0.000408588575774675,0.00135275231579557,0.998239763573798,0.0013522003440405,0.000408036082161941
"Passer italiae",4483771.18957587,2222595.5666285,4451198.73415717,2269979.83016841,57499.8546365327,47384.2635399024,-32572.4554187041,155,158,0.903403286455956,1,0.992007992007992,0.992007992007992,1,1,0.996003996003996,0.996003996003996,1,0.000999000999000999,0.010989010989011,0.010989010989011,0.000999000999000999,0.000999000999000999,0.00799200799200799,0.00799200799200799,0.000999000999000999,0.93252682026979,0.06747317973021,0.0116124542772003,0.93252682026979,0.06747317973021,0.0116124542772003,0.922420638725694,0.0108374164950801,0.0667419447792263
"Perdix perdix",4659074.89964466,3083156.60356824,4716495.080951,3133842.36278256,76590.6221960921,50685.7592143188,57420.181306337,1329,1196,0.91647909504286,1,1,1,1,1,1,1,1,0.000999000999000999,0.0919080919080919,0.0919080919080919,0.000999000999000999,0.001998001998002,0.114885114885115,0.114885114885115,0.001998001998002,1,0,0.0196160428700131,1,0,0.0196160428700131,0.980383957129987,0.0196160428700131,0
"Periparus ater",4385704.52990237,3149300.75186564,4427217.5444459,3156293.66883854,42097.8771944788,6992.91697290074,41513.0145435324,1691,1671,0.966956747352929,1,0.67032967032967,0.67032967032967,1,1,0.683316683316683,0.683316683316683,1,0.000999000999000999,0.313686313686314,0.313686313686314,0.000999000999000999,0.000999000999000999,0.34965034965035,0.34965034965035,0.000999000999000999,0.998312813099217,0.0016871869007833,3.90031785823724e-05,0.998312813099217,0.0016871869007833,3.90031785823724e-05,0.998273941418354,3.89373754926787e-05,0.00168712120615342
"Pernis apivorus",4611010.91100909,3162421.46258237,4608055.51840026,3109973.67340266,52530.9902372973,-52447.7891797042,-2955.39260883164,1413,1564,0.935463497037351,1,0.967032967032967,0.967032967032967,1,1,0.974025974025974,0.974025974025974,1,0.000999000999000999,0.027972027972028,0.027972027972028,0.000999000999000999,0.001998001998002,0.027972027972028,0.027972027972028,0.001998001998002,0.999822849068349,0.000177150931650509,0.00198532414574398,0.999822849068349,0.000177150931650509,0.00198532414574398,0.99783822756635,0.00198497314184101,0.000176799291809131
"Phasianus colchicus",4477093.90831378,3052172.15265678,4452696.09499482,3068946.63327725,29608.0478051725,16774.4806204611,-24397.8133189669,1334,1383,0.933936567727922,1,0.845154845154845,0.845154845154845,1,1,0.852147852147852,0.852147852147852,1,0.000999000999000999,0.136863136863137,0.136863136863137,0.000999000999000999,0.001998001998002,0.15984015984016,0.15984015984016,0.001998001998002,0.987339820277459,0.012660179722541,0.00540019465388964,0.987339820277459,0.012660179722541,0.00540019465388964,0.98207513501624,0.00533219176730798,0.0125926732164518
"Phoenicurus phoenicurus",4542056.64071806,3297466.76449058,4544096.695362,3293727.78597209,4259.31723542477,-3738.9785184944,2040.05464393087,1758,1743,0.976138245341605,1,0.929070929070929,0.929070929070929,1,1,0.917082917082917,0.917082917082917,1,0.001998001998002,0.0969030969030969,0.0969030969030969,0.001998001998002,0.001998001998002,0.110889110889111,0.110889110889111,0.001998001998002,0.998357152329723,0.00164284767027684,0.000234199922635448,0.998357152329723,0.00164284767027684,0.000234199922635448,0.998123721194775,0.00023381525779971,0.00164246354742529
"Phylloscopus bonelli",3753794.66774978,2421929.15546664,3747654.69224032,2372066.25807775,50239.5047275779,-49862.8973888969,-6139.97550945124,474,464,0.936482435172451,1,0.924075924075924,0.924075924075924,1,1,0.922077922077922,0.922077922077922,1,0.000999000999000999,0.0809190809190809,0.0809190809190809,0.000999000999000999,0.000999000999000999,0.114885114885115,0.114885114885115,0.000999000999000999,0.994525336822963,0.00547466317703698,0.00389597813563919,0.994525336822963,0.00547466317703698,0.00389597813563919,0.990671818061039,0.00387473161240312,0.00545345032655766
"Phylloscopus trochilus",4594968.40269571,3540729.71852102,4583516.63381547,3556192.12587368,19241.3370540183,15462.4073526654,-11451.7688802462,1497,1467,0.963496118979502,1,1,1,1,1,1,1,1,0.000999000999000999,0.0889110889110889,0.0889110889110889,0.000999000999000999,0.001998001998002,0.0999000999000999,0.0999000999000999,0.001998001998002,1,0,0.0122771082678501,1,0,0.0122771082678501,0.98772289173215,0.0122771082678501,0
"Pica pica",4521627.90100551,3180793.40634135,4522341.72150759,3177615.21839606,3257.36370778389,-3178.1879452928,713.820502075367,2015,2016,0.989178525807669,1,0.894105894105894,0.894105894105894,1,1,0.899100899100899,0.899100899100899,1,0.000999000999000999,0.0919080919080919,0.0919080919080919,0.000999000999000999,0.000999000999000999,0.106893106893107,0.106893106893107,0.000999000999000999,0.996677468266923,0.00332253173307684,0,0.996677468266923,0.00332253173307684,0,0.996677468266923,0,0.00332253173307684
"Picus canus",4845643.19056474,3217032.47603196,4925339.63806617,3369577.13968806,172108.681228751,152544.663656099,79696.4475014256,891,1063,0.891331751680973,1,0.984015984015984,0.984015984015984,1,1,0.979020979020979,0.979020979020979,1,0.001998001998002,0.021978021978022,0.021978021978022,0.001998001998002,0.000999000999000999,0.020979020979021,0.020979020979021,0.000999000999000999,0.97578868768485,0.0242113123151502,0.0120657581409523,0.97578868768485,0.0242113123151502,0.0120657581409523,0.964296755309532,0.0117770707124958,0.0239261739779724
"Pluvialis apricaria",4464320.89965661,4365162.54705354,4484158.34904432,4408923.28786656,48047.1313890226,43760.740813015,19837.4493877143,548,515,0.955657600461162,1,0.915084915084915,0.915084915084915,1,1,0.929070929070929,0.929070929070929,1,0.001998001998002,0.0889110889110889,0.0889110889110889,0.001998001998002,0.001998001998002,0.0789210789210789,0.0789210789210789,0.001998001998002,0.999914663296282,8.53367037181709e-05,0.00441443389217271,0.999914663296282,8.53367037181709e-05,0.00441443389217271,0.995500981135744,0.00441405884176997,8.49600224865962e-05
"Poecile lugubris",5423218.7025234,2188609.15091841,5428456.16114766,2180917.30020466,9305.67247668756,-7691.85071374755,5237.45862425677,103,93,0.915940916901201,1,0.999000999000999,0.999000999000999,1,1,1,1,1,0.000999000999000999,0.004995004995005,0.004995004995005,0.000999000999000999,0.000999000999000999,0.002997002997003,0.002997002997003,0.000999000999000999,0.97575044979479,0.0242495502052104,0.0131279356726309,0.97575044979479,0.0242495502052104,0.0131279356726309,0.963247507163773,0.0128136683243608,0.0239388245118659
"Poecile montanus",4668171.77606902,3540129.51685633,4700021.69982263,3534029.3536484,32428.8395455987,-6100.16320793796,31849.9237536089,1321,1273,0.94482479550989,1,0.929070929070929,0.929070929070929,1,1,0.924075924075924,0.924075924075924,1,0.000999000999000999,0.0719280719280719,0.0719280719280719,0.000999000999000999,0.000999000999000999,0.0689310689310689,0.0689310689310689,0.000999000999000999,0.997996159855427,0.00200384014457286,0.01578147190071,0.997996159855427,0.00200384014457286,0.01578147190071,0.982277374596311,0.0157503464355946,0.00197227896809429
"Poecile palustris",4584853.14287424,3073138.5500867,4592257.16530753,3060842.01260451,14353.5494649828,-12296.5374821923,7404.02243329585,1396,1363,0.973294239562116,1,1,1,1,1,0.998001998001998,0.998001998001998,1,0.000999000999000999,0.000999000999000999,0.000999000999000999,0.000999000999000999,0.000999000999000999,0.000999000999000999,0.000999000999000999,0.000999000999000999,0.996021473470793,0.00397852652920674,0.000148475805853342,0.996021473470793,0.00397852652920674,0.000148475805853342,0.99587417665762,0.000147885178278792,0.00397793816410168
"Porzana porzana",4837134.10176419,3286986.13476398,4826982.9250662,3473042.31557327,186332.897808446,186056.180809289,-10151.1766979983,924,857,0.863114403920836,1,0.871128871128871,0.871128871128871,1,0.999000999000999,0.877122877122877,0.877122877122877,1,0.003996003996004,0.113886113886114,0.113886113886114,0.001998001998002,0.000999000999000999,0.115884115884116,0.115884115884116,0.000999000999000999,0.99866885757084,0.00133114242915968,0.0221718631296826,0.99866885757084,0.00133114242915968,0.0221563764076442,0.97655533031283,0.0221430027484775,0.00130166693869218
"Prunella modularis",4441690.3080084,3349006.01745596,4395630.87188081,3398293.01559923,67458.7269548257,49286.9981432674,-46059.4361275872,1694,1576,0.948535558559137,1,0.966033966033966,0.966033966033966,1,1,0.974025974025974,0.974025974025974,1,0.000999000999000999,0.027972027972028,0.027972027972028,0.000999000999000999,0.000999000999000999,0.02997002997003,0.02997002997003,0.000999000999000999,0.999726246378308,0.000273753621692672,0.00630468546267669,0.999726246378308,0.000273753621692672,0.00630468546267669,0.993425001428598,0.00630297041068639,0.000272028160715324
"Ptyonoprogne rupestris",4105647.4712724,2173923.70675346,4075478.46438058,2198002.39400489,38599.8984013115,24078.6872514393,-30169.0068918243,460,520,0.925889261518542,0.997002997002997,0.72027972027972,0.72027972027972,1,0.999000999000999,0.74025974025974,0.74025974025974,1,0.000999000999000999,0.244755244755245,0.244755244755245,0.000999000999000999,0.001998001998002,0.268731268731269,0.268731268731269,0.000999000999000999,0.97102460815751,0.0289753918424898,0,0.97102460815751,0.0289753918424898,0,0.97102460815751,0,0.0289753918424898
"Pyrrhula pyrrhula",4444170.86446839,3378963.92951474,4425849.57109979,3413134.82322562,38772.6677918735,34170.893710881,-18321.2933686096,1552,1517,0.967220935569013,1,0.947052947052947,0.947052947052947,1,1,0.936063936063936,0.936063936063936,1,0.001998001998002,0.0639360639360639,0.0639360639360639,0.001998001998002,0.000999000999000999,0.0699300699300699,0.0699300699300699,0.000999000999000999,0.987074395164476,0.0129256048355236,0,0.987074395164476,0.0129256048355236,0,0.987074395164476,0,0.0129256048355236
"Rallus aquaticus",4460803.73573649,2965142.03331019,4497145.98338147,3089432.67177559,129494.871612842,124290.638465402,36342.2476449832,1461,1528,0.92202176886812,1,0.589410589410589,0.589410589410589,1,1,0.572427572427572,0.572427572427572,1,0.000999000999000999,0.396603396603397,0.396603396603397,0.000999000999000999,0.000999000999000999,0.397602397602398,0.397602397602398,0.000999000999000999,0.999529317748721,0.000470682251278791,0.00149182739009014,0.999529317748721,0.000470682251278791,0.00149182739009014,0.998038893334937,0.00149112626044973,0.000469980404613582
"Regulus ignicapilla",4200804.38557764,2653332.25566735,4258748.24560309,2777520.55460808,137040.959236426,124188.298940728,57943.8600254422,961,1214,0.866018931836552,1,0.839160839160839,0.839160839160839,1,1,0.831168831168831,0.831168831168831,1,0.004995004995005,0.138861138861139,0.138861138861139,0.000999000999000999,0.001998001998002,0.173826173826174,0.173826173826174,0.000999000999000999,0.935528667501405,0.0644713324985954,3.83398355057992e-05,0.936109207977382,0.0638907920226178,3.83398355057992e-05,0.935495111861974,3.58681038824701e-05,0.0644690200341438
"Regulus regulus",4424351.38195662,3379294.98303807,4424500.4052141,3386349.62485033,7056.21563095845,7054.64181226166,149.023257486522,1534,1545,0.979622530030624,1,0.741258741258741,0.741258741258741,1,1,0.921078921078921,0.921078921078921,1,0.000999000999000999,0.24975024975025,0.24975024975025,0.000999000999000999,0.000999000999000999,0.0739260739260739,0.0739260739260739,0.000999000999000999,0.995912327929132,0.00408767207086776,0.000269003875653762,0.999345643293662,0.000654356706338061,0.000269003875653762,0.995645518464551,0.000267904570612063,0.00408657696483681
"Remiz pendulinus",4801719.22878421,2886230.11169267,4905114.46628972,2972974.73980204,134963.7197348,86744.6281093671,103395.237505512,912,930,0.890077271459037,1,0.966033966033966,0.966033966033966,1,0.999000999000999,0.964035964035964,0.964035964035964,1,0.000999000999000999,0.036963036963037,0.036963036963037,0.000999000999000999,0.001998001998002,0.035964035964036,0.035964035964036,0.000999000999000999,0.986182669875749,0.0138173301242511,0.00831350410520399,0.986182669875749,0.0138173301242511,0.00831350410520399,0.978096390554916,0.00819957556326966,0.0137040338818146
"Riparia riparia",4553184.32704036,3293537.71447202,4524214.70922225,3285453.16802463,30076.5464737462,-8084.54644739442,-28969.6178181097,1735,1673,0.949330295533161,1,1,1,1,1,1,1,1,0.000999000999000999,0.0769230769230769,0.0769230769230769,0.000999000999000999,0.000999000999000999,0.0919080919080919,0.0919080919080919,0.000999000999000999,1,0,0.00871183149563537,1,0,0.00871183149563537,0.991288168504365,0.00871183149563537,0
"Saxicola rubetra",4627430.90659044,3346608.02759567,4682015.68804966,3405865.81492527,80566.6415221048,59257.787329603,54584.7814592207,1709,1576,0.941015906551122,1,0.883116883116883,0.883116883116883,1,1,0.87012987012987,0.87012987012987,1,0.000999000999000999,0.126873126873127,0.126873126873127,0.000999000999000999,0.000999000999000999,0.141858141858142,0.141858141858142,0.000999000999000999,0.999984266590331,1.57334096690116e-05,0.00618737461432641,0.999984266590331,1.57334096690116e-05,0.00618737461432641,0.993797086069159,0.00618727786814904,1.5636062691576e-05
"Scolopax rusticola",4484725.14581507,3457840.56390893,4576032.07670601,3516643.0377238,108603.345047337,58802.4738148656,91306.9308909411,1408,1351,0.932503332110005,1,0.854145854145854,0.854145854145854,1,1,0.986013986013986,0.986013986013986,1,0.000999000999000999,0.152847152847153,0.152847152847153,0.000999000999000999,0.001998001998002,0.017982017982018,0.017982017982018,0.001998001998002,0.997790128144571,0.0022098718554292,0.000913129273487173,0.999804871532024,0.000195128467975718,0.000913129273487173,0.996881028374678,0.000911113213339478,0.00220785841198193
"Serinus serinus",4440046.18623851,2679495.143247,4452436.72632166,2750394.53290019,71973.9462357492,70899.3896531863,12390.5400831513,1328,1383,0.940250437273883,1,0.711288711288711,0.711288711288711,1,1,0.735264735264735,0.735264735264735,1,0.000999000999000999,0.306693306693307,0.306693306693307,0.000999000999000999,0.000999000999000999,0.308691308691309,0.308691308691309,0.000999000999000999,0.995511066138847,0.00448893386115321,0.0016250217656948,0.995790655076259,0.00420934492374097,0.0016250217656948,0.993900589110755,0.00161773895124885,0.00448167193799644
"Sitta europaea",4527460.67691265,2976427.37188644,4502727.29022691,3000868.50237885,34772.2486574225,24441.1304924153,-24733.3866857402,1588,1661,0.951409683567402,1,0.79020979020979,0.79020979020979,1,1,0.783216783216783,0.783216783216783,1,0.000999000999000999,0.203796203796204,0.203796203796204,0.000999000999000999,0.000999000999000999,0.218781218781219,0.218781218781219,0.000999000999000999,0.998406424951605,0.0015935750483953,0.00334077254925909,0.998406424951605,0.0015935750483953,0.00334077254925909,0.995076273733104,0.00333546653474483,0.00158825973215077
"Sitta neumayer",5366103.78850138,1972284.04522092,5352159.89992804,1968106.40017902,14556.2614239308,-4177.6450418944,-13943.8885733411,58,63,0.939317453196348,1,0.998001998001998,0.998001998001998,1,1,0.999000999000999,0.999000999000999,1,0.001998001998002,0.004995004995005,0.004995004995005,0.001998001998002,0.001998001998002,0.001998001998002,0.001998001998002,0.001998001998002,0.985512809759255,0.0144871902407455,0.0039966536580641,0.985512809759255,0.0144871902407455,0.0039966536580641,0.981630893088464,0.00393898144432927,0.0144301254672067
"Somateria mollissima",4186891.11858155,4274305.7182233,4203024.75020766,4233781.93157783,43617.3285923704,-40523.7866454693,16133.6316261189,290,317,0.942182528646014,1,0.741258741258741,0.741258741258741,1,1,0.698301698301698,0.698301698301698,1,0.001998001998002,0.2997002997003,0.2997002997003,0.001998001998002,0.000999000999000999,0.256743256743257,0.256743256743257,0.000999000999000999,0.99504857454839,0.00495142545160966,0.0107467481304915,0.99504857454839,0.00495142545160966,0.0107467481304915,0.984407420154302,0.0106941054600452,0.00489847438565259
"Spinus spinus",4599602.43691898,3532337.48690265,4551040.22935469,3568765.80699251,60706.7583394702,36428.3200898678,-48562.2075642878,1266,1300,0.940434441452938,1,0.922077922077922,0.922077922077922,1,1,0.909090909090909,0.909090909090909,1,0.000999000999000999,0.0899100899100899,0.0899100899100899,0.000999000999000999,0.000999000999000999,0.0859140859140859,0.0859140859140859,0.000999000999000999,0.998103277819968,0.00189672218003251,0.00254008348948801,0.998103277819968,0.00189672218003251,0.00254008348948801,0.9955728086664,0.00253527787133898,0.00189191346226139
"Sterna paradisaea",4359683.58361184,4406617.39274375,4399247.62162218,4445322.73971396,55348.1434898038,38705.3469702043,39564.0380103448,476,456,0.950162989736944,1,0.914085914085914,0.914085914085914,1,1,0.879120879120879,0.879120879120879,1,0.000999000999000999,0.117882117882118,0.117882117882118,0.000999000999000999,0.001998001998002,0.103896103896104,0.103896103896104,0.001998001998002,0.993732220123915,0.00626777987608489,0,0.993732220123915,0.00626777987608489,0,0.993732220123915,0,0.00626777987608489
"Streptopelia decaocto",4557123.68674843,3050948.82709421,4468871.8993661,2959990.79855723,126734.923882523,-90958.0285369745,-88251.7873823289,1633,1842,0.889655079698409,0.999000999000999,0.596403596403596,0.596403596403596,1,0.999000999000999,0.63036963036963,0.63036963036963,1,0.000999000999000999,0.365634365634366,0.365634365634366,0.000999000999000999,0.001998001998002,0.357642357642358,0.357642357642358,0.001998001998002,0.997928661610251,0.00207133838974875,0,0.998132930033987,0.00186706996601271,0,0.997928661610251,0,0.00207133838974875
"Streptopelia turtur",4529558.47600236,2795167.41133043,4538534.9275997,2750451.88103273,45607.6236289952,-44715.5302977003,8976.45159734786,1562,1500,0.960042582336572,1,1,1,1,1,1,1,1,0.000999000999000999,0.637362637362637,0.637362637362637,0.000999000999000999,0.000999000999000999,0.62037962037962,0.62037962037962,0.000999000999000999,1,0,0.0124461744008744,1,0,0.0124461744008744,0.987553825599126,0.0124461744008744,0
"Strix aluco",4502843.44403163,3009657.70885954,4495848.124557,3020808.79383733,13163.6313657686,11151.084977787,-6995.31947462168,1735,1728,0.976917468286614,1,1,1,1,1,1,1,1,0.000999000999000999,0.010989010989011,0.010989010989011,0.000999000999000999,0.000999000999000999,0.00899100899100899,0.00899100899100899,0.000999000999000999,1,0,0.00458675156893845,1,0,0.00458675156893845,0.995413248431061,0.00458675156893845,0
"Sturnus unicolor",3343406.17977784,2015096.30652639,3363638.9120992,2014281.60786109,20249.1281566176,-814.698665298056,20232.732321362,218,228,0.946644672741658,1,0.815184815184815,0.815184815184815,1,1,0.821178821178821,0.821178821178821,1,0.000999000999000999,0.185814185814186,0.185814185814186,0.000999000999000999,0.000999000999000999,0.175824175824176,0.175824175824176,0.000999000999000999,0.973306983323034,0.0266930166769659,0,0.973306983323034,0.0266930166769659,0,0.973306983323034,0,0.0266930166769659
"Sturnus vulgaris",4582813.08157782,3300117.56955194,4564813.60124755,3272888.35428915,32640.6411699799,-27229.2152627911,-17999.4803302754,1836,1856,0.970354350132734,1,0.501498501498502,0.501498501498502,1,1,0.498501498501498,0.498501498501498,1,0.000999000999000999,0.501498501498502,0.501498501498502,0.000999000999000999,0.000999000999000999,0.467532467532468,0.467532467532468,0.000999000999000999,0.998632899980096,0.00136710001990448,8.9368080217843e-05,0.998632899980096,0.00136710001990448,8.9368080217843e-05,0.998543776072172,8.92459160172275e-05,0.00136697801181091
"Sylvia atricapilla",4485346.1781796,3081917.68452177,4480727.36761334,3107106.8082778,25609.0875792813,25189.1237560236,-4618.81056626327,1949,1996,0.978169840160508,1,0.635364635364635,0.635364635364635,1,1,0.602397602397602,0.602397602397602,1,0.000999000999000999,0.375624375624376,0.375624375624376,0.000999000999000999,0.001998001998002,0.36963036963037,0.36963036963037,0.001998001998002,0.999895628191867,0.000104371808133205,0,0.999895628191867,0.000104371808133205,0,0.999895628191867,0,0.000104371808133205
"Sylvia borin",4525906.48098847,3325546.12055231,4535738.36119721,3341486.12655315,18728.3117163763,15940.0060008331,9831.88020874746,1722,1666,0.965983117559017,1,0.995004995004995,0.995004995004995,1,1,0.996003996003996,0.996003996003996,1,0.000999000999000999,0.00899100899100899,0.00899100899100899,0.000999000999000999,0.000999000999000999,0.012987012987013,0.012987012987013,0.000999000999000999,0.999923991273338,7.60087266617185e-05,0.00447389479865936,0.999923991273338,7.60087266617185e-05,0.00447389479865936,0.995450775037786,0.00447355626486788,7.56686973463763e-05
"Sylvia communis",4530637.52267769,3101167.06650115,4543816.60988272,3164688.47540134,64874.1684202788,63521.4089001892,13179.0872050254,1879,1856,0.967965188342397,1,0.792207792207792,0.792207792207792,1,1,0.814185814185814,0.814185814185814,1,0.000999000999000999,0.183816183816184,0.183816183816184,0.000999000999000999,0.001998001998002,0.178821178821179,0.178821178821179,0.001998001998002,0.998420118325588,0.00157988167441188,0.00164950716592698,0.998420118325588,0.00157988167441188,0.00164950716592698,0.996775814809637,0.00164690543166234,0.0015772797587009
"Sylvia conspicillata",3696727.43027381,1993434.98931479,3631575.26701468,2022342.40831395,71277.2281344964,28907.4189991583,-65152.1632591286,191,209,0.933331454483158,1,0.892107892107892,0.892107892107892,1,1,0.892107892107892,0.892107892107892,1,0.000999000999000999,0.118881118881119,0.118881118881119,0.000999000999000999,0.000999000999000999,0.114885114885115,0.114885114885115,0.000999000999000999,0.97611768120689,0.0238823187931104,0,0.97611768120689,0.0238823187931104,0,0.97611768120689,0,0.0238823187931104
"Sylvia curruca",4762927.20481453,3360624.76838334,4763058.03491536,3383223.37405817,22598.9843789836,22598.6056748256,130.830100832507,1478,1490,0.979631688186322,1,0.999000999000999,0.999000999000999,1,1,0.999000999000999,0.999000999000999,1,0.001998001998002,0.002997002997003,0.002997002997003,0.001998001998002,0.002997002997003,0.002997002997003,0.002997002997003,0.002997002997003,0.999245990404199,0.000754009595801191,0.00226143029313243,0.999245990404199,0.000754009595801191,0.00226143029313243,0.996987965255408,0.00225972900614581,0.000752305738446646
"Sylvia hortensis",3564258.37209871,2151750.06812842,3420823.54791514,2110268.98864029,149312.520386173,-41481.0794881349,-143434.824183566,243,192,0.843064994199807,1,0.988011988011988,0.988011988011988,1,1,0.989010989010989,0.989010989010989,1,0.000999000999000999,0.00899100899100899,0.00899100899100899,0.000999000999000999,0.000999000999000999,0.013986013986014,0.013986013986014,0.000999000999000999,0.999112612161336,0.000887387838663663,0.0304451545913035,0.999112612161336,0.000887387838663663,0.0304451545913035,0.968720645826219,0.030418959750064,0.000860394423716657
"Sylvia melanocephala",4144452.25731535,2034594.35781615,4090991.69923913,2062391.15094623,60255.2319565479,27796.7931300886,-53460.5580762159,398,436,0.922234233971508,1,0.811188811188811,0.811188811188811,1,0.999000999000999,0.813186813186813,0.813186813186813,1,0.001998001998002,0.17982017982018,0.17982017982018,0.001998001998002,0.000999000999000999,0.175824175824176,0.175824175824176,0.000999000999000999,0.972029099290378,0.0279709007096216,0,0.972029099290378,0.0279709007096216,0,0.972029099290378,0,0.0279709007096216
"Sylvia undata",3510604.44108258,2236578.32032075,3498099.85141252,2275315.53246305,40705.4832593125,38737.2121423017,-12504.5896700565,371,373,0.93433712694278,1,0.88011988011988,0.88011988011988,1,1,0.865134865134865,0.865134865134865,1,0.000999000999000999,0.124875124875125,0.124875124875125,0.000999000999000999,0.000999000999000999,0.125874125874126,0.125874125874126,0.000999000999000999,0.953136749759701,0.0468632502402988,0.000612839253446323,0.953136749759701,0.0468632502402988,0.000612839253446323,0.952579987899195,0.000584136390341418,0.0468358757104637
"Tetrao urogallus",4737082.75287252,3839585.37780711,4778924.50579609,3885462.07299909,62091.8951994124,45876.6951919766,41841.7529235724,687,605,0.941280333018825,1,0.994005994005994,0.994005994005994,1,1,0.997002997002997,0.997002997002997,1,0.000999000999000999,0.003996003996004,0.003996003996004,0.000999000999000999,0.000999000999000999,0.002997002997003,0.002997002997003,0.000999000999000999,0.996097608953093,0.00390239104690702,0.00577746221153607,0.996097608953093,0.00390239104690702,0.00577746221153607,0.990365021345746,0.00575504604751734,0.00387993260673665
"Tringa nebularia",4728902.96711794,4514657.79515294,4751866.28952114,4486021.04267055,36706.6447462998,-28636.7524823938,22963.3224031972,351,364,0.947625875853957,1,0.933066933066933,0.933066933066933,1,0.999000999000999,0.928071928071928,0.928071928071928,1,0.001998001998002,0.0639360639360639,0.0639360639360639,0.000999000999000999,0.001998001998002,0.0689310689310689,0.0689310689310689,0.001998001998002,0.996358434147625,0.00364156585237486,0.00498560857898484,0.996358434147625,0.00364156585237486,0.00498560857898484,0.991408980438964,0.00496754334487581,0.00362347621615997
"Tringa totanus",4643414.67337684,3585344.82300516,4637718.44130651,3666646.31137963,81500.7918470892,81301.4883744665,-5696.23207032867,1153,1118,0.93454856999387,1,0.708291708291708,0.708291708291708,1,1,0.728271728271728,0.728271728271728,1,0.000999000999000999,0.283716283716284,0.283716283716284,0.000999000999000999,0.000999000999000999,0.273726273726274,0.273726273726274,0.000999000999000999,0.9981254563434,0.00187454365659988,0.000250525929035616,0.9981254563434,0.00187454365659988,0.000250525929035616,0.997875868660408,0.000250056424676475,0.00187407491491521
"Troglodytes troglodytes",4440223.33684715,3135938.14818971,4419482.61660273,3170384.40330226,40208.4812886087,34446.2551125512,-20740.7202444235,1972,1960,0.980021554517886,1,0.844155844155844,0.844155844155844,1,1,0.848151848151848,0.848151848151848,1,0.000999000999000999,0.158841158841159,0.158841158841159,0.000999000999000999,0.001998001998002,0.156843156843157,0.156843156843157,0.001998001998002,0.999734052716867,0.000265947283133092,0.000448755362903474,0.999734052716867,0.000265947283133092,0.000448755362903474,0.999285535959235,0.000448636071176511,0.000265827969588847
"Turdus iliacus",4752027.89397497,4185946.93022321,4695477.53532157,4330734.81296427,155439.615453931,144787.882741057,-56550.3586533964,710,610,0.893105460772967,1,1,1,1,1,1,1,1,0.000999000999000999,0.158841158841159,0.158841158841159,0.000999000999000999,0.000999000999000999,0.156843156843157,0.156843156843157,0.000999000999000999,1,0,0.0341422914064997,1,0,0.0341422914064997,0.9658577085935,0.0341422914064997,0
"Turdus philomelos",4560597.09985243,3311699.08592832,4531197.99643411,3271374.98467141,49903.3107516814,-40324.1012569144,-29399.1034183186,1844,1912,0.966181906137799,1,0.743256743256743,0.743256743256743,1,1,0.757242757242757,0.757242757242757,1,0.000999000999000999,0.263736263736264,0.263736263736264,0.000999000999000999,0.001998001998002,0.268731268731269,0.268731268731269,0.001998001998002,0.993320627991569,0.00667937200843153,0,0.993320627991569,0.00667937200843153,0,0.993320627991569,0,0.00667937200843153
"Turdus pilaris",4755739.90015432,3609258.69545663,4793122.48908209,3612686.57485361,37539.4234386131,3427.87939697877,37382.5889277784,1239,1229,0.968678629828021,1,0.865134865134865,0.865134865134865,1,1,0.867132867132867,0.867132867132867,1,0.001998001998002,0.128871128871129,0.128871128871129,0.001998001998002,0.000999000999000999,0.118881118881119,0.118881118881119,0.000999000999000999,0.997809819560952,0.00219018043904814,0.00271990442811543,0.997809819560952,0.00219018043904814,0.00271990442811543,0.99510180011681,0.00271396351394267,0.00218423636924761
"Turdus torquatus",4365449.90950041,3380810.15808803,4374168.06168771,3430420.56037581,50370.6084211492,49610.4022877845,8718.15218730085,451,419,0.940804852003771,1,0.996003996003996,0.996003996003996,1,1,0.996003996003996,0.996003996003996,1,0.000999000999000999,0.00599400599400599,0.00599400599400599,0.000999000999000999,0.000999000999000999,0.004995004995005,0.004995004995005,0.000999000999000999,0.999721268923741,0.00027873107625875,0.0108113827584268,0.999721268923741,0.00027873107625875,0.0108113827584268,0.988915879700373,0.0108084018608516,0.000275718438775438
"Turdus viscivorus",4405244.82134061,3138514.96897615,4432694.04269702,3187400.33710435,56064.5964054307,48885.3681282084,27449.2213564133,1730,1845,0.955243247053922,1,1,1,1,1,1,1,1,0.000999000999000999,0.321678321678322,0.321678321678322,0.000999000999000999,0.000999000999000999,0.315684315684316,0.315684315684316,0.000999000999000999,1,0,0.00232091905347254,1,0,0.00231451127507903,0.997679080946527,0.00232091905347254,0
"Vanellus vanellus",4600914.45540504,3409094.66079467,4603608.47053482,3367491.12343658,41690.670877611,-41603.537358088,2694.01512977667,1653,1600,0.970930776099275,1,0.825174825174825,0.825174825174825,1,1,0.776223776223776,0.776223776223776,1,0.000999000999000999,0.206793206793207,0.206793206793207,0.000999000999000999,0.001998001998002,0.197802197802198,0.197802197802198,0.001998001998002,0.999729074065008,0.000270925934991588,0.000416053139094466,0.999729074065008,0.000270925934991588,0.000416053139094466,0.999313246287675,0.000415940466393388,0.00027081324593183
