"species","Mass","Hand.Wing.Index","Trophic.Level","Habitat.Density","Range.Size","Migration","Centroid.Latitude","Centroid.Longitude","niche_breadth_zcor","region","range_shift","range_D","range_stability_std","range_unfilling_std","range_expansion_std","niche_D","niche_stability_std","niche_unfilling_std","niche_expansion_std","phylo_species"
"Accipiter cooperii",429.67,32.3,3,2,8393137.06,3,41.25,-100.49,5.59914642676188,"US",272443.379999463,0.660032403092298,0.909780068353772,0.0231929571637568,0.0670269744824716,0.671500846996562,0.899904104506043,0.0229473543552751,0.0693757638188186,"Accipiter cooperii"
"Accipiter striatus",130.59,30.7,3,1,16375303.87,3,34.35,-96.11,7.08975362297802,"US",760036.3795903,0.358417285628106,0.598144803978134,0.369470521063608,0.0323846749582586,0.231327544842822,0.483528179734794,0.379903512262196,0.0824078226754534,"Accipiter striatus"
"Actitis macularius",40.4,47.5,3,3,13627000.39,3,52.38,-107.73,6.4119324802356,"US",232607.563586844,0.739361535805147,0.948171722670162,0.0412133647718179,0.0106149125580197,0.635046693576995,0.911469833799615,0.0296921879119637,0.0104106475886138,"Actitis macularius"
"Aix sponsa",657.59,49.4,1,3,6191757.66,1,42.14,-92.18,5.54159502554522,"US",101460.21677262,0.851895057478075,0.969049755734071,7.25039064020665e-05,0.0308777403595273,0.732912519041627,0.887572944866149,0.0131228026188771,0.0793758014683079,"Aix sponsa"
"Ammodramus savannarum",17.61,21.1,2,3,5240933.14,2,40.3,-94.6,5.92047690740504,"US",138191.648424318,0.803075719815295,0.975368081675069,0.00762222386568341,0.0170096944592473,0.740862468678254,0.899055736557258,0.0240442685634518,0.0660034905410596,"Ammodramus savannarum"
"Anas acuta",944.62,57.8,1,3,28403500.77,3,59.6,26.95,5.910195894706,"US",278655.952750623,0.763719356093268,0.797037540040889,0.202962459959111,0,0.55588688461636,0.771959959025769,0.0204791109308096,0.199295392077046,"Anas acuta"
"Anas platyrhynchos",843.42,50.7,1,3,39707247.47,2,51.63,11.04,6.53177600439953,"US",86127.9722995336,0.896760886584716,0.987558362234855,0.00214177471903321,0.0102998630461114,0.787247128454015,0.932142097301975,0.0229783003622139,0.0277659636768467,"Anas platyrhynchos"
"Antrostomus carolinensis",109,51.5,3,2,1808676.44,3,33.91,-88.6,4.82750199132176,"US",45314.9108111201,0.86985816435246,0.948200169811825,0.0244842715984114,0.027315558589764,0.662619856009322,0.832852570921764,0.0580317327755324,0.0839847507762036,"Caprimulgus carolinensis"
"Antrostomus vociferus",53.3,46.1,3,1,3403564.97,3,42.29,-86.2,4.53991702799136,"US",154027.048016969,0.757101351301212,0.826168829624589,0.107813914301783,0.0660172560736281,0.431951014713162,0.673257555847644,0.184410756805965,0.0579853160564735,"Caprimulgus vociferus"
"Aphelocoma californica",85.74,14.1,2,2,2323260.89,1,34.81,-110.7,5.38528737432519,"US",17610.8574131529,0.958180804524485,0.99364833015145,0.0028114843199304,0.00354018552861967,0.728297421356257,0.702339729604126,0.155526551591746,0.124404092188553,"Aphelocoma californica"
"Archilochus alexandri",3.39,64.4,1,2,2369566.67,3,36.81,-111.12,4.33912985709702,"US",277518.19799391,0.815315063617971,0.872971209534766,0.0374306109055019,0.0895981795597318,0.594322383414385,0.620199445083078,0.138650117736431,0.23855342533205,"Archilochus alexandri"
"Archilochus colubris",3.09,65,2,2,4936988.47,3,41.87,-87.72,4.84644392334824,"US",60129.0073232716,0.852583545047433,0.963613943634536,0.0334618581606595,0.00292419820480471,0.757224194645102,0.931183815926098,0.0186197260765968,0.023375594147046,"Archilochus colubris"
"Ardea alba",871.33,32.1,3,3,74898555.49,2,10.02,28.87,8.19499279743384,"US",293078.260475855,0.813647448201388,0.943386873387944,0.0385990750851163,0.0180140515269399,0.70098929790673,0.919034468744903,0.00714328911461296,0.0408307023724649,"Casmerodius albus"
"Ardea herodias",2523.41,36.6,3,3,12219055.66,2,44.07,-99.18,6.69094535776624,"US",219639.923857236,0.794208150161778,0.985470634029203,0.0128184660657673,0.00171089990502972,0.725480535378052,0.953144908525626,0.0304290160556522,0.00196254889160703,"Ardea herodias"
"Baeolophus bicolor",21.6,16.1,3,1,2969712.5,1,36.97,-86.71,4.7406119203124,"US",91293.1608671786,0.89390028956309,0.975967571051526,0.00206155647503755,0.0219708724734367,0.749230488076226,0.933761746960348,0.0137937803752028,0.0307392750843126,"Baeolophus bicolor"
"Bartramia longicauda",158.92,52.9,3,3,3282893.45,3,49.36,-105.81,4.61699396123326,"US",284898.501092,0.777702978640798,0.831476334913213,0.163818771506856,0.00470489357993072,0.78574700582397,0.909186759665938,0.0737921300567765,0.0119170053783315,"Bartramia longicauda"
"Bombycilla cedrorum",31.58,35.1,1,2,7437954.14,3,47.88,-97.87,6.23244076641319,"US",121007.937226395,0.744459534115563,0.920763066583258,0,0.0792369334167421,0.666210345049422,0.889719530618888,0.00941445934772913,0.0850433734638497,"Bombycilla cedrorum"
"Bonasa umbellus",530.91,38.3,1,1,8071254.33,1,52.89,-105.75,6.37586056690751,"US",143471.119657,0.74514642415423,0.882949938719595,0.0710126201201152,0.0460374411602901,0.709408549597015,0.897644382837346,0.080403608628602,0.00203191832470143,"Bonasa umbellus"
"Botaurus lentiginosus",706,32,3,1,8778053.14,3,48.37,-97.84,5.48735689097468,"US",255373.396615636,0.805049158626452,0.945747012630072,0.0405304726635174,0.0137225147064108,0.806697807251164,0.94783721713476,0.00183960339677381,0.0455325542548496,"Botaurus lentiginosus"
"Branta canadensis",2811.68,49.4,1,3,12236810.45,3,53.3,-104.21,6.4875067366367,"US",273558.258618791,0.65317572744478,0.852574850610421,0.003408359812626,0.144016789576953,0.557452578263485,0.813985884449546,0.00803016208714999,0.159652133450456,"Branta canadensis"
"Bubo virginianus",1354.5,30.4,3,2,24426738.59,1,34.04,-94.19,7.31014671038593,"US",217828.449223838,0.864535898344083,0.991608336626612,0.00375853970064719,0.00463312367274133,0.704307111143666,0.926518984671809,0.00271525192416247,0.0460220837733054,"Bubo virginianus"
"Bubulcus ibis",365.95,29.9,3,3,62451101.72,2,5.1,-2.69,8.02520576773948,"US",143980.808719107,0.841754934684346,0.930663051965867,0.0229920864766755,0.0463448615574572,0.674565943972457,0.813696365874091,0.0502932650692551,0.0959527722127568,"Bubulcus ibis"
"Buteo jamaicensis",1101.16,34.1,3,2,15462822.34,3,45.5,-105.33,6.82572385887115,"US",122611.130837498,0.922729357623872,0.995457483317713,0.00295765427721335,0.00158486240507402,0.83540715594899,0.970144199751802,0.00410828325398457,0.0106897091436085,"Buteo jamaicensis"
"Buteo lineatus",603.72,33.4,3,1,3542030.5,3,37.72,-86.88,4.60286812655111,"US",116694.930734719,0.813645083421418,0.946924366689545,0,0.0530756333104549,0.729419169745626,0.916222432495869,0.00862905042470261,0.0493920771085834,"Buteo lineatus"
"Buteo platypterus",453.65,36.9,3,2,4864047.78,3,42.9,-87.09,5.07534589169445,"US",74526.9193070715,0.828495120490412,0.923890612888175,0.0135685525324199,0.0625408345794047,0.706415436343317,0.897287622390464,0.0127272769240711,0.0150117752334888,"Buteo platypterus"
"Buteo swainsoni",946.61,46.6,3,3,4303055.16,3,40.95,-107.07,5.11864664033002,"US",208422.206919232,0.881646852076588,0.913799062741913,0.0475617067058813,0.0386392305522059,0.662694192392887,0.835653768500583,0.00372972002996038,0.149036521102203,"Buteo swainsoni"
"Butorides virescens",201.5,29.8,3,3,53556698.29,1,7.56,7.37,8.10926555075925,"US",22483.3061037631,0.89188604166187,0.972636367511792,0.0273636324882082,0,0.825831932782995,0.955793119385404,0.021600843686786,0.0145185130818831,"Butorides virescens"
"Calamospiza melanocorys",37.6,24.3,2,3,1660961.79,3,43.6,-103.81,3.26154954600607,"US",169325.425335626,0.756235675363452,0.763047869675179,0.170922423014968,0.0660297073098529,0.778499943026619,0.886798727159515,0.0685200331563894,0.0442040113690271,"Calamospiza melanocorys"
"Callipepla californica",165.7,26.2,1,2,1087257.04,1,40.86,-118.9,5.99305234910375,"US",57419.8811669179,0.909048181772222,0.950654203785493,0.00861747066013392,0.040728325554373,0.660032876543957,0.724022979886431,0.178998583524745,0.0402761860632961,"Callipepla californica"
"Cardellina canadensis",10.04,25.9,3,1,2768373.43,3,49.78,-87.55,4.52714772553759,"US",154766.415006374,0.80416887123065,0.92660213642929,0.0733978635707103,0,0.665852827946056,0.743160999086275,0.00521959117890652,0.0997868044187294,"Wilsonia canadensis"
"Cardellina pusilla",6.96,20.7,3,1,7961357.24,3,56.95,-113.01,6.46983299855974,"US",170417.988498711,0.875124365925151,0.928330087134347,0.0518247558813646,0.0198451569842887,0.608721067374692,0.789029801871494,0,0.0217442128800952,"Wilsonia pusilla"
"Cardinalis cardinalis",42.64,15.5,1,2,5834572.06,1,34.85,-92.41,6.0942267524455,"US",37688.7165907636,0.935299177012131,0.995515577329151,0,0.00448442267084882,0.830461196060789,0.963938373678622,0.00519548672848182,0.0125544662455151,"Cardinalis cardinalis"
"Cathartes aura",1518.24,26.9,3,3,28126442.74,2,6.76,-77.26,7.65309730033699,"US",179973.812279263,0.773786685099819,0.962859335053031,0.00828385824751918,0.0288568066994492,0.708784714929437,0.941158194197204,0.00155573118825765,0.0428159070455632,"Cathartes aura"
"Catharus fuscescens",31.9,28.5,3,1,3681872.46,3,47.14,-95.63,5.29578401073187,"US",93158.1753920397,0.885948810109256,0.978222877621865,0.0189646682761506,0.00281245410198421,0.778441529429071,0.902674543733,0.0435661691362229,0.035463970158539,"Catharus fuscescens"
"Catharus guttatus",30.1,26.9,2,1,8383811.92,3,51.07,-107.41,6.42560637555252,"US",208350.138099278,0.864484969489237,0.984570637627253,0.0145222845827611,0.000907077789985686,0.559417884465627,0.860005656458876,0.0480887528158182,0.00977779047378535,"Catharus guttatus"
"Catharus ustulatus",30.3,30.6,2,1,489246.29,3,49.34,-125.97,6.19342965239804,"US",100586.361582991,0.671654979167535,0.821052191573156,0,0.178947808426844,0.599852506611632,0.844887626539529,0.0022205295999812,0.017612353650659,"Catharus ustulatus"
"Centronyx henslowii",12.8,15.6,2,3,1306487.74,2,40.85,-87.72,3.94596443121135,"US",490062.168986503,0.362855373315899,0.343239216965019,0.497909131308605,0.158851651726376,0.413358487263371,0.393580444318535,0.166151818626014,0.414891028143124,"Ammodramus henslowii"
"Certhia americana",8.1,24.1,3,1,6543644.5,1,45.97,-101.91,6.76515568947839,"US",360367.555774275,0.725859699866041,0.893126879827042,0.0145600709793626,0.0923130491935952,0.611241377674867,0.868665701701981,0.0132898625102604,0.00106333268580345,"Certhia americana"
"Chaetura pelagica",23.6,70.3,3,1,5841319.17,3,40.95,-88.88,4.94425562348376,"US",19232.9144617322,0.936663591897224,0.992935754016413,0,0.00706424598358689,0.837045121616759,0.958377959067129,0.0108143261877319,0.00554907683394291,"Chaetura pelagica"
"Chamaea fasciata",14.73,11.8,2,2,246063.25,1,37.92,-120.9,4.42538314433278,"US",19033.1945933101,0.895075248247884,0.932106299294237,0.016285070991079,0.0516086297146836,0.552584855224319,0.579342296621169,0.223932411911282,0.0832820665468309,"Chamaea fasciata"
"Chondestes grammacus",29,28.8,1,3,5604939.24,2,38.78,-103.76,4.8478454720973,"US",90498.3758524828,0.919326230101572,0.96316277901029,0.018521568303927,0.0183156526857832,0.820420710544161,0.943713932496982,0.0252425517817038,0.0286237572081906,"Chondestes grammacus"
"Chordeiles minor",79.3,60.7,3,3,13037233.58,3,45.23,-100.42,6.72323181185547,"US",319657.283603994,0.888163037256101,0.958809648010068,0.0282482639003778,0.0129420880895539,0.803884299969279,0.967970444869366,0.0143479480046707,0.00242593907930543,"Chordeiles minor"
"Circus hudsonius",392.98,44.6,3,3,12347245.55,3,52.86,-111.67,6.36477522411306,"US",120840.129426275,0.865131208130704,0.951455796288126,0.047988786484145,0.000555417227729251,0.800763204483238,0.920441530571333,0.0376618476560041,0.0228944108975055,"Circus cyaneus"
"Cistothorus palustris",10.8,20,3,3,4855077.99,2,44.47,-102.65,5.29721883685018,"US",77671.4275080341,0.781895055868412,0.938780276267309,0.0584843603509645,0.00273536338172614,0.644162623292979,0.915947236003111,0.0456699258391106,0.000101325546868518,"Cistothorus palustris"
"Coccyzus americanus",64,43,3,1,5270361.03,3,36.04,-90.96,5.76090428372962,"US",28324.0950690139,0.915655363711607,0.980973677804593,0.0190263221954071,0,0.85464483775187,0.952941604493954,0.0204813510900544,0.00508431889870701,"Coccyzus americanus"
"Coccyzus erythropthalmus",50.9,40.8,3,1,4944717.14,3,43.59,-90.65,4.67261304458766,"US",65408.5529365637,0.804399684022663,0.960016452081967,0.0397476775407404,0.000235870377292754,0.747204053432737,0.898347224253394,0.0418197477366289,0.0464763877901617,"Coccyzus erythropthalmus"
"Colaptes auratus auratus",131.46,24.8,3,2,10804791.76,2,50.48,-99.78,5.08152673589471,"US",60620.9587887067,0.869824836099631,0.976325831072316,0.0236741689276838,0,0.826489293893718,0.951417125628033,0.0092088410257747,0.00759313591890351,"Colaptes auratus"
"Colaptes auratus cafer",131.46,24.5,3,2,6674670.23,2,48.09,-119.63,6.70660211329115,"US",34381.4788335817,0.94176160424076,0.964490760977596,0.0353822889289057,0.000126950093497707,0.679332981301414,0.889981159063713,0.013794484255229,0.00393537299988206,"Colaptes auratus"
"Colinus virginianus",171.89,27.6,1,2,4364464.18,1,34.48,-91.61,6.16188549860115,"US",157014.134187163,0.895582490574002,0.955406293336036,0.0428856053761795,0.00170810128778424,0.816218779792982,0.925936082517858,0.0498456350246346,0.00413371002464303,"Colinus virginianus"
"Contopus cooperi",32.1,37.9,3,1,9652028.65,3,51.88,-110.87,6.46713237295482,"US",543956.19177419,0.775533328381974,0.814988765331583,0.171213871101004,0.013797363567413,0.678954811637573,0.87150681861979,0.00803596364438726,0,"Contopus cooperi"
"Contopus sordidulus",13.1,33.5,3,1,6939803.44,3,45.91,-116.12,6.82375700060592,"US",46733.0473573036,0.923988364095978,0.955067246276486,0.0331621703122379,0.0117705834112763,0.637933513115793,0.846000194990553,0.0572092127521848,0.0118022453308214,"Contopus sordidulus"
"Contopus virens",13.9,31,3,1,4080253.15,3,40.17,-86.94,4.63331084991891,"US",30600.8526173525,0.956164213140763,0.992422708981695,0.00254480476207276,0.00503248625623208,0.797063939635848,0.933507217501614,0.0138972198912786,0.031129749193369,"Contopus virens"
"Corvus corax",927.97,39.8,2,3,52288449.5,2,54.65,18.59,6.84899542360851,"US",457380.13589251,0.870037862502637,0.97303658515789,0.0192509876335156,0.00771242720859399,0.670543711004493,0.931067299844813,0.024760213141911,0.000815817497959009,"Corvus corax"
"Corvus ossifragus",284.6,36.3,2,3,970986.53,1,33.75,-84.16,4.7057093249693,"US",180073.893287063,0.784339148830571,0.847904466387349,0.00423662100944034,0.147858912603211,0.682050140873276,0.821847091962314,0.0877668723445446,0.056500167460376,"Corvus ossifragus"
"Cyanocitta cristata",88,17.4,2,2,6665383.16,1,43.18,-90.29,4.92657413661363,"US",30222.3637700034,0.937401023136058,0.988099118368489,0.0110411404069376,0.000859741224573397,0.799140832633795,0.941523858810788,0.00899049850295206,0.0238543278379456,"Cyanocitta cristata"
"Cyanocitta stelleri",128,13.6,2,1,3560822.24,1,41.95,-116.24,6.74970869398857,"US",14451.8349519533,0.948862583790321,0.981563010345628,0.00664515004085957,0.0117918396135121,0.637903738001803,0.83821840507378,0.0156538009352238,0.0170357153173552,"Cyanocitta stelleri"
"Dolichonyx oryzivorus",31.46,35.4,2,1,3883605.76,3,45.77,-93.09,4.9086835820104,"US",27493.0245860124,0.911646136796014,0.982478494600515,0.0116997524386731,0.00582175296081229,0.767850333597505,0.850684266533492,0.0138092722949644,0.11314773910307,"Dolichonyx oryzivorus"
"Dryobates pubescens",25.55,27,3,2,12800223.82,1,48.23,-104.67,6.4510583810275,"US",24069.1082635226,0.922974918538943,0.988886754967399,0.0015455018173119,0.00956774321528917,0.813207257404715,0.958388776339324,0.00930530343107894,0.0201436976992065,"Picoides pubescens"
"Dryobates scalaris",31.59,24.6,3,2,2902465.04,1,27.02,-103.2,6.37928445248803,"US",20951.7904683061,0.838112048588164,0.924410512177677,0.0662796863881204,0.00930980143420271,0.70383983788922,0.791994744785936,0.0414093977395703,0.164127694421937,"Picoides scalaris"
"Dryobates villosus",62.65,25.3,3,1,13332874.44,1,47.81,-105.59,6.73987501805451,"US",72819.0383063166,0.898396323942842,0.989008862907861,0.00573142173179627,0.00525971536034257,0.804829932367241,0.966863124426165,0.00645301927876808,0.00815095135188296,"Picoides villosus"
"Dryocopus pileatus",286.59,25.3,3,1,5925872.32,1,45.18,-93.77,5.98043972802167,"US",69681.3785919585,0.901374827343754,0.984535648210966,0.00757975520028754,0.00788459658874603,0.78270635999542,0.966608586075361,0.0013635897092721,0.0120394475417056,"Dryocopus pileatus"
"Dumetella carolinensis",35.3,18.6,2,1,6824562.12,3,42.61,-95.25,5.10730987038821,"US",38575.561232605,0.928980284388027,0.995079715563445,0.0018245586613722,0.00309572577518287,0.80920649925774,0.93466029651525,0.0248354556059231,0.0347593382431993,"Dumetella carolinensis"
"Empidonax alnorum",12.7,19.2,3,1,7110677.02,3,54.6,-104.41,5.92317396244804,"US",69841.0579433207,0.918631114977257,0.964165395766902,0.0340821296928098,0.00175247454028796,0.750510273548059,0.852398493128786,0.0192761525909005,0.0722843854331923,"Empidonax alnorum"
"Empidonax difficilis",10.7,21.8,3,1,864986.35,3,49.1,-123.85,6.22556398153077,"US",22106.1166320915,0.921320623082062,0.972875906776346,0.00651745571577177,0.0206066375078826,0.577773891636949,0.731683463022882,0.000814653096977056,0.062219220166838,"Empidonax difficilis"
"Empidonax hammondii",10.44,23.1,3,1,2762701.72,3,51.42,-125.11,6.39014932414284,"US",141127.199518522,0.787754925633925,0.855174985292072,0.0207977233819533,0.124027291325975,0.686216338429224,0.791185196779738,0.0469598159267702,0.0692585888745385,"Empidonax hammondii"
"Empidonax minimus",10,22.8,3,1,5753545.24,3,51.73,-102.26,5.46733616724415,"US",39131.1363782885,0.897593495870524,0.968545450957793,0.0266256946959637,0.00482885434624316,0.814076024652197,0.904497356462241,0.0176091754490587,0.0535422342495074,"Empidonax minimus"
"Empidonax oberholseri",10.4,18.7,3,2,2680790.46,3,44.18,-116.17,5.41054979844831,"US",84418.5726883122,0.796689282053034,0.891969130524918,0.046510825438743,0.061520044036339,0.542989428926692,0.692001124518023,0.183146830159455,0.0694911296445627,"Empidonax oberholseri"
"Empidonax traillii",13.39,23.5,3,2,7301691.61,3,42.25,-103.28,6.07337632224811,"US",48107.2228657249,0.873895787333889,0.968224823738524,0.0316357058407294,0.000139470420746621,0.703043604492897,0.903286455264,0.027254428567588,0.0538845354394955,"Empidonax traillii"
"Empidonax virescens",12.6,27.5,3,2,3006134.68,3,36.73,-87.99,4.77340556119721,"US",32515.3366327247,0.930183808413083,0.984127285833281,0.0120744492854898,0.0037982648812295,0.673769210945279,0.871465500596946,0.0275951138686591,0.0818353542509562,"Empidonax virescens"
"Eremophila alpestris",33.33,38.6,2,3,35118904.89,3,53.86,4.61,6.33238439870514,"US",105020.848238005,0.891006885725335,0.979821832071102,0.00305975651420294,0.0171184114146951,0.846800884098122,0.937552086389528,0.0164642818420468,0.0370461901185698,"Eremophila alpestris"
"Euphagus cyanocephalus",62.48,31.2,3,3,5280448.27,2,46.92,-110.63,5.75681177889386,"US",121809.020557268,0.899133765403722,0.960289847235348,0.0339733850246243,0.00573676774002794,0.66018503406396,0.893088099711324,0.0315387455922873,0,"Euphagus cyanocephalus"
"Falco sparverius",114.61,43.7,3,3,26638648.91,3,22.05,-87.91,7.30859178801667,"US",76791.2310199356,0.91406771937545,0.99658961413552,0.0030623550893068,0.000348030775173319,0.747528851804429,0.923906448189342,0.0156410031323939,0.0457741691322958,"Falco sparverius"
"Fulica americana",636.74,36.3,1,3,10934633.24,2,42.59,-104.08,6.65350846492481,"US",196278.220106076,0.812449047084962,0.916012761370687,0.083987238629313,0,0.591313155456394,0.804938426115409,0.166668357962797,0,"Fulica americana"
"Gallinago delicata",112.94,46.5,3,3,11985774.53,3,54.89,-111.33,6.41676896130454,"US",217804.714284858,0.875635909791417,0.938066470795015,0.0438358398633137,0.0180976893416711,0.732921219971122,0.938222619417013,0.0296572581152696,0.00724288184102826,"Gallinago gallinago"
"Gavia immer",4956.81,49.3,3,3,9453280.12,3,58.02,-101.26,6.49132467018099,"US",180433.549547366,0.472035617527157,0.69095638720133,0.30904361279867,0,0.345623565000786,0.693029019628355,0.0816050606508472,0.00480325706504366,"Gavia immer"
"Geococcyx californianus",376,6.5,3,2,3008009.53,1,30.77,-104.36,5.10042020745742,"US",295885.969235003,0.633363604090145,0.782872042395558,0.203530547097745,0.0135974105066971,0.725021182366615,0.740915057098986,0.0837611765035978,0.154617579781452,"Geococcyx californianus"
"Geothlypis formosa",14,24.9,3,1,1970256.38,3,36.24,-86.53,4.49709803892323,"US",169796.660214332,0.851489647348397,0.954355334362893,0.0437974008071941,0.00184726482991343,0.711060851093914,0.856507438177276,0.0918878857346614,0.0342469106279435,"Oporornis formosus"
"Geothlypis philadelphia",11.74,25.3,3,1,2709565.27,3,49.89,-89.66,4.4569092073631,"US",124701.556486039,0.894526129412582,0.973207908782195,0,0.0267920912178046,0.685353918460947,0.799402138846963,0.00404611127862679,0.103114043067295,"Oporornis philadelphia"
"Geothlypis tolmiei",10.4,22.9,3,1,2622229.48,3,47.17,-118.73,6.24941205851479,"US",80445.8811648839,0.936710652580961,0.956397751027458,0.0306477862122635,0.0129544627602782,0.605953822352252,0.776220789659626,0,0.077847783831381,"Oporornis tolmiei"
"Geothlypis trichas",9.54,16.1,3,1,12826786.25,3,44.7,-101.34,6.43953438882946,"US",47590.9427080849,0.940406943553352,0.990107160948628,0.00178355563403831,0.00810928341733331,0.787221971079887,0.962046517243572,0.000794527912283045,0.0213281201978552,"Geothlypis trichas"
"Haemorhous cassinii",26.5,28.8,1,2,1502229.58,1,43.11,-114.16,4.23909829881909,"US",67058.3592486878,0.844346233392758,0.927705848025784,0.0472316330186802,0.0250625189555357,0.347893080235218,0.541127167998861,0.409234571364253,0.00842456366310405,"Carpodacus cassinii"
"Haemorhous mexicanus",21.4,27.5,1,2,10299459.91,2,38.88,-100.57,6.17828947703563,"US",231777.319548025,0.606838403284859,0.67080647898244,0.0260712456867696,0.30312227533079,0.746201194535757,0.929428501032674,0.0174836966357237,0.0425133971427645,"Carpodacus mexicanus"
"Haemorhous purpureus",23.3,28.1,1,2,4534365.72,2,50.66,-99.96,6.36335737719494,"US",50786.2482939529,0.912894038400852,0.97446214970388,0.0254573307609522,8.05195351675386e-05,0.652839381234335,0.893842423630233,0.00208903206442198,0.00610524808456959,"Carpodacus purpureus"
"Helmitheros vermivorum",14.16,26.2,3,1,1754178.4,3,36.37,-85.71,4.42437050692638,"US",41543.3748968179,0.881207810693896,0.965527166754298,0.0276568086629582,0.00681602458274436,0.572357306985316,0.755286685262799,0.185840124640609,0.00615853885805356,"Helmitheros vermivorum"
"Hylocichla mustelina",50.09,26.9,2,1,3494414.7,3,40.05,-83.73,4.53761203824235,"US",35251.5553255663,0.943250844168386,0.987750919481806,0.00708534907664233,0.00516373144155177,0.774001928024722,0.917533295537715,0.0506093907462499,0.00587834824116374,"Hylocichla mustelina"
"Icteria virens",24.89,21.3,3,2,6188045.96,1,38.56,-103.26,5.49532380311209,"US",131622.228566538,0.833797101691591,0.964799223960332,0.018867468137555,0.0163333079021133,0.721913752425091,0.91953122393261,0.0249485233639253,0.0523995921473971,"Icteria virens"
"Icterus bullockii",37.9,26.3,3,2,3649427.51,3,38.26,-110.62,4.81460602065324,"US",90372.4294173588,0.903437202503863,0.955812375859558,0.021663273439151,0.0225243507012907,0.625532971555175,0.77358462547234,0.199395214395468,0.000211057753567119,"Icterus bullockii"
"Icterus galbula",32.83,27.4,2,1,4604558.64,3,43.69,-91.8,4.62859655567306,"US",9622.11081964529,0.910886396411451,0.989388256705659,0.00821869590814761,0.00239304738619332,0.769427697710414,0.899785977344934,0.0399547004608085,0.0457361487309609,"Icterus galbula"
"Icterus spurius",19.44,26.9,3,2,4790205.22,3,36.74,-92.53,5.29584426867636,"US",94858.2883310988,0.859084576228566,0.940469150177161,0,0.0595308498228391,0.758641908831692,0.936210634226235,0.000650694744844848,0.0418770597483964,"Icterus spurius"
"Junco hyemalis hyemalis",19.5,21.9,1,2,10167654.77,3,53.3,-109.7,6.43125694485862,"US",159408.132680287,0.746073542296913,0.848581404896914,0.149512409125326,0.00190618597775959,0.596935443249246,0.644774735779181,0.087546780315914,0.0861163852218021,"Junco hyemalis"
"Junco hyemalis oreganus",19.5,21.9,1,2,10167654.77,3,53.3,-109.7,6.43125694485862,"US",48175.8301546202,0.93191356436717,0.963752501931863,0.0264052457105765,0.00984225235756063,0.694629107684739,0.876546929823405,0.00291564027972509,0.0168185418447955,"Junco hyemalis"
"Lanius ludovicianus",51.59,22.6,3,3,8852504.29,3,38.03,-101.11,5.73796377598892,"US",391337.074383575,0.736949428381892,0.967553981132257,0.0272702010042163,0.00517581786352708,0.679042179064309,0.911674924848097,0.0166997543859691,0.0223388654309445,"Lanius ludovicianus"
"Larus delawarensis",516.31,56.2,3,3,5396423.36,2,50.01,-101.06,5.42486532725838,"US",209471.949492275,0.72686639869156,0.871098139679483,0.128803837110544,9.80232099727402e-05,0.493821728887399,0.805861349970225,0.176004927660209,0,"Larus delawarensis"
"Leiothlypis celata",9.19,23,3,1,7482895.14,3,54.4,-116.99,6.49839255186777,"US",54249.6454475059,0.81924849553218,0.908641690359187,0.0870038323711252,0.00435447726968784,0.671941937652493,0.858320835867049,0,0.0297155752965,"Vermivora celata"
"Leiothlypis ruficapilla",8.09,23.6,3,1,2772463.48,3,47.87,-88.86,5.11342833521798,"US",263491.293575638,0.836216954709586,0.932896373589843,0.0669918774040428,0.000111749006113868,0.615693507251909,0.870771094679846,0.0315289364602959,0.0124730508039193,"Vermivora ruficapilla"
"Loxia curvirostra",38.29,37.6,1,1,22671334.66,2,52.38,24.37,6.85702191415334,"US",550867.70448012,0.721014003944685,0.841446031478862,0.0438609090096909,0.114693059511447,0.493815774387395,0.742028150114519,0.0279093884825136,0.117039778640954,"Loxia curvirostra"
"Mareca strepera",915.58,54.8,1,3,18552362.65,2,49.62,29.99,5.61453181986399,"US",117199.790871931,0.626098356461056,0.738524105098542,0,0.261475894901458,0.694111982806995,0.850398143862324,0.0544105391201256,0.0663227429302621,"Anas strepera"
"Megaceryle alcyon",148,33.6,3,3,13996585.38,2,50.37,-106.94,6.43768863243623,"US",78504.9463054969,0.843004754511304,0.976084399537434,0.0239156004625659,0,0.770057465204989,0.958278817688476,0.010229768418532,0.0141011580993427,"Megaceryle alcyon"
"Megascops asio",179.99,28.8,3,2,4938942.17,1,38.29,-91.47,5.25255117867307,"US",59065.3269545629,0.710711700775264,0.829307726147957,0.0765000890151845,0.0941921848368586,0.477764579747059,0.582074996159194,0.203093238300117,0.14722593894745,"Megascops asio"
"Melanerpes carolinus",69.5,28.2,2,1,3074161.82,1,36.96,-88,4.81147424873465,"US",156372.375812857,0.817947732706136,0.950268005403459,0,0.049731994596541,0.694749046282952,0.920152648945602,0.000273988221964595,0.0557120899869588,"Melanerpes carolinus"
"Melanerpes erythrocephalus",71.6,29.1,3,1,5461683.2,1,40.26,-93.26,5.0250226534381,"US",132694.167751891,0.819363453000819,0.943353502100762,0.0485039334275954,0.00814256447164219,0.751958055305516,0.911202184971788,0.037641666794695,0.0314945018983425,"Melanerpes erythrocephalus"
"Meleagris gallopavo",5791.37,26,1,2,7259958.92,1,37.44,-98.2,5.82818777872604,"US",278081.310764382,0.616378329897729,0.890308496108848,0,0.109691503891152,0.535533576369712,0.84590673775209,0.00177759575356324,0.127577171781113,"Meleagris gallopavo"
"Melospiza georgiana",16.1,19.1,2,2,6032762.64,3,51.29,-92.76,4.61221774185793,"US",62220.1259909016,0.858102961631847,0.953998014096225,0.0146227099873402,0.0313792759164345,0.806407498816964,0.908909053867031,0.019110783850761,0.0501318870403008,"Melospiza georgiana"
"Melospiza melodia",21.91,20.1,2,2,10313728.38,2,47.88,-103.48,6.50416758416866,"US",30359.6569913487,0.944944608009797,0.998385931885999,0.00142748865173705,0.000186579462264309,0.797977561021826,0.943341016308995,0.0145483691537246,0.0209450114249761,"Melospiza melodia"
"Mimus polyglottos",48.5,20.6,2,2,10145517.51,3,37.86,-98.85,6.16698810229381,"US",36679.6906860719,0.933093542320706,0.987599461431987,0.000472351011170304,0.0119281875568424,0.771885360459208,0.945627685822595,0.0176295705660526,0.0135616107949198,"Mimus polyglottos"
"Mniotilta varia",10.9,25.5,3,1,5385503.08,3,48.07,-92.35,4.61082907936298,"US",72458.1626955393,0.908314354777621,0.98336984389097,0.0121907173800657,0.00443943872896474,0.699736357239612,0.893802835611531,0.028556341467199,0.0133325681045163,"Mniotilta varia"
"Myiarchus cinerascens",28.2,20.4,3,2,3499111.39,3,34.01,-109.65,5.03391100331029,"US",47346.4136250738,0.959828270040889,0.984037884126369,0.00287867656305719,0.0130834393105744,0.73003432219637,0.848567111887814,0.104421169331436,0.0203082321996022,"Myiarchus cinerascens"
"Myiarchus crinitus",32.1,21.4,2,1,5137539.15,3,40.77,-88.84,4.91348420856108,"US",35103.3762613625,0.95981874069558,0.995649698316499,0.00176722670785047,0.00258307497565085,0.818355638459607,0.947711432351497,0.0115814562223999,0.0161150694549619,"Myiarchus crinitus"
"Pandion haliaetus",1483.2,44.9,3,3,31298390.01,3,49.18,25.45,7.60554601511429,"US",56084.6520263636,0.836511369695475,0.949620169050528,0.0150888308446973,0.0352910001047742,0.51137790562372,0.815357378780985,0.00862373165139892,0.141560757922253,"Pandion haliaetus"
"Parkesia motacilla",19.9,29.7,3,1,2411690.61,3,37.78,-85.92,4.39708113835951,"US",59194.7715511677,0.87514603749817,0.974521540763445,0.0233619001114428,0.00211655912511176,0.646883462308591,0.857478784070977,0.0715260355248959,0.0337135009450769,"Seiurus motacilla"
"Parkesia noveboracensis",16.3,28,3,1,7602956.73,3,55.55,-106.16,5.94575721262633,"US",62984.5412862289,0.857444588231128,0.940266600844948,0.0425453218893595,0.0171880772656929,0.717930881587534,0.869062735585238,0.00858701380617356,0.0852410219558093,"Seiurus_noveboracensis"
"Passerculus sandwichensis",19.97,24.1,2,3,13598359.75,3,54.37,-108.21,6.48409578710744,"US",24841.8741568629,0.923358510058291,0.990347570122804,0.00302608221418263,0.00662634766301285,0.763869411703543,0.927581546535855,0.0172905377263204,0.0398780312178824,"Passerculus sandwichensis"
"Passerina amoena",15.49,23.4,1,2,2824052.43,3,43.16,-112.04,4.38409394109529,"US",118294.344727089,0.874182427888496,0.953730179374055,0.0446926838179018,0.00157713680804333,0.759926299864286,0.910024200338593,0.0304811505592163,0.0101494254254002,"Passerina amoena"
"Passerina caerulea",27.39,22.9,3,2,5300267.2,3,32.93,-98.5,6.12254121905805,"US",99498.9121696484,0.876433356115252,0.969402615922658,0.000154845507336395,0.0304425385700052,0.797368596235665,0.960588701246325,0.00351987068147241,0.0108252551052022,"Passerina caerulea"
"Passerina ciris",15.54,21.6,1,2,1410893.89,3,32.24,-97.06,5.28392644340129,"US",114962.313647607,0.859414871973176,0.914641918726536,0,0.0853580812734636,0.793969569101977,0.768075882372414,0.00470951993236684,0.214094243277661,"Passerina ciris"
"Passerina cyanea",14.69,22.5,1,2,5700834.65,3,39.21,-91.56,5.02489338468865,"US",9691.11608175566,0.952592501472966,0.99407677313042,0.00232925175267805,0.00359397511690148,0.812205828269317,0.944979947854836,0.013921396009396,0.0256389856261431,"Passerina cyanea"
"Patagioenas fasciata",366.3,36.2,1,2,2624630.54,1,32.56,-109.86,6.43476527028678,"US",69726.0583037605,0.84742396970505,0.940881215204188,0.0218704163503037,0.037248368445508,0.612199685389725,0.696001977357014,0,0.136160508067387,"Patagioenas fasciata"
"Petrochelidon pyrrhonota",21.6,49,3,3,11994340.08,3,46.7,-108.51,6.55741802112413,"US",259783.922427281,0.779733606801853,0.949244153016427,0.0189885914237725,0.0317672555598002,0.726142220559659,0.961570869973434,0.00957316983273126,0.00207419519019168,"Petrochelidon pyrrhonota"
"Peucaea cassinii",18.9,16.4,2,3,2032508.77,2,31.99,-103.38,4.72444390452172,"US",19636.6856110871,0.958397083243397,0.985131618465501,0.00489206355046437,0.00997631798403429,0.753275387983408,0.767792242421641,0.0759366167332548,0.156271140845104,"Aimophila cassinii"
"Phalacrocorax auritus",1806.49,40.8,3,3,4311610.21,2,46.01,-102.5,6.30542820016898,"US",245446.129776741,0.662265079590102,0.858351215245799,0.118134404453962,0.0235143803002385,0.632601299582791,0.856715285530505,0.0657976593590773,0.0296371024949992,"Phalacrocorax auritus"
"Pheucticus ludovicianus",42,26.5,1,2,3980871.24,3,47.76,-96.18,4.63424017181207,"US",8952.19289383609,0.927903540926654,0.982854110160103,0.0171458898398966,0,0.786712951761962,0.918633655448339,0.0164119288818376,0.03416144571029,"Pheucticus ludovicianus"
"Pheucticus melanocephalus",47.13,24.2,3,2,4524419.42,3,39.12,-109.95,5.89982222466708,"US",76124.4248330125,0.90200762520737,0.935370689895536,0.0155109407265264,0.0491183693779376,0.642976829024289,0.842399934602878,0.00289513431105844,0.00617836853380913,"Pheucticus melanocephalus"
"Pica hudsonia",177.12,24.6,2,3,6726173.66,1,49.66,-114.6,6.15197115641739,"US",147289.724142523,0.888811589025291,0.833393372147924,0.143167228084843,0.0234393997672327,0.782960639416659,0.913886594160625,0.0411668861027079,0.0442182091816302,"Pica hudsonia"
"Pipilo chlorurus",29.4,16.8,2,2,1737517.52,3,39.82,-112.47,3.4846918717379,"US",9265.24663202553,0.908669952777872,0.931925908563026,0.0587265160607036,0.00934757537627007,0.690518079877074,0.850016066162907,0.101450348465968,0.0182042077400939,"Pipilo chlorurus"
"Pipilo erythrophthalmus",40.03,13.6,1,2,3162018.06,2,39.13,-85.4,4.75863080932208,"US",94528.3165137761,0.90278509505149,0.97797014778935,0.00294499098142555,0.019084861229224,0.704435465324987,0.900110718432846,0.0320601824361868,0.0325335255456505,"Pipilo erythrophthalmus"
"Pipilo maculatus",39.28,13.7,2,2,3630810.42,2,41.83,-112.1,6.26555030793338,"US",94340.3285172743,0.914937801632062,0.962867589429266,0.000631036847705635,0.0365013737230281,0.570381839714682,0.818325752468741,0.0339720480534267,0.00139360085361245,"Pipilo maculatus"
"Piranga ludoviciana",28.1,28.6,3,1,3662121.88,3,48.1,-116.44,6.31997378397603,"US",18678.6635815368,0.894445623602864,0.945902016163447,0.0147837876807224,0.0393141961558302,0.688521010433953,0.876421174898932,0.00194956416769716,0.0152931197769255,"Piranga ludoviciana"
"Piranga olivacea",28.2,30.9,3,1,2605301.09,3,41.72,-85.13,4.3853383129598,"US",26184.2529492291,0.934182078132077,0.97874997691958,0.0170096722389295,0.00424035084149012,0.736911241678972,0.9103060869064,0.0284193866046635,0.0242366248022385,"Piranga olivacea"
"Piranga rubra",29.13,29.2,3,1,3269576.69,3,33.47,-93.77,5.42922695520209,"US",105466.683179862,0.898222095997113,0.983993662103551,0.00232727486815441,0.0136790630282943,0.819742328416655,0.957362295138076,0.0124625273363923,0.0170605012742459,"Piranga rubra"
"Podilymbus podiceps",411.93,34,3,3,21361785.48,2,21.61,-86.81,7.31424542419271,"US",142634.963841944,0.804225801971339,0.885371167902822,0.0699980533756178,0.0446307787215596,0.663226514025304,0.862384926999964,0.106751243349645,0.000141738956569768,"Podilymbus podiceps"
"Poecile atricapillus",10.8,18.6,2,1,9078514.18,1,50.08,-104.99,6.2144226819738,"US",22695.2321459682,0.888798637766143,0.979068440959183,0.00113955220007916,0.0197920068407378,0.807310585154636,0.939675008867876,0.0112075277449255,0.0285743750889319,"Parus atricapillus"
"Poecile carolinensis",9.99,19.5,2,2,2312694.52,1,34.9,-88.36,4.78263463990014,"US",20872.8828657237,0.960018930033551,0.992641359530623,0.000571447258811677,0.00678719321056489,0.794251950511917,0.901786834799921,0.0486979716175774,0.0311077349608465,"Parus carolinensis"
"Poecile gambeli",11.19,19.2,2,1,2711124.48,1,44.25,-115.84,6.04181911645373,"US",50892.5844979621,0.907615699479588,0.968977534778243,0.00596657413307067,0.0250558910886864,0.701123867540069,0.831251474807854,0.137923210068423,0.0138269310793198,"Parus gambeli"
"Polioptila caerulea",5.8,19.1,3,2,6582606.18,3,33.81,-96.34,6.27616770841751,"US",89328.2577883816,0.840380585810531,0.984114440669024,0.00772451178270144,0.00816104754827485,0.705472662645723,0.931713649789099,0.00316818822612025,0.0445681920569045,"Polioptila caerulea"
"Pooecetes gramineus",25.68,23.9,2,3,6371227.47,3,46,-100.57,4.75293813184312,"US",229297.487182993,0.770315024355063,0.932197967050132,0.067802032949868,0,0.806275584593332,0.947335409151334,0.0128173673981536,0.0318914767004593,"Pooecetes gramineus"
"Porzana carolina",74.8,33.4,2,1,9780642.26,3,48.73,-101.49,6.20806459489221,"US",156532.60242348,0.837265718041382,0.906475569061106,0.0930999428604841,0.000424488078409704,0.716395762541812,0.884926526956855,0.0454226026847991,0.0689911903358094,"Porzana carolina"
"Progne subis",53.79,52,3,2,5698973.38,1,39.33,-93.05,5.56409074404745,"US",151633.080457428,0.791082338477138,0.961847672105039,0.0368993409749746,0.00125298691998637,0.764996698146438,0.928784893927853,0.0463275673925977,0.018971232775593,"Progne subis"
"Protonotaria citrea",14.3,30,3,1,2173071.74,3,36.53,-88.1,4.68394888180864,"US",163087.507775363,0.741688786772913,0.93374245400874,0.0296121128279356,0.0366454331633244,0.708121741203039,0.876206003640437,0.0376667443999183,0.061226551420406,"Protonotaria citrea"
"Psaltriparus minimus",5.3,19.4,3,2,2692275.52,1,34.37,-110.86,6.16346390253152,"US",164971.977166511,0.686360184470882,0.787310249134323,0.00962695491486707,0.20306279595081,0.523609487647132,0.515619753593635,0.128274069646108,0.138578602307601,"Psaltriparus minimus"
"Quiscalus mexicanus",160.47,26.8,2,3,5121812.21,1,29.28,-101.43,6.80785067388348,"US",244343.56999675,0.49109857607271,0.626870965794898,0.000225531143639819,0.372903503061462,0.657662896857036,0.787973739366306,0,0.164367586200634,"Quiscalus mexicanus"
"Quiscalus quiscula",105.18,25.9,3,3,8216640.27,2,44.95,-93.93,4.97092382925559,"US",10090.9931883183,0.958795390245799,0.994722209065169,0.000600732742060979,0.00467705819276987,0.832166719708147,0.959118187739001,0.00530792056532405,0.00912104551162319,"Quiscalus quiscula"
"Regulus satrapa",6.19,23.6,3,1,6348089.15,3,49.81,-105.16,6.6614029517628,"US",705031.071892989,0.678877851776291,0.848996102197603,0.0881852149441639,0.0628186828582333,0.627872097742125,0.861743673241219,0.00373722801684451,0.00124239647614866,"Regulus satrapa"
"Riparia riparia",12.68,53,3,3,36583654.61,3,54.72,29.5,6.08240730275056,"US",418328.492625581,0.767227647501816,0.967375255138046,0.0302884423042039,0.00233630255775014,0.690931172501148,0.912359886948958,0.0429820628519128,0.0409239745515511,"Riparia riparia"
"Salpinctes obsoletus",16.37,17.3,3,3,5424173.4,1,37.18,-108.97,5.75408104280176,"US",39933.9612216765,0.910314462809704,0.944459623266413,0.0532892805119199,0.00225109622166667,0.54934071462273,0.776389841653168,0.185787695225303,0.00348181320233133,"Salpinctes obsoletus"
"Sayornis phoebe",19.7,20.6,3,2,6246276.45,3,47.3,-95.73,4.64298411966208,"US",52612.0787235972,0.816971429850736,0.949978128479695,0,0.0500218715203046,0.770890745087958,0.92936447629147,0.00812860724889192,0.0439438903366002,"Sayornis phoebe"
"Sayornis saya",20.9,25.6,3,3,7204273.9,3,51.2,-122.26,6.06706333242045,"US",103765.200820794,0.870128584695596,0.912760987945278,0.0524331609872501,0.0348058510674719,0.738646500137986,0.930202724121359,0.0563694070527494,0.00403301428499882,"Sayornis saya"
"Seiurus aurocapilla",18.8,24.9,3,1,5222797.22,3,47.01,-92.45,4.60226821509306,"US",12349.7455899481,0.945996320731904,0.992576640350988,0.00397948473908647,0.00344387490992545,0.777682530407915,0.939730183359604,0.013317891845313,0.00614324907633557,"Seiurus aurocapilla"
"Setophaga americana",7.84,28.1,3,2,3355702.9,3,39.96,-84.17,4.75687949010403,"US",98639.0284420008,0.821574688853519,0.94902735361066,0,0.0509726463893402,0.673669363662302,0.910935792032986,0.000279905976457274,0.0176713726799049,"Parula americana"
"Setophaga caerulescens",10.14,24.1,3,1,1168234.94,3,44.91,-77.04,4.253990156438,"US",65931.35954274,0.868317614577268,0.967218527753736,0.0186015823888222,0.0141798898574419,0.627227636290962,0.709645603889258,0.0391525890203098,0.130570261004826,"Dendroica caerulescens"
"Setophaga cerulea",9.04,33.2,3,1,1849163.51,3,40.57,-85.47,4.16615555436718,"US",142275.635038075,0.684656780027312,0.750333764270835,0,0.249666235729165,0.378251273153842,0.523319585856074,0.0481107135751672,0.37571003165991,"Dendroica cerulea"
"Setophaga citrina",10.54,21.5,3,2,2007300.04,3,36.02,-85.15,4.49063253390145,"US",107152.12993207,0.841683196445277,0.94928552900538,0,0.0507144709946201,0.618901554843569,0.867123996297523,0.0470806094772018,0.0223235316214308,"Wilsonia citrina"
"Setophaga coronata audoboni",11.94,25.8,3,1,3237248.7,3,45.14,-117.01,6.44163818877856,"US",64464.769363575,0.906120852062174,0.967328224018682,0.000572406008881241,0.0320993699724368,0.526920177270705,0.780185425369039,0.0782274278320577,0.0121284880810309,"Dendroica coronata"
"Setophaga coronata coronata",11.94,24.5,3,1,7207362.84,3,56.68,-107.87,5.79138301364382,"US",75859.383457856,0.858764714677174,0.869528220574324,0.00209521867357098,0.128376560752105,0.726450990532449,0.71223306672424,0.00336447265596315,0.206330684136042,"Dendroica coronata"
"Setophaga discolor",7.64,20,3,2,1565603.51,3,35.89,-83.73,4.336897952824,"US",21168.7074404686,0.888226135187755,0.972434637176748,0.0275653628232518,0,0.744546714035,0.836855209922406,0.13155350646302,0.011735187399333,"Dendroica discolor"
"Setophaga dominica",9.69,27.7,3,2,1925341.63,3,35.34,-87.05,4.61001112461129,"US",139894.235105488,0.770121524064002,0.891999668064956,0.0023128432687947,0.105687488666249,0.575096667197792,0.8146266894941,0.0698739538446074,0.0514291995414873,"Dendroica dominica"
"Setophaga fusca",9.74,32.4,3,1,2026720.02,3,47.11,-82.52,4.40329050232528,"US",62195.2004464718,0.815204526769535,0.858537737977731,0,0.141462262022269,0.603338836430922,0.654766474349582,0.000948949356718328,0.2142730997215,"Dendroica fusca"
"Setophaga magnolia",8.14,21.1,3,1,3661483.1,3,52.19,-95.33,4.47828187433965,"US",108040.65706779,0.838790745561995,0.946285442163749,0.0421461402763673,0.011568417559884,0.648642994723794,0.712144745397754,0.00113523354111737,0.141488488385877,"Dendroica magnolia"
"Setophaga nigrescens",8.7,23.4,3,1,1793686,3,40.07,-115.37,5.62690443804878,"US",27007.351906286,0.859326531515638,0.950293170910194,0.0115943655783489,0.0381124635114574,0.611273622690885,0.8021125075686,0.0111982265823839,0.0236927414154697,"Dendroica nigrescens"
"Setophaga pensylvanica",9.29,26.6,3,2,2422614.2,3,47.41,-83.82,4.4660484751084,"US",43249.8484095949,0.889373739224948,0.909327720282399,0.0904918976510603,0.000180382066541005,0.781806843383623,0.917397535457378,0.0030642578156691,0.0146970660678791,"Dendroica pensylvanica"
"Setophaga petechia",10.22,23.6,3,1,15552185.22,3,50.59,-108.69,7.03440801920339,"US",87397.6022080236,0.9161298513184,0.988468713435665,0.0108185880990743,0.000712698465260796,0.786819577695826,0.940819318083699,0.0228612475153931,0.0144555981958563,"Dendroica petechia"
"Setophaga pinus",11.79,28.6,3,2,2073441.98,3,38.54,-83.72,4.95448118987167,"US",167398.055557591,0.754957984260893,0.910958460292748,0,0.0890415397072523,0.585183923128871,0.890660566897741,0.00519360768738406,0.050813734228425,"Dendroica pinus"
"Setophaga ruticilla",8.24,24.6,3,1,6675504.95,3,47.72,-98.09,5.44858395002817,"US",62520.9374972612,0.85842059802753,0.980116706487729,0.00440857917447477,0.0154747143377959,0.743898741577874,0.928183794525579,0.0223439118325935,0.0282432117422378,"Setophaga ruticilla"
"Setophaga virens",8.69,26.5,2,1,3340613.66,3,49.03,-84.73,4.56768535788384,"US",39251.8481370492,0.90309762413859,0.947079662853133,0,0.0529203371468673,0.717177757837234,0.838747537534053,0.0115060238194744,0.0541900661959576,"Dendroica virens"
"Sialia currucoides",29.6,36.6,2,3,4376669.8,3,49.97,-118.28,5.43909385559401,"US",51827.7238484694,0.801806914401806,0.833434303537243,0,0.166565696462757,0.84346496746017,0.924169690100003,0.0390144894670319,0.0352630880334938,"Sialia currucoides"
"Sialia mexicana",26.44,37.2,2,3,1779665.7,2,36.28,-112.01,5.57216965270622,"US",53210.5061601353,0.791912934086792,0.819038423834222,0.108963306621237,0.0719982695445414,0.632192957627651,0.646386013303447,0.189720278151854,0.0918504819125371,"Sialia mexicana"
"Sialia sialis",27.5,32.8,3,2,5460000,2,38.51,-89.69,5.99402780505351,"US",91935.4839934029,0.877032481289677,0.986725877092461,0.00116128943156916,0.0121128334759703,0.760864673355696,0.938381800141176,0.0109676967125725,0.0318352179979855,"Sialia sialis"
"Sitta canadensis",9.8,26.2,2,1,7299100.07,3,49.37,-105.04,6.46215561906524,"US",213493.587014617,0.907468490612988,0.985413946264236,0.00820113015400155,0.00638492358176225,0.574752006891194,0.869179764642854,0.0352179255672548,0.0135495534050937,"Sitta canadensis"
"Sitta carolinensis",21,31.2,2,1,8811748.35,1,43.04,-102.26,5.69147853258488,"US",46768.8034895268,0.917575167981886,0.988990344527823,0.0081667562086271,0.00284289926355008,0.749438071971214,0.917941314147185,0.0129555153560521,0.0602788255618095,"Sitta carolinensis"
"Sitta pusilla",10.2,23.3,2,1,891316.4,1,32.71,-85.64,4.56946268706628,"US",88548.1091684849,0.878796210840402,0.940380455895771,0.0293786876679525,0.0302408564362765,0.644781623317088,0.701204595460802,0.183204755738786,0.0880856130423763,"Sitta pusilla"
"Spatula clypeata",612.56,58,2,3,27068888.24,3,55.88,22.06,6.28894161569208,"US",81992.6589250106,0.657180299428143,0.758332564850447,0.241667435149553,0,0.378915534348026,0.59159829256974,0.392944763389923,0,"Anas clypeata"
"Spatula discors",359.44,53.8,2,3,8349222.13,3,48.81,-105.19,6.02765840143048,"US",187559.894343086,0.741816926011005,0.800168702657625,0.157775433595957,0.0420558637464184,0.739194447873228,0.877604960447371,0.0583231008285354,0.0636240288629785,"Anas discors"
"Sphyrapicus varius",50.3,33.9,2,1,4472315.75,3,52.85,-98.93,4.5383383094273,"US",81278.7168132735,0.797151504622402,0.850480472836001,0,0.149519527163999,0.596417037378369,0.594700222006592,0.000509303721278073,0.327171516068258,"Sphyrapicus varius"
"Spinus pinus",12.7,35.2,1,1,7806130.28,1,49.57,-108.01,6.59163856780717,"US",457910.591829771,0.852748190447339,0.966296610849852,0.00022884099245025,0.0334745481576982,0.480857054433266,0.834003201996913,0.0570968614037341,0,"Carduelis pinus"
"Spinus psaltria",8.77,26,1,2,3951950.33,1,30.17,-106.31,6.6516460515635,"US",55345.6196772656,0.90695633868855,0.93920807331068,0.054799399368515,0.00599252732080454,0.60955720537236,0.712770705170079,0.252544355891025,0.0260899308850324,"Carduelis psaltria"
"Spinus tristis",12.79,27.6,1,1,7802444.22,1,44.46,-96.32,5.70733905721073,"US",27680.0826574587,0.945264177537045,0.995927398154981,0.00119615080380137,0.00287645104121777,0.804473533752952,0.949163991087047,0.00820504148698691,0.0293833997809823,"Carduelis tristis"
"Spiza americana",26.18,26.4,2,3,3462252.57,3,39.97,-94.69,4.67397519746571,"US",96377.178793631,0.804555352678666,0.942669892791999,0,0.0573301072080015,0.829704042325324,0.920087766032553,0.00178891932371749,0.0758586247579599,"Spiza americana"
"Spizella breweri",10.9,20.5,2,2,3238311.53,3,45.74,-115.39,5.49516567881531,"US",106184.569359314,0.863338373281029,0.935279439312711,0.0441217864885375,0.0205987741987509,0.721408379878853,0.873598941987528,0.0229165725566218,0.102837371648344,"Spizella breweri"
"Spizella pallida",11.2,18.6,2,2,3219955.48,3,51.68,-104.79,4.38934162399988,"US",45631.0594232349,0.860413776023731,0.915690821017884,0.00699771385508905,0.077311465127027,0.712964450847229,0.787302775030011,0.00144792052978342,0.177264188330782,"Spizella pallida"
"Spizella passerina",12.2,24.2,2,2,13081064.54,3,47.04,-103.73,6.67990292359738,"US",24900.4145190133,0.925186119295836,0.995246113284527,0.00206963286165997,0.00268425385381353,0.833358636658667,0.964556612731925,0.0199220003126993,0.00637611049401354,"Spizella passerina"
"Spizella pusilla",12.5,16.7,2,2,3997616.97,2,39.43,-90.09,4.66910397154424,"US",64884.7571244055,0.890082044763079,0.97722360601666,0.00922464002116402,0.0135517539621757,0.783259856954232,0.926464340483803,0.0386937516507811,0.0183300512036475,"Spizella pusilla"
"Stelgidopteryx serripennis",15.69,50.7,3,3,9837317.43,3,39.57,-100.58,6.68826328747814,"US",57541.3292396555,0.834761118183605,0.973427701972919,0.021461109965238,0.0051111880618432,0.778302910010624,0.954114590042618,0.013734902545178,0.0147827643748897,"Stelgidopteryx serripennis"
"Strix varia",711.49,29.6,3,2,6628563.52,1,43.93,-92.86,5.94068535088607,"US",115943.098013881,0.812059239345218,0.961302505991675,0,0.0386974940083252,0.661306767217738,0.907938691641558,0.00980170421732158,0.0393124930836012,"Strix varia"
"Sturnella magna",91.76,24.8,3,3,7031582.36,2,30.39,-84.52,6.83313675359898,"US",121593.926249097,0.845543417420257,0.980601656274196,0.0184010396219122,0.000997304103891589,0.811030057619781,0.95102556280627,0.0178848691675585,0.0122718854878518,"Sturnella magna"
"Sturnella neglecta",100.06,27.8,2,3,6719237.68,2,42.66,-107.09,5.85916582956295,"US",245380.305791295,0.859955856634829,0.962964009278943,0.0292003509131516,0.00783563980790525,0.784766611829378,0.904829534536958,0.0786524720942841,0.00933461940398314,"Sturnella neglecta"
"Tachycineta bicolor",21.2,53,3,3,11720977.55,3,52.15,-107.17,6.33508041359979,"US",191597.355237086,0.821055862772356,0.972513391237107,0.00462406998979948,0.0228625387730935,0.642669322096127,0.908924301705599,0.0359081536623145,0.023261000587293,"Tachycineta bicolor"
"Tachycineta thalassina",14.14,54.5,3,3,6104146.62,3,46.28,-121.35,6.66684043085172,"US",101795.766773564,0.861793860733175,0.929675574658045,0.0441022826063947,0.0262221427355604,0.700909238427053,0.89089957699201,0,0.00789216739757954,"Tachycineta thalassina"
"Thryomanes bewickii",9.9,13.8,3,2,3360146.45,2,33.54,-106.62,5.96766737706448,"US",249924.352943301,0.91843057544641,0.877259656499937,0.122551512777127,0.000188830722936579,0.771298217713348,0.901676785420163,0.0501736573706724,0.00956362696934227,"Thryomanes bewickii"
"Thryothorus ludovicianus",18.96,11.4,3,2,3040027.22,1,35.21,-87.93,5.12134199580617,"US",156946.16189451,0.756373449215031,0.889626537564741,0,0.110373462435259,0.632747987819518,0.886887361511935,0,0.0805241740467157,"Thryothorus ludovicianus"
"Toxostoma rufum",68.8,13.9,2,1,5678627.88,2,41.75,-92.94,4.96653666462844,"US",74484.159219944,0.900966742082267,0.98531884617014,0.0110159114998268,0.00366524233003346,0.793679974665475,0.946032384613696,0.0128184001469105,0.00782297667782264,"Toxostoma rufum"
"Tringa semipalmata",245.7,47.6,3,3,2508839.89,3,42.76,-101.57,5.77924153916781,"US",67433.5295528541,0.887856229071871,0.925728860284964,0.038238017077714,0.0360331226373225,0.647994382803491,0.843014719834334,0.0640663912007621,0.0107404446827356,"Catoptrophorus semipalmatus"
"Troglodytes aedon",10.85,12.9,3,3,25653883.47,1,4.96,-75.18,7.59030265996085,"US",70195.5190518817,0.903231388597953,0.981325809821374,0.000741854221531772,0.0179323359570939,0.733820853239291,0.860124498727399,0.0372292708954335,0.0907073235708004,"Troglodytes aedon"
"Troglodytes hiemalis",8.9,17,3,1,3348061.18,3,49.93,-87.13,4.61529759178128,"US",153844.761313362,0.811348731114516,0.802937212069813,0.114702821337076,0.0823599665931109,0.657626734581623,0.65373853201218,0.00317455774636903,0.22238874409712,"Troglodytes troglodytes"
"Tyrannus forficatus",39.3,37.5,2,2,1445850.08,3,33.46,-98.04,4.97878843572038,"US",28975.3583081739,0.803598375753934,0.896327950452421,0,0.103672049547579,0.830719238038293,0.850881257744987,0.00201470346290764,0.12192160363568,"Tyrannus forficatus"
"Tyrannus tyrannus",39.85,33.3,3,2,9124093.16,3,45.77,-98.88,5.5321607858686,"US",18000.6008930067,0.947578587031805,0.994201903924974,0.00408150774762579,0.00171658832740032,0.839085399607152,0.96379242071893,0.0105173176899872,0.0153735992151472,"Tyrannus tyrannus"
"Tyrannus verticalis",39.6,33.2,3,3,5067458.79,3,40.94,-108.96,4.75307015578491,"US",66793.2346112999,0.888407352010688,0.961557964050573,0.014461522149554,0.0239805137998727,0.837639555077648,0.878572308514633,0.0625103863999222,0.0565505878020617,"Tyrannus verticalis"
"Vermivora chrysoptera",8.74,25.9,3,2,946202.7,3,43.32,-82.67,4.24036540891948,"US",428671.242380446,0.637497627028142,0.752067275996338,0.209365051710549,0.0385676722931131,0.468660127301785,0.763748538694966,0.169134613833739,0.0248679793182429,"Vermivora chrysoptera"
"Vermivora cyanoptera",8.9,25.2,3,1,1491745.35,3,39.65,-83.95,4.08447367904544,"US",130600.313476137,0.840119713965614,0.902372398839103,0.0108058239309529,0.0868217772299444,0.693282851955381,0.865906890423466,0.0320268531189713,0.0865089321895419,"Vermivora chrysoptera"
"Vireo bellii",8.5,19.4,3,2,2636566.53,3,34.81,-99.81,4.31917873574897,"US",97057.7545753128,0.764826826120789,0.931642903446872,0.000101543910428646,0.0682555526426992,0.642627275360338,0.76544063353368,0.0225080243047529,0.212051342161567,"Vireo bellii"
"Vireo cassinii",14.7,27.9,3,2,923209.39,3,45.02,-119.65,5.41780986598675,"US",54110.8682571221,0.692063981033517,0.787726895114198,0.20255188003044,0.00972122485536215,0.682324597234156,0.700956585122583,0.121030920817696,0.126186802444974,"Vireo cassinii"
"Vireo flavifrons",18,33.8,3,2,3167329.54,3,38.91,-86.42,4.60734232046801,"US",89832.6127411749,0.881119288127172,0.959335046981172,0.000114306244741127,0.0405506467740872,0.710380920435649,0.900265047902737,0.0250872396721994,0.0420494034215819,"Vireo flavifrons"
"Vireo gilvus",12.67,23.5,3,1,9680437.56,3,45.21,-105.84,6.28302060121119,"US",39196.276061694,0.931665114576622,0.995701289114554,0.00300177705146291,0.00129693383398274,0.735456801809022,0.936710815819792,0.0213668371846439,0.0321376779036305,"Vireo gilvus"
"Vireo griseus",11.4,17.9,3,2,3034548.86,3,34.73,-88.7,5.31667934288179,"US",181909.644788037,0.859201329558547,0.962532312477238,0.0115591070715418,0.0259085804512207,0.691864143449756,0.900063708487126,0.0401734709491632,0.0238380834466974,"Vireo griseus"
"Vireo olivaceus",16.06,29.8,2,1,8742854.76,3,45.77,-96.24,5.57848962455075,"US",49257.4880853074,0.910375968277814,0.984204055239834,0.0117176971917878,0.00407824756837793,0.800550315273163,0.956399173324639,0.00977149345798486,0.0191453794374151,"Vireo olivaceus"
"Vireo solitarius",15.3,29.3,3,1,3329804.9,3,51.05,-92.77,4.53590099841225,"US",109747.802055402,0.826711349784578,0.918525583114783,0.0313127888975607,0.0501616279876567,0.687348888937719,0.803654290323906,0.017362393406126,0.0953395055442149,"Vireo solitarius"
"Xanthocephalus xanthocephalus",62.68,27,1,2,4756494.14,2,46.37,-108.09,4.26160985868169,"US",131725.305189493,0.923181158004917,0.970255161394408,0.0269357488341373,0.00280908977145449,0.828126903900275,0.917814208029437,0.0722712482255629,0.00420137064848143,"Xanthocephalus xanthocephalus"
"Zonotrichia albicollis",24.4,19.7,1,2,5662700.85,3,53.74,-95.18,4.64191375914902,"US",85746.7010687844,0.938285612748723,0.963801202236872,0.0349972252009237,0.00120157256220448,0.754227443873549,0.790456743749292,0.00177270671323965,0.125055736340597,"Zonotrichia albicollis"
"Aquila adalberti",2958.03,39.7,3,1,131221.76,2,39.06,-5.23,3.71977194269919,"Europe",67139.3377335944,0.691381084022854,0.742738631523325,0.028816062604331,0.228445305872344,0.6593796424001,0.863109504841271,0.0160913357530488,0.12079915940568,"Aquila adalberti"
"Aquila chrysaetos",4247.97,36.7,3,3,39450257.98,2,50.67,38.05,6.99897144345732,"Europe",106054.72530469,0.916476051366995,0.977063476765153,0.0229365232348473,0,0.934365965747307,0.9960673212001,0.00389941692915424,0,"Aquila chrysaetos"
"Buteo buteo",759.1,38.3,3,3,11719424.27,2,52.89,40.23,6.01186574573948,"Europe",20029.4317139684,0.976704696568263,0.999904066604305,9.59333956953796e-05,0,0.960802149046787,0.99913067691618,0.000800153204290452,6.9169879529518e-05,"Buteo buteo"
"Circus aeruginosus",704.07,45.6,3,3,13390803.81,2,50.03,51.14,5.9205025122981,"Europe",78514.8905869261,0.913978349317884,0.986802913530483,0.000428800546360182,0.0127682859231567,0.86735495334063,0.989719874096196,0.00105393660324472,0.00922618930055958,"Circus aeruginosus"
"Circus pygargus",310.75,52,3,3,6837154.32,3,49.91,45.8,5.55141075970065,"Europe",177716.823729753,0.895305623145123,0.993281879461905,0.000400848150026691,0.00631727238806834,0.859662707413237,0.987968141761154,0.00906654696917865,0.00296531126966737,"Circus pygargus"
"Hieraaetus pennatus",823.75,42,3,1,6138248.03,3,42.1,55.17,6.15504045156196,"Europe",113900.848850702,0.904386791004098,0.988627587167131,0.00444851635102254,0.00692389648184693,0.830200485245206,0.979813603212548,0.00174002869120157,0.0184463680962507,"Hieraaetus pennatus"
"Milvus milvus",1071.77,49.9,2,2,1698401.57,2,48.65,10.52,5.00424573896643,"Europe",197780.362049605,0.819919944706864,0.952529132833041,0.0236511150559248,0.0238197521110345,0.738722658768782,0.962149290923365,0.00819370926267157,0.0296569998139631,"Milvus milvus"
"Pernis apivorus",754.37,37.9,3,1,9317297.54,3,54.03,38.95,5.57643869963746,"Europe",52530.9902372973,0.935463497037351,0.99783822756635,0.00198497314184101,0.000176799291809131,0.893721819068972,0.994095411278467,0.000864585137578947,0.00504000358395436,"Pernis apivorus"
"Anser brachyrhynchus",2642.04,49.3,1,3,190949.74,3,71.96,-19.91,5.21861048358194,"Europe",55200.8657795815,0.860778792364725,0.804345372383681,0.106480986563634,0.0891736410526855,0.667006440944158,0.936373865642954,0,0.0584967620241774,"Anser brachyrhynchus"
"Branta leucopsis",1683.97,50.6,1,3,178673.97,3,72.42,-0.02,5.49590209718457,"Europe",465797.086134967,0.643554826271286,0.914218760599456,0.0194533866958452,0.0663278527046988,0.571396795489367,0.926153813621061,0.013755942856289,0.06009024352265,"Branta leucopsis"
"Cygnus olor",10682.04,42.1,1,3,4915289.2,3,49.96,41.72,5.69243209650404,"Europe",92646.7773398046,0.849572039853536,0.958621334565134,0,0.0413786654348662,0.792600065433631,0.976401269048729,0,0.022506007427722,"Cygnus olor"
"Melanitta nigra",1049.98,45.7,3,3,4515415.5,3,66.86,72.48,6.17460555165706,"Europe",77182.6566521502,0.900224488265556,0.995634671113363,0.00246058950092235,0.00190473938571415,0.84745976332531,0.979292021557886,0.00433923967499539,0.0163687387671185,"Melanitta nigra"
"Somateria mollissima",2060.93,44.9,3,3,3321100.72,2,64.94,-48.4,6.26939885854186,"Europe",43617.3285923704,0.942182528646014,0.984407420154302,0.0106941054600452,0.00489847438565259,0.930785089031108,0.995826426243172,0.00199742748571253,0.00217614627111586,"Somateria mollissima"
"Apus apus",37.6,71.6,3,1,24779919.71,3,48.52,57.95,6.33944239664841,"Europe",16240.673587858,0.989287963515682,0.999740613448042,0.000259386551957936,0,0.960032556927975,0.99913451201994,0.000519320952630335,0.000346167027429774,"Apus apus"
"Apus pallidus",41.9,72.3,3,1,1720365.16,3,30.92,20.11,5.58566637423702,"Europe",82269.8897733065,0.863623992703938,0.962972877436411,0.00650854768950135,0.0305185748740874,0.672383424638149,0.942696008707184,0.000830870555821165,0.0563520605226246,"Apus pallidus"
"Caprimulgus ruficollis",68.5,54,3,2,791038.8,3,36.13,-1.63,4.33966221278577,"Europe",25175.5169637422,0.909129655395339,0.952515011837943,0.0368433415411933,0.0106416466208631,0.942157528429967,0.977998248955571,0.013596419454654,0.00840533158977468,"Caprimulgus ruficollis"
"Charadrius hiaticula",64.04,53.5,3,3,4520829.19,2,69.82,39,6.41795724978877,"Europe",29607.4380386668,0.954184974002271,0.996537876421534,0.00340493398073356,5.71895977325067e-05,0.937260832141968,0.99729135479416,0.0015659638002527,0.00114268140558765,"Charadrius hiaticula"
"Pluvialis apricaria",214,57.4,3,3,3294836.99,3,65.53,46.78,6.01257083710568,"Europe",48047.1313890226,0.955657600461162,0.995500981135744,0.00441405884176997,8.49600224865962e-05,0.950849812049042,0.997302257821002,0.00224709123211435,0.000450650946884021,"Pluvialis apricaria"
"Vanellus vanellus",218.37,40.2,3,3,18594755.95,2,52.6,61.57,6.06487631958733,"Europe",41690.670877611,0.970930776099275,0.999313246287675,0.000415940466393388,0.00027081324593183,0.934418049800375,0.997672766630955,0.00046772504742845,0.00185950832161614,"Vanellus vanellus"
"Numenius arquata",802.99,53.2,3,3,12491410.25,3,56.48,59.16,5.88984343247831,"Europe",58965.9748661746,0.940934251061373,0.993796113837324,0.00497289919867837,0.00123098696399729,0.922007842716098,0.996401147071887,0.000280107477111053,0.00330736806494766,"Numenius arquata"
"Numenius phaeopus",364.57,53.5,3,3,4802995.65,3,63.88,-11.94,6.01577242702206,"Europe",43415.6324820994,0.95736318100681,0.988662754776244,0.011255685203815,8.15600199409913e-05,0.925124542004631,0.989315537637333,0.00792458662074752,0.00275987574191969,"Numenius phaeopus"
"Ciconia ciconia",3445.8,45.9,3,3,5196114,3,44.94,24.63,5.41739989350932,"Europe",133574.972585833,0.896050236539988,0.996655634473647,0.000283442201286762,0.00306092332506645,0.791429109723398,0.984843154539689,0.000208093026231053,0.01494875243408,"Ciconia ciconia"
"Columba oenas",290.79,42.5,1,3,9272521.23,1,50.84,35.32,5.65115635125416,"Europe",85396.2915181611,0.932613704975069,0.991633722542809,0.00201302159780791,0.00635325585938315,0.84923672815947,0.985471565879425,0.0125179076185504,0.00201052650202502,"Columba oenas"
"Columba palumbus",490,41.2,1,2,11947217.36,1,50.34,32.15,6.24210206060825,"Europe",12181.4096166284,0.981994039134492,0.999160648740076,9.47038084518194e-06,0.00082988087907829,0.951866582551061,0.999000407341603,0.000160214178752119,0.000557745463392612,"Columba palumbus"
"Streptopelia decaocto",148.96,35.4,1,3,19265912.02,1,40.2,54.01,6.84840971143239,"Europe",126734.923882523,0.889655079698409,0.997928661610251,0,0.00207133838974875,0.863943457779702,0.9933316896027,0.00338093018177911,0.00328738021552029,"Streptopelia decaocto"
"Coracias garrulus",146,37.5,3,2,9539437.58,3,43.92,43.17,5.84183591677845,"Europe",294084.782366151,0.744875749520484,0.926280648631517,0.0685506068249758,0.00516874454350729,0.676948777176653,0.960272606826664,0.0285306691626071,0.011196724010729,"Coracias garrulus"
"Merops apiaster",56.6,45.5,3,2,11028502.02,3,40.17,44.58,5.97101222882857,"Europe",136546.645843231,0.85128772470453,0.998103178755448,0.000361020969071098,0.00153580027548106,0.796191783061824,0.988237769789946,0.000190838572327346,0.0115713916377266,"Merops apiaster"
"Alectoris graeca",594.11,36.9,1,3,538497.96,1,42.95,17.39,5.98513263368397,"Europe",50674.5398871879,0.8486572624457,0.945452954592231,0.0531524234774701,0.00139462193029899,0.915070029455606,0.998163064983295,0.000439221587446131,0.00119350275646829,"Alectoris graeca"
"Alectoris rufa",527.86,25.8,1,3,953692.19,1,42.6,-1.02,5.29031756255457,"Europe",51743.7046274106,0.908357965889884,0.967191936079645,0,0.0328080639203551,0.897508396903568,0.990372534719543,0.00281585587927064,0.00472134746376419,"Alectoris rufa"
"Perdix perdix",405.3,33.8,1,3,10032916.79,1,52.09,41.6,5.55575579860726,"Europe",76590.6221960921,0.91647909504286,0.980383957129987,0.0196160428700131,0,0.840875542153188,0.983704564825434,0.0162632537361727,3.21814383934733e-05,"Perdix perdix"
"Tetrao urogallus",2716.61,33.2,1,2,11330230.84,1,59.49,69.35,6.05670837295631,"Europe",62091.8951994124,0.941280333018825,0.990365021345746,0.00575504604751734,0.00387993260673665,0.87661548792878,0.987868451315873,0.011175057012461,0.000956491671665818,"Tetrao urogallus"
"Crex crex",154.91,34.1,3,2,12516028.75,3,53.88,60.58,6.01154594101737,"Europe",66530.8271203522,0.909069168451361,0.986109818955169,0.00903990278123326,0.00485027826359781,0.862814180186357,0.990848900865731,0.00763271894066149,0.0015092956108631,"Crex crex"
"Porzana porzana",87.1,34.5,2,1,10691863.17,3,54.44,55.52,5.82562137528462,"Europe",186332.897808446,0.863114403920836,0.97655533031283,0.0221430027484775,0.00130166693869218,0.80530877263399,0.966273365436262,0.0254217793132828,0.00825209647980078,"Porzana porzana"
"Rallus aquaticus",110.67,30.5,3,1,12363656.67,2,47.32,48.39,6.23324359646571,"Europe",129494.871612842,0.92202176886812,0.998038893334937,0.00149112626044973,0.000469980404613582,0.89007891980679,0.996332929516004,0.000855476240508431,0.00281159424348695,"Rallus aquaticus"
"Acrocephalus arundinaceus",30,28.6,3,3,9336953.31,3,49.39,45.3,5.89968434899527,"Europe",52637.4510493276,0.948346587266249,0.996445656312842,0,0.00355434368715781,0.889544732164071,0.995956056031384,0.00192352437473796,0.00212041959387764,"Acrocephalus arundinaceus"
"Acrocephalus paludicola",11.6,28.4,3,3,182586.45,3,52.09,24.27,2.02249129704393,"Europe",69380.5809958613,0.635947940020795,0.729196579897917,0.263968121713384,0.00683529838869891,0.555677001850769,0.674678854175186,0.325321145824814,0,"Acrocephalus paludicola"
"Acrocephalus palustris",11.5,27.9,3,3,5996672.74,3,51.96,32.36,5.23875594813944,"Europe",36531.5655631081,0.953929905239124,0.996155335039856,0.0018188060871376,0.00202585887300619,0.914328285238566,0.990940345688641,0.00454908216309569,0.00442950176529484,"Acrocephalus palustris"
"Acrocephalus schoenobaenus",11.83,28.2,3,3,11967937.01,3,56.04,47.36,5.99714230928867,"Europe",34541.5508299984,0.951861214730297,0.977564707328666,0.0224352926713337,0,0.922926135571532,0.990845000054574,0.00889140977274781,0.000187800158050729,"Acrocephalus schoenobaenus"
"Acrocephalus scirpaceus",12.3,24.3,3,3,15112845.4,3,25.94,33.16,6.43312257723394,"Europe",14288.6134614931,0.932422558513263,0.996331028372044,0,0.00366897162795566,0.925629008280855,0.996889714344553,0.000610160415776936,0.00250012523967059,"Acrocephalus scirpaceus"
"Hippolais icterina",13.2,30.8,3,1,6330920.54,3,54.61,35.37,5.61386320841314,"Europe",12097.0033516887,0.971602678899113,0.993177265686761,0.00532395778111432,0.00149877653212474,0.938228270579225,0.997283360551405,0.000232818497886652,0.00223824662195526,"Hippolais icterina"
"Hippolais olivetorum",17.5,28.6,3,2,285772.62,3,38.79,28.46,5.01317598306649,"Europe",112864.607750692,0.819192168215799,0.953608403862873,0.00834310544284593,0.0380484906942813,0.779073375158426,0.957602397747371,0.0028335212607058,0.0393987675674093,"Hippolais olivetorum"
"Hippolais polyglotta",11,21.2,3,2,1710837.05,3,41.86,1.26,5.24713532487851,"Europe",71579.7919876106,0.921478799084266,0.973050384945201,0,0.0269496150547995,0.851863011633098,0.986918302348938,0,0.0130412842772698,"Hippolais polyglotta"
"Aegithalos caudatus",8.6,22,3,2,18247301.19,1,52.48,72.38,6.52076833540889,"Europe",32241.8342552333,0.959285859698497,0.995570418940842,0.000317418736782625,0.00411216232237549,0.94413347052345,0.997947145175074,0.000390125754290579,0.00166272907063513,"Aegithalos caudatus"
"Lullula arborea",26.9,27.7,2,3,7140559.13,2,47.75,24.99,5.49253468241158,"Europe",93545.3082854847,0.945665688397012,0.996621262249196,0.00151001234350505,0.00186872540729907,0.93315321325002,0.996039186094341,0.00121379355701843,0.00273805468745556,"Lullula arborea"
"Melanocorypha calandra",61.6,37.2,2,3,5323937.62,2,41.54,39.54,5.64410756826273,"Europe",60274.6112399091,0.894494407049753,0.971693555783817,0.0280581998529126,0.000248244363270219,0.820253971375688,0.97167071751653,0.0283008482586391,2.84342248309355e-05,"Melanocorypha calandra"
"Certhia brachydactyla",8.2,17.7,3,1,3199552.33,1,44.73,10.55,5.35480250211582,"Europe",15109.8316844899,0.968418142133414,0.99570599116775,0.000421118196485136,0.00387289063576472,0.963440778875159,0.99877948842823,0.000767575533939589,0.000452936037830027,"Certhia brachydactyla"
"Cinclus cinclus",61.47,27.6,3,3,8499590.13,1,47.26,56.5,6.76412576140838,"Europe",64505.148070294,0.92564835941734,0.980155798490938,0.019787426730913,5.67747781492108e-05,0.949874870135913,0.995497600739968,0.00406392826889102,0.000438470991141286,"Cinclus cinclus"
"Garrulus glandarius",159.46,19.4,2,1,19458203.9,2,51.02,62.66,6.37514161929397,"Europe",6729.54944275743,0.987079456326898,0.999200992012735,0.000120756894049408,0.000678251093215685,0.963459109444493,0.99882153467778,0.000750770283454507,0.000427695038765308,"Garrulus glandarius"
"Emberiza calandra",48.5,26.5,1,3,7483952.2,2,44.09,27.42,5.637747707221,"Europe",96191.2782283474,0.933778847937448,0.99772990567058,0.00157358024343351,0.000696514085986791,0.88107977781307,0.992611983653973,0.0024848986542325,0.00490311769179474,"Miliaria calandra"
"Emberiza cia",23.43,19.6,2,3,4412208.21,2,39.73,43.32,6.46027088483317,"Europe",58582.8098586667,0.938640466853659,0.97997386174246,0.000266248167771773,0.0197598900897684,0.926273237831,0.995837647076636,0.00237301851931278,0.00153589775597009,"Emberiza cia"
"Emberiza cirlus",25.6,20.2,2,2,2173407.94,2,41.65,8.36,5.36371383323279,"Europe",23267.8744340474,0.97405322305243,0.992725654185164,0.000596240272498667,0.00667810554233755,0.978482296303589,0.999245186309606,0.000253695022855409,0.000485331320365599,"Emberiza cirlus"
"Emberiza citrinella",29.7,25.7,1,3,12899942.03,2,56.2,51.75,6.36167210945295,"Europe",15759.7854734943,0.966898911765461,0.989671113165619,0.0103288868343809,0,0.961881143089516,0.997789377539893,0.00156903108164892,0.000627106372474996,"Emberiza citrinella"
"Emberiza hortulana",19.9,28.8,2,2,9881195.68,3,52.13,47.51,5.75065931224986,"Europe",124799.958097697,0.900133859606781,0.992187281231538,0.0061520208298353,0.00166069793862679,0.793068518069297,0.981210374517188,0.0186280544478285,0.000161571034983516,"Emberiza hortulana"
"Emberiza melanocephala",28.31,29.6,2,2,2122285.8,3,38.73,39.34,5.3978212571697,"Europe",147956.241464191,0.785894374409758,0.898210590293767,0.00185756426342674,0.0999318454428062,0.83740033632865,0.968291822899794,0.00127104696679869,0.0285572438397251,"Emberiza melanocephala"
"Carduelis carduelis",16,33.4,1,2,11860717.87,1,50.13,35.73,6.27853226434411,"Europe",80058.2528302789,0.948466137896258,0.995496535653393,0,0.00450346434660738,0.928564158187787,0.996566112664303,5.30397187323366e-05,0.00336856399333142,"Carduelis carduelis"
"Carduelis citrinella",12,30.3,1,2,193259.64,1,45.36,6.49,5.11961930747572,"Europe",27732.8896800067,0.904407441352044,0.950325625101761,0,0.0496743748982391,0.952249188544104,0.993765288074445,0.00112138866540477,0.00448247263575885,"Carduelis citrinella"
"Coccothraustes coccothraustes",56.63,32.9,1,1,12197802.66,2,51.17,60.81,5.86595861971851,"Europe",78759.5937945023,0.925266901131931,0.993076395019335,0.000142372107617688,0.00678123287304774,0.875845893003629,0.99262867874673,0.000525278639942305,0.006846042613328,"Coccothraustes coccothraustes"
"Linaria cannabina",19.53,34.4,1,2,10715477.38,1,49.19,33.6,6.07438594498154,"Europe",19808.0115667968,0.984477906141745,0.996936398246356,0,0.00306360175364387,0.966283108446574,0.998637240795834,0.000960332492250532,0.00039699347245348,"Carduelis cannabina"
"Loxia pytyopsittacus",53,36.6,1,1,3155285.39,2,61.03,35.98,5.35475367155789,"Europe",26313.4691792733,0.933802766034547,0.966555276271171,0.00320334886299633,0.0302413748658327,0.824396954643032,0.979422501203765,0.0199533771322551,0.000604181781076412,"Loxia pytyopsittacus"
"Serinus serinus",11.2,29.3,1,2,4819417.99,2,45.07,13.58,5.34589646921847,"Europe",71973.9462357492,0.940250437273883,0.993900589110755,0.00161773895124885,0.00448167193799644,0.914422854245313,0.998059040481923,0.000529008454405775,0.00141195106367084,"Serinus serinus"
"Spinus spinus",13.24,36.5,1,1,8968022.11,1,55.86,65.08,6.14337091114513,"Europe",60706.7583394702,0.940434441452938,0.9955728086664,0.00253527787133898,0.00189191346226139,0.927601937424079,0.995531564393046,0.00102203272221897,0.0034464028847348,"Carduelis spinus"
"Lanius collurio",28.44,31,3,3,10799323.67,3,52.82,41.84,5.75844618916505,"Europe",38679.486350209,0.971514834265404,0.997087860578361,6.96763943215772e-05,0.00284246302731748,0.934064627826918,0.996302054568576,0.00145315595926513,0.00224478947215878,"Lanius collurio"
"Lanius senator",35.97,31.4,3,2,2577480.33,3,38.9,15.24,5.51284176914076,"Europe",80145.3691632625,0.886699563007138,0.928821818142946,0.0711781818570542,0,0.897040735167823,0.982239938770686,0.0153571913419052,0.00238426120255272,"Lanius senator"
"Locustella fluviatilis",16.1,29.2,3,3,5232960.16,3,54.47,37.81,4.68237085376741,"Europe",134194.879206461,0.861926065090678,0.980867647929224,0.011242078547268,0.00789027352350798,0.843283730140489,0.983366886090974,0.00319770176328637,0.0134354121457398,"Locustella fluviatilis"
"Locustella luscinioides",13.89,30.1,3,3,4698320.69,3,47.96,39.14,5.48876997516909,"Europe",207523.509854166,0.848879462083968,0.990396208363184,0.00560372418710878,0.00400006744970766,0.820621869121561,0.989811926556049,0.00652647516977127,0.00366159827417951,"Locustella luscinioides"
"Locustella naevia",13.3,25.4,3,2,7984518.2,3,52.97,43.23,5.72316962078398,"Europe",33570.5539104683,0.945760981122947,0.989221977095259,0.010209177600084,0.000568845304656809,0.905938213157945,0.99333558011507,0.00337611980839573,0.00328830007653454,"Locustella naevia"
"Anthus campestris",23,28.5,3,3,11176674.59,3,45.89,51.57,5.96678543599257,"Europe",45245.2203338915,0.895911765538709,0.9909923357509,0.00527668859034794,0.00373097565875167,0.890369925361376,0.99422636616021,0.00289096204018461,0.00288267179960504,"Anthus campestris"
"Anthus petrosus",22.4,26.5,3,3,292817.47,2,61.1,11.33,5.60329222493389,"Europe",22715.8402644297,0.936686506259899,0.965273055046915,0.0347269449530848,0,0.892299862275439,0.986353373351599,0.00688437848613467,0.00525655401005014,"Anthus petrosus"
"Anthus pratensis",18.4,24.3,3,3,6733599.47,2,59.47,30.67,6.25898378239884,"Europe",27619.9736457697,0.978049508622979,0.997226750134926,0.00267252720597711,0.000100722659096719,0.976622212336048,0.99930053290925,0.000344376548002317,0.000355090542747414,"Anthus pratensis"
"Anthus trivialis",23.33,29.3,2,2,15353264.33,3,56.07,58.29,6.33815118273335,"Europe",14151.8748215365,0.971866908231008,0.994188844441897,0.00569495214446633,0.000116203413636713,0.971874355037378,0.997475472803961,0.00168813996668037,0.000836387229358779,"Anthus trivialis"
"Erithacus rubecula",17.7,19.9,3,1,10001378.73,3,53.82,30.86,5.99394586147709,"Europe",27190.3736811433,0.986568408047524,0.999751686262997,0.000176687836577813,7.1625900425616e-05,0.984355713003622,0.999766068880272,5.41685516639267e-05,0.000179762568063951,"Erithacus rubecula"
"Ficedula albicollis",12.69,31.9,3,1,2473537.35,3,50.03,28.04,4.59344428724687,"Europe",107814.816460576,0.87948795527143,0.985340385038396,0.0142819541827055,0.000377660778897946,0.861988678033579,0.985544628808435,0.00763234760654482,0.00682302358502084,"Ficedula albicollis"
"Ficedula hypoleuca",13.79,30.4,3,1,7339714.14,3,57.07,38.09,5.83042412565689,"Europe",59443.1538988934,0.949317347186779,0.994255367931763,0.00470186448029251,0.00104276758794477,0.945959877210098,0.996699084467727,0.00158766243976201,0.00167743244576538,"Ficedula hypoleuca"
"Ficedula parva",10.8,25.3,3,1,6006654.02,3,54,34.95,5.17016320586659,"Europe",106023.869993967,0.905611872105026,0.986034981621416,0.000840745786760302,0.0131242725918237,0.840768454458616,0.982677980991128,0.000882352167782682,0.0164396668410896,"Ficedula parva"
"Ficedula semitorquata",14.4,28.9,3,2,613104.55,3,40.42,38.98,5.57511140489144,"Europe",137816.979544876,0.625721946657581,0.699728549484585,0.300271450515415,0,0.526931420307743,0.786118828398961,0.213881171601039,0,"Ficedula semitorquata"
"Luscinia luscinia",23.8,29.9,3,1,6890175.16,3,55.79,51.31,4.87974179043532,"Europe",17862.411446348,0.971608377147218,0.985255508806906,0.0147444911930944,0,0.867816645913586,0.983833930829747,0.00808995483400833,0.00807611433624499,"Luscinia luscinia"
"Luscinia megarhynchos",19.6,27.6,3,1,6778462.19,3,43,34.7,5.98745532006054,"Europe",31072.9833905748,0.97463779530919,0.998389680121876,0.000340715724613841,0.00126960415351016,0.941420714312538,0.997324188247879,0.000409900223538774,0.00226591152858221,"Luscinia megarhynchos"
"Monticola solitarius",53.65,29.5,3,3,9788977.12,2,33.99,80.36,6.96394282548443,"Europe",20146.1423443794,0.960814317001354,0.988976188368994,0.0039618284747443,0.00706198315626151,0.917571158570098,0.990365729470078,0.00499781491096209,0.00463645561896059,"Monticola solitarius"
"Oenanthe hispanica",15.04,26.4,2,2,3529344.19,3,37.85,24.02,5.61386627168013,"Europe",44387.5857144025,0.927156204059645,0.992191994032548,0.00650310614481892,0.00130489982263309,0.821503896538855,0.973334524958966,0.0249886585734246,0.00167681646760893,"Oenanthe hispanica"
"Oenanthe leucura",41,21.5,3,3,1288299.84,2,33.97,-1.23,4.69598011811519,"Europe",30551.0140431251,0.855405665056361,0.906893175769659,0.0931068242303412,0,0.869200444071191,0.937629784710073,0.0623702152899273,0,"Oenanthe leucura"
"Phoenicurus phoenicurus",14.59,25.8,3,1,14485113.51,3,53.91,48.63,6.22633746685749,"Europe",4259.31723542477,0.976138245341605,0.998123721194775,0.00023381525779971,0.00164246354742529,0.970835341953277,0.998339384669303,0.00046891524656762,0.00119170008412955,"Phoenicurus phoenicurus"
"Saxicola rubetra",16.6,26.7,3,2,10238944.41,3,55.53,39.22,6.02246920135782,"Europe",80566.6415221048,0.941015906551122,0.993797086069159,0.00618727786814904,1.5636062691576e-05,0.935736288285295,0.987790089178927,0.0115523732775081,0.000650730024655709,"Saxicola rubetra"
"Oriolus oriolus",79,38.5,2,1,11164384.03,3,50.16,43.01,5.89279721344782,"Europe",29178.8044811068,0.967828329250912,0.988437550940133,0.0115624490598667,0,0.921958531154718,0.995998317951191,0.00266563336695101,0.00133604868185776,"Oriolus oriolus"
"Cyanistes caeruleus",11.1,21,2,1,8753389.8,1,50.72,26.02,5.95184622767331,"Europe",58062.2959670873,0.964579617065519,0.997922386817598,0.000308928598861467,0.00176868458354037,0.947854289487347,0.998740106455184,4.74610659535199e-05,0.00121243247886298,"Parus caeruleus"
"Lophophanes cristatus",11.04,19.8,2,1,5918314.94,1,54.5,26.21,5.65366018163854,"Europe",45533.9277329419,0.962412381580421,0.997708200782815,0.000553786281028459,0.00173801293615677,0.906424662531354,0.995509175758342,0.00251360922320013,0.00197721501845783,"Parus cristatus"
"Periparus ater",9.2,21.9,2,1,18987457.58,1,52.81,75.18,6.7190084767992,"Europe",42097.8771944788,0.966956747352929,0.998273941418354,3.89373754926787e-05,0.00168712120615342,0.929821449376312,0.996515801626663,0.00303467325827693,0.00044952511505967,"Parus ater"
"Poecile lugubris",15.8,15.3,3,2,1281185.72,1,39.55,32.65,5.4964536435926,"Europe",9305.67247668756,0.915940916901201,0.963247507163773,0.0128136683243608,0.0239388245118659,0.895766510836957,0.987551373663035,0.0109334131882086,0.00151521314875694,"Parus lugubris"
"Poecile palustris",11.14,17.9,2,1,9072135.09,1,49.29,64.47,6.01128709565563,"Europe",14353.5494649828,0.973294239562116,0.99587417665762,0.000147885178278792,0.00397793816410168,0.939160449632877,0.995233243663619,0.00399544690063092,0.000771309435749924,"Parus palustris"
"Passer hispaniolensis",24.2,26,1,2,4197257.38,1,38.13,40.32,5.74625532706365,"Europe",197252.760318401,0.819412342501397,0.861268692648663,0,0.138731307351337,0.835259839852483,0.971448870720867,0.000914909852968449,0.0276362194261651,"Passer hispaniolensis"
"Passer italiae",28.3,26,1,3,312371.57,1,42.97,12.29,5.14861168846284,"Europe",57499.8546365327,0.903403286455956,0.922420638725694,0.0108374164950801,0.0667419447792263,0.891400752809893,0.977362997131729,0.0054500523912079,0.0171869504770635,"Passer hispaniolensis"
"Phylloscopus bonelli",8.69,23.1,3,2,1297862.66,3,42.2,3.08,5.3592625726339,"Europe",50239.5047275779,0.936482435172451,0.990671818061039,0.00387473161240312,0.00545345032655766,0.957421644083723,0.994069162452338,0.00206027219043042,0.00353445967570233,"Phylloscopus bonelli"
"Phylloscopus trochilus",8.7,25.9,3,1,15839222.41,3,60.53,74.92,6.16118562882018,"Europe",19241.3370540183,0.963496118979502,0.98772289173215,0.0122771082678501,0,0.966436530739724,0.997021857243423,0.00275922458594448,0,"Phylloscopus trochilus"
"Prunella modularis",20.24,21.2,2,2,6779516.3,1,56.25,26.53,6.25046077820905,"Europe",67458.7269548257,0.948535558559137,0.993425001428598,0.00630297041068639,0.000272028160715324,0.969200954897489,0.997704150140027,0.00125969791264802,0.00102741532465059,"Prunella modularis"
"Regulus ignicapilla",5.6,22,3,1,2693877.52,3,46.92,11.36,5.2116000100595,"Europe",137040.959236426,0.866018931836552,0.935495111861974,3.58681038824701e-05,0.0644690200341438,0.89457323321899,0.995642816061386,0.000129978773962246,0.00418170454509163,"Regulus ignicapilla"
"Regulus regulus",5.54,22,3,1,13206760.36,3,51.77,58.18,6.59287801963581,"Europe",7056.21563095845,0.979622530030624,0.995645518464551,0.000267904570612063,0.00408657696483681,0.938322502540662,0.997963144627804,0.0011267061786975,0.000334697206378339,"Regulus regulus"
"Remiz pendulinus",9.3,19.4,2,2,5985828.65,3,49.83,44.64,5.42598132027108,"Europe",134963.7197348,0.890077271459037,0.978096390554916,0.00819957556326966,0.0137040338818146,0.847932361066176,0.987033837202237,0.0102378776735154,0.00272828512424728,"Remiz pendulinus"
"Cettia cetti",13.22,14.3,3,2,5290133.33,1,41.65,39.12,5.95652059851709,"Europe",75175.2069071108,0.923931682141752,0.98981087616676,0.00597793551231347,0.00421118832092595,0.877540758997039,0.982469590627482,0.00282224460408929,0.0147081647684285,"Cettia cetti"
"Sitta europaea",20.37,23.8,3,1,21575986.15,1,52.64,82.46,6.61452836572813,"Europe",34772.2486574225,0.951409683567402,0.995076273733104,0.00333546653474483,0.00158825973215077,0.924968761264082,0.994857920094635,0.00172222476001969,0.00341985514534524,"Sitta europaea"
"Sitta neumayer",26.5,14.9,2,3,1244088.59,1,38.6,36.98,5.52770651109115,"Europe",14556.2614239308,0.939317453196348,0.981630893088464,0.00393898144432927,0.0144301254672067,0.871800435382244,0.978720911713696,0.0161788363359512,0.00510025195035305,"Sitta neumayer"
"Sturnus unicolor",83.66,35.9,2,2,826392.84,1,38.59,-1.94,4.82601449730306,"Europe",20249.1281566176,0.946644672741658,0.973306983323034,0,0.0266930166769659,0.97527324501961,0.998468489569603,4.12760992608612e-05,0.000861321282829719,"Sturnus unicolor"
"Sturnus vulgaris",77.14,38.4,2,3,17082191.68,2,50.32,52.41,6.83339719413203,"Europe",32640.6411699799,0.970354350132734,0.998543776072172,8.92459160172275e-05,0.00136697801181091,0.959954779429436,0.998614307364216,0.000259217988856963,0.00112647464692732,"Sturnus vulgaris"
"Sylvia atricapilla",16.7,27,2,1,8628077.66,3,51.6,26.37,5.91227388531179,"Europe",25609.0875792813,0.978169840160508,0.999895628191867,0,0.000104371808133205,0.956316718382265,0.998819671737416,2.81295630185802e-05,0.00115219869956564,"Sylvia atricapilla"
"Sylvia borin",18.2,30,2,1,9648408.47,3,54.65,37.01,5.96227557646597,"Europe",18728.3117163763,0.965983117559017,0.995450775037786,0.00447355626486788,7.56686973463763e-05,0.959068824480101,0.993894619343379,0.00559944040485032,0.000498770225974904,"Sylvia borin"
"Sylvia communis",15.1,24.2,2,3,14124012.64,3,50.84,43.84,6.29203046271104,"Europe",64874.1684202788,0.967965188342397,0.996775814809637,0.00164690543166234,0.0015772797587009,0.951451656163016,0.99693064960754,0.0027954298901629,0.00027392050229738,"Sylvia communis"
"Sylvia conspicillata",9,19.4,3,2,1315716.19,3,35.25,1.99,4.97761050162636,"Europe",71277.2281344964,0.933331454483158,0.97611768120689,0,0.0238823187931104,0.898425891235172,0.978381917749574,0.00068940258470205,0.0209286796657242,"Sylvia conspicillata"
"Sylvia hortensis",21.9,23.2,3,2,1039800.12,3,37.79,0.56,4.99737220245203,"Europe",149312.520386173,0.843064994199807,0.968720645826219,0.030418959750064,0.000860394423716657,0.842609748756414,0.957588698523792,0.0231938382258111,0.0192174632503968,"Sylvia hortensis"
"Sylvia melanocephala",11.7,18,2,2,1781820.85,2,37.82,8.8,5.11091212143327,"Europe",60255.2319565479,0.922234233971508,0.972029099290378,0,0.0279709007096216,0.883150381346701,0.990360018043497,0.00307453175082336,0.00653383618136486,"Sylvia melanocephala"
"Sylvia undata",10.8,14.1,3,2,826720.86,1,40.86,-1.12,4.84665551255586,"Europe",40705.4832593125,0.93433712694278,0.952579987899195,0.000584136390341418,0.0468358757104637,0.949879027797167,0.997524784477278,1.37826167474962e-05,0.00241760127378413,"Sylvia undata"
"Troglodytes troglodytes",9.74,15.7,3,1,15761767.29,3,46.78,62.81,6.7453144630085,"Europe",40208.4812886087,0.980021554517886,0.999285535959235,0.000448636071176511,0.000265827969588847,0.969454709555964,0.9994491349227,0.000472172136580444,7.86929407194314e-05,"Troglodytes troglodytes"
"Turdus iliacus",61.2,32.3,2,1,11966382.53,3,61.67,73.85,5.96962501523322,"Europe",155439.615453931,0.893105460772967,0.9658577085935,0.0341422914064997,0,0.946207350753435,0.987352379529219,0.0112515090267968,0.00139611144398463,"Turdus iliacus"
"Turdus philomelos",67.74,30.7,2,1,13727296.63,3,55.86,48.89,6.42822125004602,"Europe",49903.3107516814,0.966181906137799,0.993320627991569,0,0.00667937200843153,0.962863575691494,0.998320283705066,0.000334627248438109,0.00134508904649568,"Turdus philomelos"
"Turdus torquatus",109,31.6,2,2,1567292.49,3,52.28,23.79,5.9461961147411,"Europe",50370.6084211492,0.940804852003771,0.988915879700373,0.0108084018608516,0.000275718438775438,0.949569723900674,0.992306513480552,0.00769348651944819,0,"Turdus torquatus"
"Turdus viscivorus",117.37,35.1,2,2,13574080.75,1,51.99,46.29,6.3382379778554,"Europe",56064.5964054307,0.955243247053922,0.997679080946527,0.00232091905347254,0,0.853750209436948,0.99510288379005,0.000138041922674923,0.00469023372921149,"Turdus viscivorus"
"Dendrocopos major",74.94,29.3,2,1,24413724.29,1,51.97,75.61,6.67380367741716,"Europe",26835.1761567907,0.973870764602892,0.996679161239921,0,0.00332083876007937,0.955102052230904,0.998747374192034,0.000317731444197601,0.000934894363768439,"Dendrocopos major"
"Otus scops",92,34.7,3,2,8778464.51,3,46.4,47.41,6.04863393496375,"Europe",152543.569637132,0.902940891028736,0.998239763573798,0.0013522003440405,0.000408036082161941,0.845652320284236,0.993113381966746,0.00367964199163254,0.00308785290509657,"Otus scops"
"Strix aluco",472.46,29.3,3,1,9594068.11,1,49.39,30.9,6.12708580924046,"Europe",13163.6313657686,0.976917468286614,0.995413248431061,0.00458675156893845,0,0.963551541756657,0.998514834470951,0.00146305582766206,2.21097013869141e-05,"Strix aluco"
